JE11,JE11,Common_Epitopes
model.000.00.pdb,model.000.00.pdb,169L,2Q,3Q,57P,178D,111D,110D,1P,55F,20L,177A,231Y,17N,171T,168Y,179A,170G,227D,19R,99K,226D,21K,15I,225N,56L,229E,16S,18A,228T,108K,230V
model.000.00.pdb,model.000.01.pdb,3Q,2Q,225N,227D,229E,228T,226D,1P,230V,231Y
model.000.00.pdb,model.000.02.pdb,169L,2Q,3Q,57P,178D,111D,110D,1P,55F,177A,231Y,17N,171T,179A,170G,227D,19R,99K,226D,21K,225N,56L,229E,18A,228T,108K
model.000.00.pdb,model.000.03.pdb,21K
model.000.00.pdb,model.000.04.pdb,169L,2Q,3Q,57P,178D,111D,110D,1P,55F,20L,231Y,17N,168Y,179A,170G,227D,19R,226D,21K,15I,225N,56L,229E,16S,18A,228T,230V
model.000.00.pdb,model.000.05.pdb,No common_epitopes
model.000.00.pdb,model.000.06.pdb,169L,2Q,3Q,178D,111D,110D,1P,177A,231Y,171T,179A,170G,227D,19R,99K,226D,225N,229E,228T,108K,230V
model.000.00.pdb,model.000.07.pdb,169L,2Q,3Q,57P,178D,111D,110D,1P,55F,231Y,17N,227D,19R,99K,226D,21K,15I,225N,56L,229E,18A,228T,230V
model.000.00.pdb,model.000.08.pdb,17N,15I,20L,19R,16S,18A,21K
model.000.00.pdb,model.000.09.pdb,3Q,225N,227D,228T,226D,230V
model.000.00.pdb,model.000.10.pdb,No common_epitopes
model.000.00.pdb,model.000.11.pdb,No common_epitopes
model.000.00.pdb,model.000.12.pdb,No common_epitopes
model.000.00.pdb,model.000.13.pdb,No common_epitopes
model.000.00.pdb,model.000.14.pdb,No common_epitopes
model.000.00.pdb,model.000.15.pdb,No common_epitopes
model.000.00.pdb,model.000.16.pdb,171T,179A,170G,2Q,177A,178D,108K
model.000.00.pdb,model.000.17.pdb,169L,2Q,3Q,57P,178D,111D,110D,1P,55F,20L,177A,171T,179A,170G,227D,19R,99K,226D,225N,56L,229E,228T,108K
model.000.00.pdb,model.000.18.pdb,171T,3Q,2Q,225N,177A
model.000.00.pdb,model.000.19.pdb,21K
model.000.00.pdb,model.000.20.pdb,No common_epitopes
model.000.00.pdb,model.000.21.pdb,169L,2Q,3Q,57P,111D,110D,1P,55F,20L,231Y,17N,227D,19R,99K,226D,21K,15I,225N,56L,229E,16S,18A,228T,230V
model.000.00.pdb,model.000.22.pdb,15I,16S,21K
model.000.00.pdb,model.000.23.pdb,17N,15I,3Q,2Q,169L,227D,225N,229E,19R,228T,226D,1P,230V,231Y
model.000.00.pdb,model.000.24.pdb,169L,2Q,3Q,57P,178D,111D,110D,1P,55F,20L,231Y,17N,168Y,227D,19R,99K,226D,21K,15I,225N,56L,229E,16S,18A,228T,230V
model.000.01.pdb,model.000.00.pdb,3Q,2Q,225N,227D,229E,228T,226D,1P,230V,231Y
model.000.01.pdb,model.000.01.pdb,3Q,2Q,8N,1P,80L,224L,12K,13K,10E,231Y,82D,222Y,7I,83V,4L,227D,226D,225N,229E,221P,228T,223K,230V
model.000.01.pdb,model.000.02.pdb,4L,3Q,2Q,227D,225N,229E,228T,226D,1P,231Y
model.000.01.pdb,model.000.03.pdb,No common_epitopes
model.000.01.pdb,model.000.04.pdb,3Q,2Q,225N,227D,229E,228T,226D,1P,230V,231Y
model.000.01.pdb,model.000.05.pdb,4L,222Y,223K,221P
model.000.01.pdb,model.000.06.pdb,222Y,7I,3Q,2Q,4L,224L,227D,225N,229E,228T,223K,226D,1P,230V,231Y
model.000.01.pdb,model.000.07.pdb,3Q,2Q,225N,224L,227D,229E,228T,223K,226D,1P,12K,13K,230V,231Y
model.000.01.pdb,model.000.08.pdb,No common_epitopes
model.000.01.pdb,model.000.09.pdb,3Q,8N,80L,224L,12K,13K,10E,82D,222Y,7I,83V,4L,227D,226D,225N,221P,228T,223K,230V
model.000.01.pdb,model.000.10.pdb,4L,222Y,223K,221P
model.000.01.pdb,model.000.11.pdb,82D,83V,80L,8N,12K,13K,10E
model.000.01.pdb,model.000.12.pdb,8N,83V,80L,221P
model.000.01.pdb,model.000.13.pdb,4L,222Y,223K,221P
model.000.01.pdb,model.000.14.pdb,82D,83V,80L,12K,10E
model.000.01.pdb,model.000.15.pdb,82D,83V,80L,221P,8N,12K,13K,10E
model.000.01.pdb,model.000.16.pdb,222Y,4L,2Q,221P,223K
model.000.01.pdb,model.000.17.pdb,3Q,2Q,225N,227D,229E,228T,226D,1P
model.000.01.pdb,model.000.18.pdb,222Y,4L,3Q,2Q,224L,225N,221P,223K
model.000.01.pdb,model.000.19.pdb,No common_epitopes
model.000.01.pdb,model.000.20.pdb,222Y,83V,80L,221P,223K,8N
model.000.01.pdb,model.000.21.pdb,3Q,2Q,225N,227D,229E,228T,226D,1P,230V,231Y
model.000.01.pdb,model.000.22.pdb,82D,80L,12K,10E
model.000.01.pdb,model.000.23.pdb,222Y,7I,3Q,2Q,225N,224L,227D,229E,228T,223K,226D,8N,1P,13K,10E,230V,231Y
model.000.01.pdb,model.000.24.pdb,3Q,2Q,225N,227D,229E,228T,226D,1P,230V,231Y
model.000.02.pdb,model.000.00.pdb,169L,2Q,3Q,57P,178D,111D,110D,1P,55F,177A,231Y,17N,171T,179A,170G,227D,19R,99K,226D,21K,225N,56L,229E,18A,228T,108K
model.000.02.pdb,model.000.01.pdb,4L,3Q,2Q,227D,225N,229E,228T,226D,1P,231Y
model.000.02.pdb,model.000.02.pdb,106A,60Y,176S,107K,169L,2Q,3Q,57P,178D,111D,110D,1P,55F,113L,177A,112G,231Y,180V,17N,171T,101S,179A,170G,4L,109H,227D,99K,105E,19R,226D,21K,225N,96N,56L,58N,229E,228T,18A,54G,108K,100Y
model.000.02.pdb,model.000.03.pdb,21K
model.000.02.pdb,model.000.04.pdb,169L,2Q,3Q,57P,178D,111D,110D,1P,55F,231Y,17N,180V,179A,170G,227D,19R,226D,21K,225N,56L,58N,229E,18A,228T,54G
model.000.02.pdb,model.000.05.pdb,4L
model.000.02.pdb,model.000.06.pdb,107K,176S,3Q,2Q,169L,178D,111D,110D,1P,113L,177A,112G,231Y,180V,171T,179A,4L,170G,109H,227D,99K,105E,19R,226D,225N,229E,228T,108K
model.000.02.pdb,model.000.07.pdb,60Y,169L,2Q,3Q,57P,178D,111D,110D,1P,55F,231Y,180V,17N,109H,227D,99K,19R,226D,21K,225N,56L,58N,229E,18A,228T,54G
model.000.02.pdb,model.000.08.pdb,17N,58N,19R,18A,54G,21K
model.000.02.pdb,model.000.09.pdb,4L,3Q,225N,227D,228T,226D
model.000.02.pdb,model.000.10.pdb,4L
model.000.02.pdb,model.000.11.pdb,No common_epitopes
model.000.02.pdb,model.000.12.pdb,No common_epitopes
model.000.02.pdb,model.000.13.pdb,4L
model.000.02.pdb,model.000.14.pdb,No common_epitopes
model.000.02.pdb,model.000.15.pdb,No common_epitopes
model.000.02.pdb,model.000.16.pdb,171T,107K,176S,179A,170G,2Q,4L,177A,178D,105E,108K
model.000.02.pdb,model.000.17.pdb,106A,60Y,176S,107K,169L,2Q,3Q,57P,178D,111D,110D,1P,55F,113L,177A,112G,180V,171T,101S,179A,170G,109H,227D,99K,105E,19R,226D,225N,96N,56L,58N,229E,228T,108K,100Y
model.000.02.pdb,model.000.18.pdb,171T,176S,3Q,2Q,4L,177A,225N
model.000.02.pdb,model.000.19.pdb,54G,21K
model.000.02.pdb,model.000.20.pdb,No common_epitopes
model.000.02.pdb,model.000.21.pdb,169L,2Q,3Q,57P,111D,110D,1P,55F,231Y,180V,17N,101S,109H,227D,99K,19R,226D,21K,225N,96N,56L,58N,229E,18A,228T,54G,100Y
model.000.02.pdb,model.000.22.pdb,21K
model.000.02.pdb,model.000.23.pdb,17N,3Q,2Q,169L,227D,225N,229E,19R,228T,226D,1P,231Y
model.000.02.pdb,model.000.24.pdb,60Y,169L,2Q,3Q,57P,178D,111D,110D,1P,55F,112G,231Y,17N,180V,109H,227D,19R,99K,226D,21K,225N,96N,56L,229E,58N,18A,228T,54G,100Y
model.000.03.pdb,model.000.00.pdb,21K
model.000.03.pdb,model.000.01.pdb,No common_epitopes
model.000.03.pdb,model.000.02.pdb,21K
model.000.03.pdb,model.000.03.pdb,129Y,126K,188I,187P,26H,162K,155L,130F,233S,123L,232Y,154Y,184F,25I,163L,132K,164D,190I,30S,161S,28N,23L,160P,135N,124D,156D,22P,128V,165Y,125H,153F,189N,24D,29E,21K,131Q,27Y,127N,152V,159L,186T,157N,158L
model.000.03.pdb,model.000.04.pdb,24D,22P,21K
model.000.03.pdb,model.000.05.pdb,No common_epitopes
model.000.03.pdb,model.000.06.pdb,No common_epitopes
model.000.03.pdb,model.000.07.pdb,21K
model.000.03.pdb,model.000.08.pdb,26H,162K,233S,232Y,25I,163L,184F,164D,161S,28N,23L,160P,22P,156D,165Y,24D,29E,21K,27Y,159L
model.000.03.pdb,model.000.09.pdb,No common_epitopes
model.000.03.pdb,model.000.10.pdb,No common_epitopes
model.000.03.pdb,model.000.11.pdb,190I,188I,187P,162K,125H,186T,189N,161S,123L,184F,124D
model.000.03.pdb,model.000.12.pdb,No common_epitopes
model.000.03.pdb,model.000.13.pdb,No common_epitopes
model.000.03.pdb,model.000.14.pdb,190I,126K,128V,188I,187P,125H,186T,189N,161S,123L,184F,124D
model.000.03.pdb,model.000.15.pdb,190I,187P,189N,123L,124D
model.000.03.pdb,model.000.16.pdb,No common_epitopes
model.000.03.pdb,model.000.17.pdb,No common_epitopes
model.000.03.pdb,model.000.18.pdb,No common_epitopes
model.000.03.pdb,model.000.19.pdb,129Y,126K,188I,187P,26H,162K,155L,130F,233S,232Y,123L,154Y,184F,25I,163L,164D,161S,28N,23L,160P,124D,22P,128V,156D,165Y,125H,153F,189N,24D,21K,27Y,127N,159L,186T,157N,158L
model.000.03.pdb,model.000.20.pdb,No common_epitopes
model.000.03.pdb,model.000.21.pdb,232Y,21K
model.000.03.pdb,model.000.22.pdb,129Y,126K,188I,187P,162K,130F,233S,123L,232Y,163L,164D,190I,161S,160P,124D,156D,22P,128V,165Y,125H,189N,21K,131Q,127N,159L,186T,157N,158L
model.000.03.pdb,model.000.23.pdb,No common_epitopes
model.000.03.pdb,model.000.24.pdb,21K
model.000.04.pdb,model.000.00.pdb,169L,2Q,3Q,57P,178D,111D,110D,1P,55F,20L,231Y,17N,168Y,179A,170G,227D,19R,226D,21K,15I,225N,56L,229E,16S,18A,228T,230V
model.000.04.pdb,model.000.01.pdb,3Q,2Q,225N,227D,229E,228T,226D,1P,230V,231Y
model.000.04.pdb,model.000.02.pdb,169L,2Q,3Q,57P,178D,111D,110D,1P,55F,231Y,17N,180V,179A,170G,227D,19R,226D,21K,225N,56L,58N,229E,18A,228T,54G
model.000.04.pdb,model.000.03.pdb,24D,22P,21K
model.000.04.pdb,model.000.04.pdb,169L,2Q,3Q,57P,178D,59E,111D,110D,1P,55F,20L,53G,231Y,17N,180V,22P,168Y,179A,170G,227D,167T,19R,226D,24D,21K,15I,181W,225N,56L,58N,229E,52S,16S,18A,228T,54G,98K,230V
model.000.04.pdb,model.000.05.pdb,No common_epitopes
model.000.04.pdb,model.000.06.pdb,180V,179A,3Q,2Q,169L,170G,178D,227D,111D,19R,110D,225N,229E,228T,226D,1P,230V,231Y
model.000.04.pdb,model.000.07.pdb,169L,2Q,3Q,57P,178D,111D,110D,1P,55F,53G,231Y,180V,17N,227D,19R,226D,21K,15I,225N,56L,58N,229E,18A,228T,54G,98K,230V
model.000.04.pdb,model.000.08.pdb,17N,15I,22P,20L,53G,58N,59E,52S,19R,16S,54G,18A,24D,21K
model.000.04.pdb,model.000.09.pdb,3Q,225N,227D,228T,226D,230V
model.000.04.pdb,model.000.10.pdb,No common_epitopes
model.000.04.pdb,model.000.11.pdb,No common_epitopes
model.000.04.pdb,model.000.12.pdb,No common_epitopes
model.000.04.pdb,model.000.13.pdb,No common_epitopes
model.000.04.pdb,model.000.14.pdb,No common_epitopes
model.000.04.pdb,model.000.15.pdb,No common_epitopes
model.000.04.pdb,model.000.16.pdb,179A,170G,2Q,178D
model.000.04.pdb,model.000.17.pdb,169L,2Q,3Q,57P,178D,59E,111D,110D,1P,55F,20L,180V,179A,170G,227D,19R,226D,225N,56L,58N,229E,228T,98K
model.000.04.pdb,model.000.18.pdb,3Q,2Q,225N
model.000.04.pdb,model.000.19.pdb,22P,52S,54G,24D,21K
model.000.04.pdb,model.000.20.pdb,No common_epitopes
model.000.04.pdb,model.000.21.pdb,169L,2Q,3Q,57P,111D,110D,1P,55F,20L,231Y,180V,17N,227D,19R,226D,21K,15I,225N,56L,58N,229E,16S,18A,228T,54G,98K,230V
model.000.04.pdb,model.000.22.pdb,15I,16S,22P,21K
model.000.04.pdb,model.000.23.pdb,17N,15I,3Q,2Q,169L,227D,225N,229E,19R,228T,226D,1P,230V,231Y
model.000.04.pdb,model.000.24.pdb,169L,2Q,3Q,57P,178D,111D,110D,1P,55F,20L,231Y,17N,180V,168Y,227D,167T,19R,226D,21K,15I,181W,225N,56L,229E,58N,16S,18A,228T,54G,230V
model.000.05.pdb,model.000.00.pdb,No common_epitopes
model.000.05.pdb,model.000.01.pdb,4L,222Y,223K,221P
model.000.05.pdb,model.000.02.pdb,4L
model.000.05.pdb,model.000.03.pdb,No common_epitopes
model.000.05.pdb,model.000.04.pdb,No common_epitopes
model.000.05.pdb,model.000.05.pdb,217N,205S,207H,39G,210K,215T,5S,6P,212H,204L,209G,222Y,218Y,75Y,4L,208E,203S,213Y,71K,72E,211P,40K,206N,78N,175H,219R,220N,221P,216E,223K
model.000.05.pdb,model.000.06.pdb,222Y,4L,175H,219R,5S,223K
model.000.05.pdb,model.000.07.pdb,223K
model.000.05.pdb,model.000.08.pdb,No common_epitopes
model.000.05.pdb,model.000.09.pdb,222Y,218Y,75Y,4L,219R,220N,221P,223K
model.000.05.pdb,model.000.10.pdb,217N,205S,207H,39G,210K,215T,6P,212H,204L,209G,222Y,218Y,4L,208E,203S,213Y,72E,71K,211P,40K,206N,175H,219R,220N,221P,216E,223K
model.000.05.pdb,model.000.11.pdb,75Y
model.000.05.pdb,model.000.12.pdb,217N,215T,218Y,75Y,72E,206N,219R,210K,220N,221P,212H,216E,213Y,71K,209G,211P,40K
model.000.05.pdb,model.000.13.pdb,205S,207H,210K,215T,5S,212H,204L,209G,222Y,218Y,75Y,4L,208E,203S,213Y,72E,71K,211P,40K,206N,219R,220N,221P,216E,223K
model.000.05.pdb,model.000.14.pdb,75Y,72E
model.000.05.pdb,model.000.15.pdb,78N,218Y,75Y,72E,219R,220N,221P,71K
model.000.05.pdb,model.000.16.pdb,217N,205S,207H,39G,5S,6P,204L,209G,222Y,218Y,4L,208E,71K,206N,40K,78N,175H,219R,220N,221P,216E,223K
model.000.05.pdb,model.000.17.pdb,175H
model.000.05.pdb,model.000.18.pdb,217N,205S,207H,210K,215T,5S,212H,209G,222Y,218Y,75Y,4L,208E,203S,213Y,72E,71K,206N,40K,78N,175H,219R,220N,221P,216E,223K
model.000.05.pdb,model.000.19.pdb,No common_epitopes
model.000.05.pdb,model.000.20.pdb,210K,215T,6P,212H,209G,222Y,218Y,75Y,208E,203S,213Y,72E,71K,211P,206N,40K,219R,220N,221P,216E,223K
model.000.05.pdb,model.000.21.pdb,No common_epitopes
model.000.05.pdb,model.000.22.pdb,No common_epitopes
model.000.05.pdb,model.000.23.pdb,222Y,223K
model.000.05.pdb,model.000.24.pdb,No common_epitopes
model.000.06.pdb,model.000.00.pdb,169L,2Q,3Q,178D,111D,110D,1P,177A,231Y,171T,179A,170G,227D,19R,99K,226D,225N,229E,228T,108K,230V
model.000.06.pdb,model.000.01.pdb,222Y,7I,3Q,2Q,4L,224L,227D,225N,229E,228T,223K,226D,1P,230V,231Y
model.000.06.pdb,model.000.02.pdb,107K,176S,3Q,2Q,169L,178D,111D,110D,1P,113L,177A,112G,231Y,180V,171T,179A,4L,170G,109H,227D,99K,105E,19R,226D,225N,229E,228T,108K
model.000.06.pdb,model.000.03.pdb,No common_epitopes
model.000.06.pdb,model.000.04.pdb,180V,179A,169L,2Q,3Q,170G,178D,227D,111D,19R,110D,225N,229E,228T,226D,1P,230V,231Y
model.000.06.pdb,model.000.05.pdb,222Y,4L,175H,219R,5S,223K
model.000.06.pdb,model.000.06.pdb,107K,176S,174N,3Q,2Q,169L,178D,111D,110D,1P,172T,113L,177A,224L,5S,112G,231Y,180V,222Y,171T,7I,179A,4L,170G,109H,227D,99K,105E,19R,226D,175H,225N,219R,229E,228T,223K,108K,230V
model.000.06.pdb,model.000.07.pdb,169L,2Q,3Q,178D,111D,110D,1P,224L,231Y,180V,109H,227D,99K,19R,226D,225N,229E,228T,223K,230V
model.000.06.pdb,model.000.08.pdb,19R
model.000.06.pdb,model.000.09.pdb,222Y,7I,4L,3Q,225N,224L,227D,219R,228T,223K,226D,230V
model.000.06.pdb,model.000.10.pdb,222Y,174N,4L,175H,219R,223K
model.000.06.pdb,model.000.11.pdb,No common_epitopes
model.000.06.pdb,model.000.12.pdb,219R
model.000.06.pdb,model.000.13.pdb,222Y,4L,219R,5S,223K
model.000.06.pdb,model.000.14.pdb,No common_epitopes
model.000.06.pdb,model.000.15.pdb,219R
model.000.06.pdb,model.000.16.pdb,172T,222Y,171T,107K,176S,174N,179A,2Q,4L,177A,178D,5S,170G,175H,105E,219R,223K,108K
model.000.06.pdb,model.000.17.pdb,107K,176S,3Q,2Q,169L,178D,111D,110D,1P,172T,113L,177A,112G,180V,171T,179A,170G,109H,227D,99K,105E,19R,226D,175H,225N,229E,228T,108K
model.000.06.pdb,model.000.18.pdb,222Y,171T,176S,174N,3Q,2Q,4L,177A,224L,5S,175H,225N,219R,223K
model.000.06.pdb,model.000.19.pdb,No common_epitopes
model.000.06.pdb,model.000.20.pdb,222Y,219R,223K
model.000.06.pdb,model.000.21.pdb,180V,169L,2Q,3Q,109H,227D,225N,111D,99K,110D,19R,229E,228T,226D,1P,230V,231Y
model.000.06.pdb,model.000.22.pdb,No common_epitopes
model.000.06.pdb,model.000.23.pdb,222Y,7I,3Q,2Q,169L,224L,227D,225N,229E,19R,228T,223K,226D,1P,230V,231Y
model.000.06.pdb,model.000.24.pdb,169L,2Q,3Q,178D,111D,110D,1P,112G,231Y,180V,109H,227D,19R,99K,226D,225N,229E,228T,230V
model.000.07.pdb,model.000.00.pdb,169L,2Q,3Q,57P,178D,111D,110D,1P,55F,231Y,17N,227D,19R,99K,226D,21K,15I,225N,56L,229E,18A,228T,230V
model.000.07.pdb,model.000.01.pdb,3Q,2Q,225N,224L,227D,229E,228T,223K,226D,1P,12K,13K,230V,231Y
model.000.07.pdb,model.000.02.pdb,60Y,169L,2Q,3Q,57P,178D,111D,110D,1P,55F,231Y,180V,17N,109H,227D,99K,19R,226D,21K,225N,56L,58N,229E,18A,228T,54G
model.000.07.pdb,model.000.03.pdb,21K
model.000.07.pdb,model.000.04.pdb,169L,2Q,3Q,57P,178D,111D,110D,1P,55F,53G,231Y,180V,17N,227D,19R,226D,21K,15I,225N,56L,58N,229E,18A,228T,54G,98K,230V
model.000.07.pdb,model.000.05.pdb,223K
model.000.07.pdb,model.000.06.pdb,169L,2Q,3Q,178D,111D,110D,1P,224L,231Y,180V,109H,227D,99K,19R,226D,225N,229E,228T,223K,230V
model.000.07.pdb,model.000.07.pdb,11T,60Y,3Q,2Q,169L,57P,178D,111D,110D,14A,1P,55F,53G,224L,12K,13K,231Y,180V,17N,109H,227D,99K,19R,226D,21K,15I,225N,56L,58N,229E,18A,228T,223K,54G,98K,230V
model.000.07.pdb,model.000.08.pdb,17N,15I,11T,53G,58N,19R,18A,14A,54G,21K
model.000.07.pdb,model.000.09.pdb,3Q,225N,224L,227D,228T,14A,226D,223K,12K,13K,230V
model.000.07.pdb,model.000.10.pdb,223K
model.000.07.pdb,model.000.11.pdb,11T,12K,13K
model.000.07.pdb,model.000.12.pdb,No common_epitopes
model.000.07.pdb,model.000.13.pdb,223K
model.000.07.pdb,model.000.14.pdb,11T,12K
model.000.07.pdb,model.000.15.pdb,11T,12K,13K
model.000.07.pdb,model.000.16.pdb,223K,2Q,178D
model.000.07.pdb,model.000.17.pdb,60Y,169L,2Q,3Q,57P,178D,111D,110D,1P,55F,180V,109H,227D,99K,19R,226D,225N,56L,58N,229E,228T,98K
model.000.07.pdb,model.000.18.pdb,3Q,2Q,225N,224L,223K
model.000.07.pdb,model.000.19.pdb,54G,21K
model.000.07.pdb,model.000.20.pdb,223K
model.000.07.pdb,model.000.21.pdb,169L,2Q,3Q,57P,111D,110D,1P,55F,231Y,180V,17N,109H,227D,99K,19R,226D,21K,15I,225N,56L,58N,229E,18A,228T,54G,98K,230V
model.000.07.pdb,model.000.22.pdb,15I,11T,12K,21K
model.000.07.pdb,model.000.23.pdb,17N,15I,3Q,2Q,169L,224L,227D,225N,229E,19R,228T,14A,226D,223K,1P,13K,230V,231Y
model.000.07.pdb,model.000.24.pdb,60Y,169L,2Q,3Q,57P,178D,111D,110D,1P,55F,231Y,180V,17N,109H,227D,99K,19R,226D,21K,15I,225N,56L,58N,229E,18A,228T,54G,230V
model.000.08.pdb,model.000.00.pdb,17N,15I,20L,19R,16S,18A,21K
model.000.08.pdb,model.000.01.pdb,No common_epitopes
model.000.08.pdb,model.000.02.pdb,17N,58N,19R,18A,54G,21K
model.000.08.pdb,model.000.03.pdb,26H,162K,233S,232Y,25I,163L,184F,164D,161S,28N,23L,160P,22P,156D,165Y,24D,29E,21K,27Y,159L
model.000.08.pdb,model.000.04.pdb,17N,15I,22P,20L,53G,58N,59E,52S,19R,16S,54G,18A,24D,21K
model.000.08.pdb,model.000.05.pdb,No common_epitopes
model.000.08.pdb,model.000.06.pdb,19R
model.000.08.pdb,model.000.07.pdb,17N,15I,11T,53G,58N,19R,18A,14A,54G,21K
model.000.08.pdb,model.000.08.pdb,11T,26H,162K,59E,233S,50Y,14A,232Y,25I,163L,184F,164D,20L,53G,51I,161S,28N,23L,160P,17N,116I,22P,156D,165Y,19R,182I,24D,29E,21K,15I,27Y,159L,58N,52S,16S,18A,54G
model.000.08.pdb,model.000.09.pdb,14A
model.000.08.pdb,model.000.10.pdb,No common_epitopes
model.000.08.pdb,model.000.11.pdb,162K,11T,184F,161S
model.000.08.pdb,model.000.12.pdb,No common_epitopes
model.000.08.pdb,model.000.13.pdb,No common_epitopes
model.000.08.pdb,model.000.14.pdb,11T,184F,161S
model.000.08.pdb,model.000.15.pdb,11T
model.000.08.pdb,model.000.16.pdb,No common_epitopes
model.000.08.pdb,model.000.17.pdb,19R,20L,58N,59E
model.000.08.pdb,model.000.18.pdb,No common_epitopes
model.000.08.pdb,model.000.19.pdb,26H,162K,233S,50Y,232Y,25I,163L,184F,164D,161S,28N,23L,160P,22P,156D,165Y,24D,21K,27Y,159L,52S,54G
model.000.08.pdb,model.000.20.pdb,No common_epitopes
model.000.08.pdb,model.000.21.pdb,17N,15I,20L,58N,19R,16S,18A,54G,232Y,21K
model.000.08.pdb,model.000.22.pdb,164D,15I,11T,22P,156D,165Y,162K,159L,233S,16S,161S,232Y,160P,163L,21K
model.000.08.pdb,model.000.23.pdb,17N,19R,15I,14A
model.000.08.pdb,model.000.24.pdb,17N,15I,20L,58N,19R,16S,18A,54G,21K
model.000.09.pdb,model.000.00.pdb,3Q,225N,227D,228T,226D,230V
model.000.09.pdb,model.000.01.pdb,3Q,8N,80L,224L,12K,13K,10E,82D,222Y,7I,83V,4L,227D,226D,225N,221P,228T,223K,230V
model.000.09.pdb,model.000.02.pdb,4L,3Q,225N,227D,228T,226D
model.000.09.pdb,model.000.03.pdb,No common_epitopes
model.000.09.pdb,model.000.04.pdb,3Q,225N,227D,228T,226D,230V
model.000.09.pdb,model.000.05.pdb,222Y,218Y,75Y,4L,219R,220N,221P,223K
model.000.09.pdb,model.000.06.pdb,222Y,7I,4L,3Q,225N,224L,227D,219R,228T,223K,226D,230V
model.000.09.pdb,model.000.07.pdb,3Q,225N,224L,227D,228T,14A,226D,223K,12K,13K,230V
model.000.09.pdb,model.000.08.pdb,14A
model.000.09.pdb,model.000.09.pdb,9I,3Q,14A,8N,80L,224L,85K,12K,13K,10E,82D,222Y,7I,75Y,218Y,83V,4L,227D,84Y,226D,225N,219R,220N,221P,228T,81I,223K,230V
model.000.09.pdb,model.000.10.pdb,222Y,218Y,4L,219R,220N,221P,223K,85K
model.000.09.pdb,model.000.11.pdb,82D,75Y,83V,80L,84Y,81I,85K,8N,12K,13K,10E
model.000.09.pdb,model.000.12.pdb,218Y,75Y,83V,80L,219R,220N,84Y,221P,85K,8N
model.000.09.pdb,model.000.13.pdb,222Y,218Y,75Y,4L,219R,220N,221P,223K,85K
model.000.09.pdb,model.000.14.pdb,82D,75Y,83V,80L,84Y,81I,85K,12K,10E
model.000.09.pdb,model.000.15.pdb,82D,218Y,75Y,83V,80L,219R,220N,84Y,221P,81I,85K,8N,12K,13K,10E
model.000.09.pdb,model.000.16.pdb,222Y,218Y,4L,219R,220N,221P,223K
model.000.09.pdb,model.000.17.pdb,3Q,225N,227D,228T,226D
model.000.09.pdb,model.000.18.pdb,222Y,218Y,75Y,3Q,4L,225N,224L,219R,220N,221P,223K,85K
model.000.09.pdb,model.000.19.pdb,No common_epitopes
model.000.09.pdb,model.000.20.pdb,222Y,218Y,75Y,83V,80L,219R,220N,84Y,221P,223K,85K,8N
model.000.09.pdb,model.000.21.pdb,3Q,225N,227D,228T,226D,230V
model.000.09.pdb,model.000.22.pdb,82D,9I,80L,84Y,81I,85K,12K,10E
model.000.09.pdb,model.000.23.pdb,9I,222Y,7I,3Q,225N,224L,227D,228T,14A,226D,8N,223K,13K,10E,230V
model.000.09.pdb,model.000.24.pdb,3Q,225N,227D,228T,226D,230V
model.000.10.pdb,model.000.00.pdb,No common_epitopes
model.000.10.pdb,model.000.01.pdb,4L,222Y,223K,221P
model.000.10.pdb,model.000.02.pdb,4L
model.000.10.pdb,model.000.03.pdb,No common_epitopes
model.000.10.pdb,model.000.04.pdb,No common_epitopes
model.000.10.pdb,model.000.05.pdb,217N,205S,207H,39G,210K,215T,6P,212H,204L,209G,222Y,218Y,4L,208E,203S,213Y,72E,71K,211P,40K,206N,175H,219R,220N,221P,216E,223K
model.000.10.pdb,model.000.06.pdb,222Y,174N,4L,175H,219R,223K
model.000.10.pdb,model.000.07.pdb,223K
model.000.10.pdb,model.000.08.pdb,No common_epitopes
model.000.10.pdb,model.000.09.pdb,222Y,218Y,4L,219R,220N,221P,223K,85K
model.000.10.pdb,model.000.10.pdb,217N,205S,207H,174N,39G,210K,41L,215T,6P,76G,212H,204L,85K,209G,69W,222Y,218Y,4L,208E,202L,203S,213Y,71K,72E,211P,40K,206N,214I,70G,175H,173I,219R,220N,221P,216E,223K
model.000.10.pdb,model.000.11.pdb,85K
model.000.10.pdb,model.000.12.pdb,217N,210K,215T,212H,85K,209G,69W,218Y,213Y,72E,71K,211P,206N,40K,214I,70G,219R,220N,221P,216E
model.000.10.pdb,model.000.13.pdb,205S,207H,210K,215T,76G,212H,204L,85K,209G,222Y,218Y,4L,208E,203S,213Y,72E,71K,211P,40K,206N,214I,70G,219R,220N,221P,216E,223K
model.000.10.pdb,model.000.14.pdb,72E,76G,85K
model.000.10.pdb,model.000.15.pdb,71K,218Y,219R,220N,221P,85K,72E
model.000.10.pdb,model.000.16.pdb,217N,205S,207H,174N,39G,41L,6P,204L,209G,222Y,218Y,4L,208E,71K,206N,40K,175H,173I,219R,220N,221P,216E,223K
model.000.10.pdb,model.000.17.pdb,175H
model.000.10.pdb,model.000.18.pdb,217N,205S,207H,174N,210K,41L,215T,212H,85K,209G,222Y,218Y,4L,208E,203S,213Y,72E,71K,40K,206N,70G,175H,173I,219R,220N,221P,216E,223K
model.000.10.pdb,model.000.19.pdb,No common_epitopes
model.000.10.pdb,model.000.20.pdb,210K,215T,6P,76G,212H,85K,209G,222Y,218Y,208E,203S,213Y,72E,71K,211P,206N,40K,214I,70G,219R,220N,221P,216E,223K
model.000.10.pdb,model.000.21.pdb,No common_epitopes
model.000.10.pdb,model.000.22.pdb,85K
model.000.10.pdb,model.000.23.pdb,222Y,223K
model.000.10.pdb,model.000.24.pdb,No common_epitopes
model.000.11.pdb,model.000.00.pdb,No common_epitopes
model.000.11.pdb,model.000.01.pdb,82D,83V,80L,8N,12K,13K,10E
model.000.11.pdb,model.000.02.pdb,No common_epitopes
model.000.11.pdb,model.000.03.pdb,190I,188I,187P,162K,125H,186T,189N,161S,123L,184F,124D
model.000.11.pdb,model.000.04.pdb,No common_epitopes
model.000.11.pdb,model.000.05.pdb,75Y
model.000.11.pdb,model.000.06.pdb,No common_epitopes
model.000.11.pdb,model.000.07.pdb,11T,12K,13K
model.000.11.pdb,model.000.08.pdb,162K,11T,184F,161S
model.000.11.pdb,model.000.09.pdb,82D,75Y,83V,80L,84Y,81I,85K,8N,12K,13K,10E
model.000.11.pdb,model.000.10.pdb,85K
model.000.11.pdb,model.000.11.pdb,11T,74D,188I,166F,187P,162K,8N,123L,184F,190I,80L,185P,161S,85K,12K,119F,10E,13K,124D,82D,121Q,75Y,83V,125H,84Y,189N,186T,81I,86Y
model.000.11.pdb,model.000.12.pdb,74D,121Q,75Y,83V,80L,84Y,85K,8N
model.000.11.pdb,model.000.13.pdb,75Y,85K
model.000.11.pdb,model.000.14.pdb,11T,74D,188I,187P,123L,184F,190I,80L,185P,161S,85K,12K,119F,10E,124D,82D,121Q,75Y,83V,125H,84Y,189N,186T,81I,86Y
model.000.11.pdb,model.000.15.pdb,11T,74D,187P,8N,123L,190I,80L,185P,85K,12K,13K,10E,124D,82D,121Q,75Y,83V,84Y,189N,81I,86Y
model.000.11.pdb,model.000.16.pdb,No common_epitopes
model.000.11.pdb,model.000.17.pdb,No common_epitopes
model.000.11.pdb,model.000.18.pdb,75Y,74D,85K
model.000.11.pdb,model.000.19.pdb,188I,187P,162K,125H,186T,189N,161S,123L,184F,124D
model.000.11.pdb,model.000.20.pdb,74D,121Q,75Y,83V,80L,84Y,85K,8N
model.000.11.pdb,model.000.21.pdb,No common_epitopes
model.000.11.pdb,model.000.22.pdb,11T,188I,166F,187P,162K,123L,190I,80L,185P,161S,85K,12K,119F,10E,124D,82D,121Q,125H,84Y,189N,186T,81I,86Y
model.000.11.pdb,model.000.23.pdb,8N,13K,10E
model.000.11.pdb,model.000.24.pdb,No common_epitopes
model.000.12.pdb,model.000.00.pdb,No common_epitopes
model.000.12.pdb,model.000.01.pdb,8N,83V,80L,221P
model.000.12.pdb,model.000.02.pdb,No common_epitopes
model.000.12.pdb,model.000.03.pdb,No common_epitopes
model.000.12.pdb,model.000.04.pdb,No common_epitopes
model.000.12.pdb,model.000.05.pdb,217N,215T,218Y,75Y,72E,206N,219R,210K,220N,221P,212H,216E,213Y,71K,209G,211P,40K
model.000.12.pdb,model.000.06.pdb,219R
model.000.12.pdb,model.000.07.pdb,No common_epitopes
model.000.12.pdb,model.000.08.pdb,No common_epitopes
model.000.12.pdb,model.000.09.pdb,218Y,75Y,83V,80L,219R,220N,84Y,221P,85K,8N
model.000.12.pdb,model.000.10.pdb,217N,210K,215T,212H,85K,209G,69W,218Y,213Y,72E,71K,211P,206N,40K,214I,70G,219R,220N,221P,216E
model.000.12.pdb,model.000.11.pdb,74D,121Q,75Y,83V,80L,84Y,85K,8N
model.000.12.pdb,model.000.12.pdb,217N,74D,122V,200T,210K,8N,198F,215T,80L,201L,212H,85K,209G,69W,121Q,218Y,75Y,141R,83V,199R,192S,84Y,213Y,71K,72E,211P,40K,206N,214I,70G,73D,87S,219R,220N,221P,216E,196S
model.000.12.pdb,model.000.13.pdb,210K,215T,212H,85K,209G,218Y,75Y,213Y,72E,71K,211P,206N,40K,214I,70G,219R,220N,221P,216E
model.000.12.pdb,model.000.14.pdb,74D,121Q,73D,75Y,83V,80L,122V,192S,84Y,85K,72E
model.000.12.pdb,model.000.15.pdb,74D,122V,8N,80L,85K,121Q,218Y,75Y,83V,199R,192S,84Y,72E,71K,73D,87S,219R,220N,221P
model.000.12.pdb,model.000.16.pdb,217N,218Y,219R,220N,221P,216E,71K,209G,206N,40K
model.000.12.pdb,model.000.17.pdb,No common_epitopes
model.000.12.pdb,model.000.18.pdb,217N,74D,210K,215T,212H,85K,209G,218Y,75Y,213Y,72E,71K,206N,40K,70G,219R,220N,221P,216E
model.000.12.pdb,model.000.19.pdb,No common_epitopes
model.000.12.pdb,model.000.20.pdb,74D,200T,210K,8N,215T,80L,212H,85K,209G,121Q,218Y,75Y,83V,199R,192S,84Y,213Y,71K,72E,211P,206N,40K,214I,70G,73D,87S,219R,220N,221P,216E,196S
model.000.12.pdb,model.000.21.pdb,No common_epitopes
model.000.12.pdb,model.000.22.pdb,121Q,80L,122V,87S,84Y,85K
model.000.12.pdb,model.000.23.pdb,8N
model.000.12.pdb,model.000.24.pdb,No common_epitopes
model.000.13.pdb,model.000.00.pdb,No common_epitopes
model.000.13.pdb,model.000.01.pdb,4L,222Y,223K,221P
model.000.13.pdb,model.000.02.pdb,4L
model.000.13.pdb,model.000.03.pdb,No common_epitopes
model.000.13.pdb,model.000.04.pdb,No common_epitopes
model.000.13.pdb,model.000.05.pdb,205S,207H,210K,215T,5S,212H,204L,209G,222Y,218Y,75Y,4L,208E,203S,213Y,72E,71K,211P,40K,206N,219R,220N,221P,216E,223K
model.000.13.pdb,model.000.06.pdb,222Y,4L,219R,5S,223K
model.000.13.pdb,model.000.07.pdb,223K
model.000.13.pdb,model.000.08.pdb,No common_epitopes
model.000.13.pdb,model.000.09.pdb,222Y,218Y,75Y,4L,219R,220N,221P,223K,85K
model.000.13.pdb,model.000.10.pdb,205S,207H,210K,215T,76G,212H,204L,85K,209G,222Y,218Y,4L,208E,203S,213Y,72E,71K,211P,40K,206N,214I,70G,219R,220N,221P,216E,223K
model.000.13.pdb,model.000.11.pdb,75Y,85K
model.000.13.pdb,model.000.12.pdb,210K,215T,212H,85K,209G,218Y,75Y,213Y,72E,71K,211P,206N,40K,214I,70G,219R,220N,221P,216E
model.000.13.pdb,model.000.13.pdb,205S,207H,210K,215T,5S,76G,212H,204L,85K,209G,222Y,218Y,75Y,4L,208E,203S,213Y,72E,71K,211P,40K,206N,214I,70G,219R,220N,221P,216E,223K
model.000.13.pdb,model.000.14.pdb,75Y,72E,76G,85K
model.000.13.pdb,model.000.15.pdb,218Y,75Y,72E,219R,220N,221P,85K,71K
model.000.13.pdb,model.000.16.pdb,222Y,205S,207H,218Y,4L,208E,219R,5S,220N,221P,216E,204L,223K,71K,209G,206N,40K
model.000.13.pdb,model.000.17.pdb,No common_epitopes
model.000.13.pdb,model.000.18.pdb,205S,207H,210K,215T,5S,212H,85K,209G,222Y,218Y,75Y,4L,208E,203S,213Y,72E,71K,206N,40K,70G,219R,220N,221P,216E,223K
model.000.13.pdb,model.000.19.pdb,No common_epitopes
model.000.13.pdb,model.000.20.pdb,210K,215T,76G,212H,85K,209G,222Y,218Y,75Y,208E,203S,213Y,72E,71K,211P,206N,40K,214I,70G,219R,220N,221P,216E,223K
model.000.13.pdb,model.000.21.pdb,No common_epitopes
model.000.13.pdb,model.000.22.pdb,85K
model.000.13.pdb,model.000.23.pdb,222Y,223K
model.000.13.pdb,model.000.24.pdb,No common_epitopes
model.000.14.pdb,model.000.00.pdb,No common_epitopes
model.000.14.pdb,model.000.01.pdb,82D,83V,80L,12K,10E
model.000.14.pdb,model.000.02.pdb,No common_epitopes
model.000.14.pdb,model.000.03.pdb,190I,126K,128V,188I,187P,125H,186T,189N,161S,123L,184F,124D
model.000.14.pdb,model.000.04.pdb,No common_epitopes
model.000.14.pdb,model.000.05.pdb,75Y,72E
model.000.14.pdb,model.000.06.pdb,No common_epitopes
model.000.14.pdb,model.000.07.pdb,11T,12K
model.000.14.pdb,model.000.08.pdb,11T,184F,161S
model.000.14.pdb,model.000.09.pdb,82D,75Y,83V,80L,84Y,81I,85K,12K,10E
model.000.14.pdb,model.000.10.pdb,72E,76G,85K
model.000.14.pdb,model.000.11.pdb,11T,74D,188I,187P,123L,184F,190I,80L,185P,161S,85K,12K,119F,10E,124D,82D,121Q,75Y,83V,125H,84Y,189N,186T,81I,86Y
model.000.14.pdb,model.000.12.pdb,74D,121Q,73D,75Y,83V,80L,122V,192S,84Y,85K,72E
model.000.14.pdb,model.000.13.pdb,75Y,72E,76G,85K
model.000.14.pdb,model.000.14.pdb,11T,126K,74D,188I,187P,122V,123L,184F,190I,120L,80L,76G,185P,161S,85K,12K,119F,10E,124D,82D,128V,121Q,75Y,83V,192S,125H,191H,193D,84Y,189N,72E,73D,186T,81I,86Y
model.000.14.pdb,model.000.15.pdb,11T,74D,187P,122V,123L,120L,190I,80L,185P,85K,12K,10E,124D,82D,121Q,75Y,83V,192S,84Y,189N,72E,73D,81I,86Y
model.000.14.pdb,model.000.16.pdb,No common_epitopes
model.000.14.pdb,model.000.17.pdb,No common_epitopes
model.000.14.pdb,model.000.18.pdb,75Y,72E,74D,85K
model.000.14.pdb,model.000.19.pdb,126K,128V,188I,187P,125H,186T,189N,161S,123L,184F,124D
model.000.14.pdb,model.000.20.pdb,74D,121Q,73D,75Y,83V,80L,192S,76G,84Y,85K,72E
model.000.14.pdb,model.000.21.pdb,No common_epitopes
model.000.14.pdb,model.000.22.pdb,11T,126K,188I,187P,122V,123L,190I,120L,80L,185P,161S,85K,12K,119F,10E,124D,82D,128V,121Q,125H,84Y,189N,186T,81I,86Y
model.000.14.pdb,model.000.23.pdb,10E
model.000.14.pdb,model.000.24.pdb,No common_epitopes
model.000.15.pdb,model.000.00.pdb,No common_epitopes
model.000.15.pdb,model.000.01.pdb,82D,83V,80L,221P,8N,12K,13K,10E
model.000.15.pdb,model.000.02.pdb,No common_epitopes
model.000.15.pdb,model.000.03.pdb,190I,187P,189N,123L,124D
model.000.15.pdb,model.000.04.pdb,No common_epitopes
model.000.15.pdb,model.000.05.pdb,78N,218Y,75Y,72E,219R,220N,221P,71K
model.000.15.pdb,model.000.06.pdb,219R
model.000.15.pdb,model.000.07.pdb,11T,12K,13K
model.000.15.pdb,model.000.08.pdb,11T
model.000.15.pdb,model.000.09.pdb,82D,218Y,75Y,83V,80L,219R,220N,84Y,221P,81I,85K,8N,12K,13K,10E
model.000.15.pdb,model.000.10.pdb,71K,218Y,219R,220N,221P,85K,72E
model.000.15.pdb,model.000.11.pdb,11T,74D,187P,8N,123L,190I,80L,185P,85K,12K,13K,10E,124D,82D,121Q,75Y,83V,84Y,189N,81I,86Y
model.000.15.pdb,model.000.12.pdb,74D,122V,8N,80L,85K,121Q,218Y,75Y,83V,199R,192S,84Y,72E,71K,73D,87S,219R,220N,221P
model.000.15.pdb,model.000.13.pdb,218Y,75Y,72E,219R,220N,221P,85K,71K
model.000.15.pdb,model.000.14.pdb,11T,74D,187P,122V,123L,120L,190I,80L,185P,85K,12K,10E,124D,82D,121Q,75Y,83V,192S,84Y,189N,72E,73D,81I,86Y
model.000.15.pdb,model.000.15.pdb,11T,74D,187P,122V,8N,123L,120L,190I,80L,185P,85K,12K,13K,10E,124D,82D,121Q,218Y,75Y,83V,199R,192S,84Y,189N,71K,72E,78N,73D,87S,219R,220N,221P,81I,86Y
model.000.15.pdb,model.000.16.pdb,78N,218Y,219R,220N,221P,71K
model.000.15.pdb,model.000.17.pdb,No common_epitopes
model.000.15.pdb,model.000.18.pdb,78N,74D,218Y,75Y,72E,219R,220N,221P,85K,71K
model.000.15.pdb,model.000.19.pdb,123L,189N,124D,187P
model.000.15.pdb,model.000.20.pdb,74D,121Q,73D,218Y,75Y,72E,83V,80L,199R,192S,87S,219R,220N,84Y,221P,85K,8N,71K
model.000.15.pdb,model.000.21.pdb,No common_epitopes
model.000.15.pdb,model.000.22.pdb,11T,187P,122V,123L,120L,190I,80L,185P,85K,12K,10E,124D,82D,121Q,84Y,189N,87S,81I,86Y
model.000.15.pdb,model.000.23.pdb,8N,13K,10E
model.000.15.pdb,model.000.24.pdb,No common_epitopes
model.000.16.pdb,model.000.00.pdb,171T,179A,170G,2Q,177A,178D,108K
model.000.16.pdb,model.000.01.pdb,222Y,4L,2Q,221P,223K
model.000.16.pdb,model.000.02.pdb,171T,107K,176S,179A,170G,2Q,4L,177A,178D,105E,108K
model.000.16.pdb,model.000.03.pdb,No common_epitopes
model.000.16.pdb,model.000.04.pdb,179A,170G,2Q,178D
model.000.16.pdb,model.000.05.pdb,217N,205S,207H,39G,5S,6P,204L,209G,222Y,218Y,4L,208E,71K,206N,40K,78N,175H,219R,220N,221P,216E,223K
model.000.16.pdb,model.000.06.pdb,172T,222Y,171T,107K,176S,174N,179A,2Q,4L,177A,178D,5S,170G,175H,105E,219R,223K,108K
model.000.16.pdb,model.000.07.pdb,223K,2Q,178D
model.000.16.pdb,model.000.08.pdb,No common_epitopes
model.000.16.pdb,model.000.09.pdb,222Y,218Y,4L,219R,220N,221P,223K
model.000.16.pdb,model.000.10.pdb,217N,205S,207H,174N,39G,41L,6P,204L,209G,222Y,218Y,4L,208E,71K,206N,40K,175H,173I,219R,220N,221P,216E,223K
model.000.16.pdb,model.000.11.pdb,No common_epitopes
model.000.16.pdb,model.000.12.pdb,217N,218Y,219R,220N,221P,216E,71K,209G,206N,40K
model.000.16.pdb,model.000.13.pdb,222Y,205S,207H,218Y,4L,208E,219R,5S,220N,221P,216E,204L,223K,71K,209G,206N,40K
model.000.16.pdb,model.000.14.pdb,No common_epitopes
model.000.16.pdb,model.000.15.pdb,78N,218Y,219R,220N,221P,71K
model.000.16.pdb,model.000.16.pdb,217N,205S,207H,174N,39G,176S,107K,2Q,178D,36Q,104E,172T,41L,144N,177A,38T,6P,5S,37N,204L,68Y,209G,222Y,171T,218Y,143A,179A,4L,208E,170G,105E,103Y,71K,40K,206N,78N,175H,43R,173I,219R,220N,221P,216E,223K,108K,145T
model.000.16.pdb,model.000.17.pdb,172T,171T,107K,176S,179A,170G,2Q,175H,177A,178D,105E,108K
model.000.16.pdb,model.000.18.pdb,217N,205S,207H,176S,174N,2Q,41L,177A,5S,68Y,209G,222Y,171T,218Y,4L,208E,71K,206N,40K,78N,175H,173I,219R,220N,221P,216E,223K
model.000.16.pdb,model.000.19.pdb,No common_epitopes
model.000.16.pdb,model.000.20.pdb,222Y,218Y,208E,219R,6P,220N,221P,216E,40K,223K,71K,209G,206N
model.000.16.pdb,model.000.21.pdb,2Q
model.000.16.pdb,model.000.22.pdb,No common_epitopes
model.000.16.pdb,model.000.23.pdb,222Y,2Q,223K
model.000.16.pdb,model.000.24.pdb,2Q,178D
model.000.17.pdb,model.000.00.pdb,169L,2Q,3Q,57P,178D,111D,110D,1P,55F,20L,177A,171T,179A,170G,227D,19R,99K,226D,225N,56L,229E,228T,108K
model.000.17.pdb,model.000.01.pdb,3Q,2Q,225N,227D,229E,228T,226D,1P
model.000.17.pdb,model.000.02.pdb,106A,60Y,176S,107K,169L,2Q,3Q,57P,178D,111D,110D,1P,55F,113L,177A,112G,180V,171T,101S,179A,170G,109H,227D,99K,105E,19R,226D,225N,96N,56L,58N,229E,228T,108K,100Y
model.000.17.pdb,model.000.03.pdb,No common_epitopes
model.000.17.pdb,model.000.04.pdb,169L,2Q,3Q,57P,178D,59E,111D,110D,1P,55F,20L,180V,179A,170G,227D,19R,226D,225N,56L,58N,229E,228T,98K
model.000.17.pdb,model.000.05.pdb,175H
model.000.17.pdb,model.000.06.pdb,107K,176S,3Q,2Q,169L,178D,111D,110D,1P,172T,113L,177A,112G,180V,171T,179A,170G,109H,227D,99K,105E,19R,226D,175H,225N,229E,228T,108K
model.000.17.pdb,model.000.07.pdb,60Y,169L,2Q,3Q,57P,178D,111D,110D,1P,55F,180V,109H,227D,99K,19R,226D,225N,56L,58N,229E,228T,98K
model.000.17.pdb,model.000.08.pdb,19R,20L,58N,59E
model.000.17.pdb,model.000.09.pdb,3Q,225N,227D,228T,226D
model.000.17.pdb,model.000.10.pdb,175H
model.000.17.pdb,model.000.11.pdb,No common_epitopes
model.000.17.pdb,model.000.12.pdb,No common_epitopes
model.000.17.pdb,model.000.13.pdb,No common_epitopes
model.000.17.pdb,model.000.14.pdb,No common_epitopes
model.000.17.pdb,model.000.15.pdb,No common_epitopes
model.000.17.pdb,model.000.16.pdb,172T,171T,107K,176S,179A,170G,2Q,175H,177A,178D,105E,108K
model.000.17.pdb,model.000.17.pdb,106A,107K,176S,60Y,169L,2Q,3Q,57P,178D,59E,111D,110D,1P,172T,55F,113L,20L,97K,177A,112G,180V,171T,101S,114I,179A,170G,109H,227D,99K,19R,105E,226D,225N,96N,56L,58N,229E,175H,98K,228T,108K,100Y
model.000.17.pdb,model.000.18.pdb,171T,176S,3Q,2Q,175H,177A,225N
model.000.17.pdb,model.000.19.pdb,No common_epitopes
model.000.17.pdb,model.000.20.pdb,No common_epitopes
model.000.17.pdb,model.000.21.pdb,169L,2Q,3Q,57P,111D,110D,1P,55F,20L,97K,180V,101S,114I,109H,227D,99K,19R,226D,225N,96N,56L,58N,229E,228T,98K,100Y
model.000.17.pdb,model.000.22.pdb,No common_epitopes
model.000.17.pdb,model.000.23.pdb,3Q,2Q,169L,227D,225N,229E,19R,228T,226D,1P
model.000.17.pdb,model.000.24.pdb,60Y,169L,2Q,3Q,57P,178D,111D,110D,1P,55F,20L,112G,180V,114I,109H,227D,19R,99K,226D,225N,96N,56L,229E,58N,228T,100Y
model.000.18.pdb,model.000.00.pdb,171T,3Q,2Q,225N,177A
model.000.18.pdb,model.000.01.pdb,222Y,4L,3Q,2Q,224L,225N,221P,223K
model.000.18.pdb,model.000.02.pdb,171T,176S,3Q,2Q,4L,177A,225N
model.000.18.pdb,model.000.03.pdb,No common_epitopes
model.000.18.pdb,model.000.04.pdb,3Q,2Q,225N
model.000.18.pdb,model.000.05.pdb,217N,205S,207H,210K,215T,5S,212H,209G,222Y,218Y,75Y,4L,208E,203S,213Y,72E,71K,206N,40K,78N,175H,219R,220N,221P,216E,223K
model.000.18.pdb,model.000.06.pdb,222Y,171T,176S,174N,3Q,2Q,4L,177A,224L,5S,175H,225N,219R,223K
model.000.18.pdb,model.000.07.pdb,3Q,2Q,225N,224L,223K
model.000.18.pdb,model.000.08.pdb,No common_epitopes
model.000.18.pdb,model.000.09.pdb,222Y,218Y,75Y,3Q,4L,225N,224L,219R,220N,221P,223K,85K
model.000.18.pdb,model.000.10.pdb,217N,205S,207H,174N,210K,41L,215T,212H,85K,209G,222Y,218Y,4L,208E,203S,213Y,72E,71K,40K,206N,70G,175H,173I,219R,220N,221P,216E,223K
model.000.18.pdb,model.000.11.pdb,75Y,74D,85K
model.000.18.pdb,model.000.12.pdb,217N,74D,210K,215T,212H,85K,209G,218Y,75Y,213Y,72E,71K,206N,40K,70G,219R,220N,221P,216E
model.000.18.pdb,model.000.13.pdb,205S,207H,210K,215T,5S,212H,85K,209G,222Y,218Y,75Y,4L,208E,203S,213Y,72E,71K,206N,40K,70G,219R,220N,221P,216E,223K
model.000.18.pdb,model.000.14.pdb,75Y,72E,74D,85K
model.000.18.pdb,model.000.15.pdb,78N,74D,218Y,75Y,72E,219R,220N,221P,85K,71K
model.000.18.pdb,model.000.16.pdb,217N,205S,207H,176S,174N,2Q,41L,177A,5S,68Y,209G,222Y,171T,218Y,4L,208E,71K,206N,40K,78N,175H,173I,219R,220N,221P,216E,223K
model.000.18.pdb,model.000.17.pdb,171T,176S,3Q,2Q,175H,177A,225N
model.000.18.pdb,model.000.18.pdb,217N,74D,205S,207H,174N,176S,2Q,3Q,210K,41L,215T,177A,224L,5S,212H,85K,68Y,209G,222Y,171T,218Y,75Y,4L,208E,203S,213Y,72E,71K,40K,206N,78N,70G,175H,225N,173I,219R,220N,221P,216E,223K,77S
model.000.18.pdb,model.000.19.pdb,No common_epitopes
model.000.18.pdb,model.000.20.pdb,74D,210K,215T,212H,85K,209G,222Y,218Y,75Y,208E,203S,213Y,71K,72E,40K,206N,70G,219R,220N,221P,216E,223K
model.000.18.pdb,model.000.21.pdb,3Q,2Q,225N
model.000.18.pdb,model.000.22.pdb,85K
model.000.18.pdb,model.000.23.pdb,222Y,3Q,2Q,225N,224L,223K
model.000.18.pdb,model.000.24.pdb,3Q,2Q,225N
model.000.19.pdb,model.000.00.pdb,21K
model.000.19.pdb,model.000.01.pdb,No common_epitopes
model.000.19.pdb,model.000.02.pdb,54G,21K
model.000.19.pdb,model.000.03.pdb,129Y,126K,188I,187P,26H,162K,155L,130F,233S,232Y,123L,154Y,184F,25I,163L,164D,161S,28N,23L,160P,124D,22P,128V,156D,165Y,125H,153F,189N,24D,21K,27Y,127N,159L,186T,157N,158L
model.000.19.pdb,model.000.04.pdb,22P,52S,54G,24D,21K
model.000.19.pdb,model.000.05.pdb,No common_epitopes
model.000.19.pdb,model.000.06.pdb,No common_epitopes
model.000.19.pdb,model.000.07.pdb,54G,21K
model.000.19.pdb,model.000.08.pdb,26H,162K,233S,50Y,232Y,25I,163L,184F,164D,161S,28N,23L,160P,22P,156D,165Y,24D,21K,27Y,159L,52S,54G
model.000.19.pdb,model.000.09.pdb,No common_epitopes
model.000.19.pdb,model.000.10.pdb,No common_epitopes
model.000.19.pdb,model.000.11.pdb,188I,187P,162K,125H,186T,189N,161S,123L,184F,124D
model.000.19.pdb,model.000.12.pdb,No common_epitopes
model.000.19.pdb,model.000.13.pdb,No common_epitopes
model.000.19.pdb,model.000.14.pdb,126K,128V,188I,187P,125H,186T,189N,161S,123L,184F,124D
model.000.19.pdb,model.000.15.pdb,123L,189N,124D,187P
model.000.19.pdb,model.000.16.pdb,No common_epitopes
model.000.19.pdb,model.000.17.pdb,No common_epitopes
model.000.19.pdb,model.000.18.pdb,No common_epitopes
model.000.19.pdb,model.000.19.pdb,129Y,126K,188I,187P,26H,162K,155L,130F,233S,50Y,232Y,123L,154Y,184F,25I,163L,164D,161S,28N,23L,160P,124D,22P,128V,156D,165Y,125H,153F,189N,24D,21K,27Y,127N,159L,52S,186T,157N,158L,54G
model.000.19.pdb,model.000.20.pdb,No common_epitopes
model.000.19.pdb,model.000.21.pdb,54G,232Y,21K
model.000.19.pdb,model.000.22.pdb,129Y,126K,188I,187P,162K,130F,233S,232Y,123L,163L,164D,161S,160P,124D,22P,128V,156D,165Y,125H,189N,21K,127N,159L,186T,157N,158L
model.000.19.pdb,model.000.23.pdb,No common_epitopes
model.000.19.pdb,model.000.24.pdb,54G,21K
model.000.20.pdb,model.000.00.pdb,No common_epitopes
model.000.20.pdb,model.000.01.pdb,222Y,83V,80L,221P,223K,8N
model.000.20.pdb,model.000.02.pdb,No common_epitopes
model.000.20.pdb,model.000.03.pdb,No common_epitopes
model.000.20.pdb,model.000.04.pdb,No common_epitopes
model.000.20.pdb,model.000.05.pdb,210K,215T,6P,212H,209G,222Y,218Y,75Y,208E,203S,213Y,72E,71K,211P,206N,40K,219R,220N,221P,216E,223K
model.000.20.pdb,model.000.06.pdb,222Y,219R,223K
model.000.20.pdb,model.000.07.pdb,223K
model.000.20.pdb,model.000.08.pdb,No common_epitopes
model.000.20.pdb,model.000.09.pdb,222Y,218Y,75Y,83V,80L,219R,220N,84Y,221P,223K,85K,8N
model.000.20.pdb,model.000.10.pdb,210K,215T,6P,76G,212H,85K,209G,222Y,218Y,208E,203S,213Y,72E,71K,211P,206N,40K,214I,70G,219R,220N,221P,216E,223K
model.000.20.pdb,model.000.11.pdb,74D,121Q,75Y,83V,80L,84Y,85K,8N
model.000.20.pdb,model.000.12.pdb,74D,200T,210K,8N,215T,80L,212H,85K,209G,121Q,218Y,75Y,83V,199R,192S,84Y,213Y,72E,71K,211P,40K,206N,214I,70G,73D,87S,219R,220N,221P,216E,196S
model.000.20.pdb,model.000.13.pdb,210K,215T,76G,212H,85K,209G,222Y,218Y,75Y,208E,203S,213Y,72E,71K,211P,206N,40K,214I,70G,219R,220N,221P,216E,223K
model.000.20.pdb,model.000.14.pdb,74D,121Q,73D,75Y,83V,80L,192S,76G,84Y,85K,72E
model.000.20.pdb,model.000.15.pdb,74D,121Q,73D,218Y,75Y,72E,83V,80L,199R,192S,87S,219R,220N,84Y,221P,85K,8N,71K
model.000.20.pdb,model.000.16.pdb,222Y,218Y,208E,219R,6P,220N,221P,216E,40K,223K,71K,209G,206N
model.000.20.pdb,model.000.17.pdb,No common_epitopes
model.000.20.pdb,model.000.18.pdb,74D,210K,215T,212H,85K,209G,222Y,218Y,75Y,208E,203S,213Y,71K,72E,40K,206N,70G,219R,220N,221P,216E,223K
model.000.20.pdb,model.000.19.pdb,No common_epitopes
model.000.20.pdb,model.000.20.pdb,74D,200T,210K,8N,215T,80L,6P,76G,212H,85K,209G,222Y,121Q,218Y,75Y,83V,199R,208E,192S,84Y,203S,213Y,72E,71K,211P,206N,40K,214I,70G,73D,87S,219R,220N,221P,216E,223K,196S
model.000.20.pdb,model.000.21.pdb,No common_epitopes
model.000.20.pdb,model.000.22.pdb,121Q,80L,87S,84Y,85K
model.000.20.pdb,model.000.23.pdb,8N,222Y,223K
model.000.20.pdb,model.000.24.pdb,No common_epitopes
model.000.21.pdb,model.000.00.pdb,169L,2Q,3Q,57P,111D,110D,1P,55F,20L,231Y,17N,227D,19R,99K,226D,21K,15I,225N,56L,229E,16S,18A,228T,230V
model.000.21.pdb,model.000.01.pdb,3Q,2Q,225N,227D,229E,228T,226D,1P,230V,231Y
model.000.21.pdb,model.000.02.pdb,169L,2Q,3Q,57P,111D,110D,1P,55F,231Y,180V,17N,101S,109H,227D,99K,19R,226D,21K,225N,96N,56L,58N,229E,18A,228T,54G,100Y
model.000.21.pdb,model.000.03.pdb,232Y,21K
model.000.21.pdb,model.000.04.pdb,169L,2Q,3Q,57P,111D,110D,1P,55F,20L,231Y,180V,17N,227D,19R,226D,21K,15I,225N,56L,58N,229E,16S,18A,228T,54G,98K,230V
model.000.21.pdb,model.000.05.pdb,No common_epitopes
model.000.21.pdb,model.000.06.pdb,180V,169L,2Q,3Q,109H,227D,225N,111D,99K,110D,19R,229E,228T,226D,1P,230V,231Y
model.000.21.pdb,model.000.07.pdb,169L,2Q,3Q,57P,111D,110D,1P,55F,231Y,180V,17N,109H,227D,99K,19R,226D,21K,15I,225N,56L,58N,229E,18A,228T,54G,98K,230V
model.000.21.pdb,model.000.08.pdb,17N,15I,20L,58N,19R,16S,18A,54G,232Y,21K
model.000.21.pdb,model.000.09.pdb,3Q,225N,227D,228T,226D,230V
model.000.21.pdb,model.000.10.pdb,No common_epitopes
model.000.21.pdb,model.000.11.pdb,No common_epitopes
model.000.21.pdb,model.000.12.pdb,No common_epitopes
model.000.21.pdb,model.000.13.pdb,No common_epitopes
model.000.21.pdb,model.000.14.pdb,No common_epitopes
model.000.21.pdb,model.000.15.pdb,No common_epitopes
model.000.21.pdb,model.000.16.pdb,2Q
model.000.21.pdb,model.000.17.pdb,169L,2Q,3Q,57P,111D,110D,1P,55F,20L,97K,180V,101S,114I,109H,227D,99K,19R,226D,225N,96N,56L,58N,229E,228T,98K,100Y
model.000.21.pdb,model.000.18.pdb,3Q,2Q,225N
model.000.21.pdb,model.000.19.pdb,54G,232Y,21K
model.000.21.pdb,model.000.20.pdb,No common_epitopes
model.000.21.pdb,model.000.21.pdb,169L,2Q,3Q,57P,111D,110D,232Y,1P,55F,20L,100Y,97K,231Y,180V,17N,101S,114I,109H,227D,99K,19R,226D,21K,15I,225N,96N,56L,58N,229E,16S,18A,228T,54G,98K,230V
model.000.21.pdb,model.000.22.pdb,232Y,16S,15I,21K
model.000.21.pdb,model.000.23.pdb,17N,15I,3Q,2Q,169L,227D,225N,229E,19R,228T,226D,1P,230V,231Y
model.000.21.pdb,model.000.24.pdb,169L,2Q,3Q,57P,111D,110D,1P,55F,20L,100Y,231Y,180V,17N,114I,109H,227D,99K,19R,226D,21K,15I,225N,96N,56L,58N,229E,16S,18A,228T,54G,230V
model.000.22.pdb,model.000.00.pdb,15I,16S,21K
model.000.22.pdb,model.000.01.pdb,82D,80L,12K,10E
model.000.22.pdb,model.000.02.pdb,21K
model.000.22.pdb,model.000.03.pdb,129Y,126K,188I,187P,162K,130F,233S,123L,232Y,163L,164D,190I,161S,160P,124D,156D,22P,128V,165Y,125H,189N,21K,131Q,127N,159L,186T,157N,158L
model.000.22.pdb,model.000.04.pdb,15I,16S,22P,21K
model.000.22.pdb,model.000.05.pdb,No common_epitopes
model.000.22.pdb,model.000.06.pdb,No common_epitopes
model.000.22.pdb,model.000.07.pdb,15I,11T,12K,21K
model.000.22.pdb,model.000.08.pdb,164D,15I,11T,22P,156D,165Y,162K,159L,233S,16S,161S,232Y,160P,163L,21K
model.000.22.pdb,model.000.09.pdb,82D,9I,80L,84Y,81I,85K,12K,10E
model.000.22.pdb,model.000.10.pdb,85K
model.000.22.pdb,model.000.11.pdb,11T,188I,166F,187P,162K,123L,190I,80L,185P,161S,85K,12K,119F,10E,124D,82D,121Q,125H,84Y,189N,186T,81I,86Y
model.000.22.pdb,model.000.12.pdb,121Q,80L,122V,87S,84Y,85K
model.000.22.pdb,model.000.13.pdb,85K
model.000.22.pdb,model.000.14.pdb,11T,126K,188I,187P,122V,123L,190I,120L,80L,185P,161S,85K,12K,119F,10E,124D,82D,128V,121Q,125H,84Y,189N,186T,81I,86Y
model.000.22.pdb,model.000.15.pdb,11T,187P,122V,123L,120L,190I,80L,185P,85K,12K,10E,124D,82D,121Q,84Y,189N,87S,81I,86Y
model.000.22.pdb,model.000.16.pdb,No common_epitopes
model.000.22.pdb,model.000.17.pdb,No common_epitopes
model.000.22.pdb,model.000.18.pdb,85K
model.000.22.pdb,model.000.19.pdb,129Y,126K,188I,187P,162K,130F,233S,232Y,123L,163L,164D,161S,160P,124D,22P,128V,156D,165Y,125H,189N,21K,127N,159L,186T,157N,158L
model.000.22.pdb,model.000.20.pdb,121Q,80L,87S,84Y,85K
model.000.22.pdb,model.000.21.pdb,232Y,16S,15I,21K
model.000.22.pdb,model.000.22.pdb,11T,129Y,126K,188I,166F,187P,9I,162K,122V,130F,233S,232Y,123L,163L,164D,190I,120L,80L,185P,161S,85K,160P,119F,12K,10E,124D,82D,156D,128V,121Q,22P,165Y,125H,84Y,189N,21K,131Q,15I,127N,87S,159L,186T,16S,157N,158L,81I,86Y
model.000.22.pdb,model.000.23.pdb,15I,9I,10E
model.000.22.pdb,model.000.24.pdb,15I,16S,21K
model.000.23.pdb,model.000.00.pdb,17N,15I,3Q,2Q,169L,227D,225N,229E,19R,228T,226D,1P,230V,231Y
model.000.23.pdb,model.000.01.pdb,222Y,7I,3Q,2Q,225N,224L,227D,229E,228T,223K,226D,8N,1P,13K,10E,230V,231Y
model.000.23.pdb,model.000.02.pdb,17N,3Q,2Q,169L,227D,225N,229E,19R,228T,226D,1P,231Y
model.000.23.pdb,model.000.03.pdb,No common_epitopes
model.000.23.pdb,model.000.04.pdb,17N,15I,3Q,2Q,169L,227D,225N,229E,19R,228T,226D,1P,230V,231Y
model.000.23.pdb,model.000.05.pdb,222Y,223K
model.000.23.pdb,model.000.06.pdb,222Y,7I,3Q,2Q,169L,224L,227D,225N,229E,19R,228T,223K,226D,1P,230V,231Y
model.000.23.pdb,model.000.07.pdb,17N,15I,3Q,2Q,169L,224L,227D,225N,229E,19R,228T,14A,226D,223K,1P,13K,230V,231Y
model.000.23.pdb,model.000.08.pdb,17N,19R,15I,14A
model.000.23.pdb,model.000.09.pdb,9I,222Y,7I,3Q,225N,224L,227D,228T,14A,226D,8N,223K,13K,10E,230V
model.000.23.pdb,model.000.10.pdb,222Y,223K
model.000.23.pdb,model.000.11.pdb,8N,13K,10E
model.000.23.pdb,model.000.12.pdb,8N
model.000.23.pdb,model.000.13.pdb,222Y,223K
model.000.23.pdb,model.000.14.pdb,10E
model.000.23.pdb,model.000.15.pdb,8N,13K,10E
model.000.23.pdb,model.000.16.pdb,222Y,2Q,223K
model.000.23.pdb,model.000.17.pdb,3Q,2Q,169L,227D,225N,229E,19R,228T,226D,1P
model.000.23.pdb,model.000.18.pdb,222Y,3Q,2Q,225N,224L,223K
model.000.23.pdb,model.000.19.pdb,No common_epitopes
model.000.23.pdb,model.000.20.pdb,8N,222Y,223K
model.000.23.pdb,model.000.21.pdb,17N,15I,3Q,2Q,169L,227D,225N,229E,19R,228T,226D,1P,230V,231Y
model.000.23.pdb,model.000.22.pdb,15I,9I,10E
model.000.23.pdb,model.000.23.pdb,9I,169L,2Q,3Q,14A,8N,1P,224L,13K,10E,231Y,17N,222Y,7I,227D,19R,226D,15I,225N,229E,228T,223K,230V
model.000.23.pdb,model.000.24.pdb,17N,15I,3Q,2Q,169L,227D,225N,229E,19R,228T,226D,1P,230V,231Y
model.000.24.pdb,model.000.00.pdb,169L,2Q,3Q,57P,178D,111D,110D,1P,55F,20L,231Y,17N,168Y,227D,19R,99K,226D,21K,15I,225N,56L,229E,16S,18A,228T,230V
model.000.24.pdb,model.000.01.pdb,3Q,2Q,225N,227D,229E,228T,226D,1P,230V,231Y
model.000.24.pdb,model.000.02.pdb,60Y,169L,2Q,3Q,57P,178D,111D,110D,1P,55F,112G,231Y,17N,180V,109H,227D,19R,99K,226D,21K,225N,96N,56L,229E,58N,18A,228T,54G,100Y
model.000.24.pdb,model.000.03.pdb,21K
model.000.24.pdb,model.000.04.pdb,169L,2Q,3Q,57P,178D,111D,110D,1P,55F,20L,231Y,17N,180V,168Y,227D,167T,19R,226D,21K,15I,181W,225N,56L,229E,58N,16S,18A,228T,54G,230V
model.000.24.pdb,model.000.05.pdb,No common_epitopes
model.000.24.pdb,model.000.06.pdb,169L,2Q,3Q,178D,111D,110D,1P,112G,231Y,180V,109H,227D,19R,99K,226D,225N,229E,228T,230V
model.000.24.pdb,model.000.07.pdb,60Y,169L,2Q,3Q,57P,178D,111D,110D,1P,55F,231Y,180V,17N,109H,227D,99K,19R,226D,21K,15I,225N,56L,58N,229E,18A,228T,54G,230V
model.000.24.pdb,model.000.08.pdb,17N,15I,20L,58N,19R,16S,18A,54G,21K
model.000.24.pdb,model.000.09.pdb,3Q,225N,227D,228T,226D,230V
model.000.24.pdb,model.000.10.pdb,No common_epitopes
model.000.24.pdb,model.000.11.pdb,No common_epitopes
model.000.24.pdb,model.000.12.pdb,No common_epitopes
model.000.24.pdb,model.000.13.pdb,No common_epitopes
model.000.24.pdb,model.000.14.pdb,No common_epitopes
model.000.24.pdb,model.000.15.pdb,No common_epitopes
model.000.24.pdb,model.000.16.pdb,2Q,178D
model.000.24.pdb,model.000.17.pdb,60Y,169L,2Q,3Q,57P,178D,111D,110D,1P,55F,20L,112G,180V,114I,109H,227D,19R,99K,226D,225N,96N,56L,229E,58N,228T,100Y
model.000.24.pdb,model.000.18.pdb,3Q,2Q,225N
model.000.24.pdb,model.000.19.pdb,54G,21K
model.000.24.pdb,model.000.20.pdb,No common_epitopes
model.000.24.pdb,model.000.21.pdb,169L,2Q,3Q,57P,111D,110D,1P,55F,20L,100Y,231Y,180V,17N,114I,109H,227D,99K,19R,226D,21K,15I,225N,96N,56L,58N,229E,16S,18A,228T,54G,230V
model.000.24.pdb,model.000.22.pdb,15I,16S,21K
model.000.24.pdb,model.000.23.pdb,17N,15I,3Q,2Q,169L,227D,225N,229E,19R,228T,226D,1P,230V,231Y
model.000.24.pdb,model.000.24.pdb,60Y,169L,2Q,3Q,57P,178D,111D,110D,1P,55F,20L,230V,112G,231Y,17N,180V,168Y,114I,109H,227D,167T,19R,99K,226D,21K,15I,181W,225N,96N,56L,229E,58N,16S,18A,228T,54G,100Y
