1276,1276,Common_Epitopes
model.000.00.pdb,model.000.00.pdb,88E,122V,110G,104S,112C,109T,107V,78D,123Q,124D,76G,121N,102D,126N,125Q,127K,92V,74N,111V,87N,120P,93T,72K,90K,99C,80V,105N,89C,75L,94C,106P,108K,77Y,91Q
model.000.00.pdb,model.000.01.pdb,120P
model.000.00.pdb,model.000.02.pdb,93T,90K,124D,99C,92V,80V,89C,121N,94C,91Q,125Q,127K
model.000.00.pdb,model.000.03.pdb,72K,88E,74N,76G,105N,75L,102D,106P,108K,77Y,87N,107V
model.000.00.pdb,model.000.04.pdb,No common_epitopes
model.000.00.pdb,model.000.05.pdb,72K,88E,90K,74N,76G,105N,89C,104S,102D,75L,108K,77Y,87N,78D
model.000.00.pdb,model.000.06.pdb,93T,72K,80V,94C,91Q
model.000.00.pdb,model.000.07.pdb,123Q,122V,124D,111V,105N,121N,104S,102D,120P,106P,108K,112C,109T,126N,125Q,107V
model.000.00.pdb,model.000.08.pdb,123Q,122V,124D,111V,110G,127K,105N,121N,104S,102D,120P,108K,106P,112C,109T,126N,125Q,107V
model.000.00.pdb,model.000.09.pdb,93T,124D,99C,92V,80V,94C,91Q,125Q,127K
model.000.00.pdb,model.000.10.pdb,123Q,122V,124D,111V,105N,121N,104S,102D,120P,106P,109T,126N,107V
model.000.00.pdb,model.000.11.pdb,93T,90K,99C,92V,80V,89C,94C,91Q
model.000.00.pdb,model.000.12.pdb,No common_epitopes
model.000.00.pdb,model.000.13.pdb,122V,111V,105N,104S,102D,106P,112C,126N,120P
model.000.00.pdb,model.000.14.pdb,93T,72K,99C,80V,94C
model.000.01.pdb,model.000.00.pdb,120P
model.000.01.pdb,model.000.01.pdb,135K,119V,146T,3V,159K,134T,4T,140C,21L,19G,16Q,5V,20H,137S,17M,136C,145E,141L,132G,148K,6D,130K,139K,147C,120P,143E,18S,7T,142K,144Q,138L,133E
model.000.01.pdb,model.000.02.pdb,130K
model.000.01.pdb,model.000.03.pdb,6D,3V,7T
model.000.01.pdb,model.000.04.pdb,135K,141L,132G,138L,144Q,148K,145E,142K,146T,133E,6D,137S,159K,147C,134T,139K,136C,143E,140C
model.000.01.pdb,model.000.05.pdb,4T,3V,7T
model.000.01.pdb,model.000.06.pdb,17M
model.000.01.pdb,model.000.07.pdb,135K,119V,3V,134T,4T,21L,19G,16Q,5V,20H,137S,17M,136C,132G,6D,130K,139K,120P,18S,7T,138L,133E
model.000.01.pdb,model.000.08.pdb,135K,132G,119V,134T,130K,4T,133E,120P
model.000.01.pdb,model.000.09.pdb,17M,130K
model.000.01.pdb,model.000.10.pdb,135K,119V,3V,134T,4T,21L,19G,16Q,5V,20H,137S,17M,136C,132G,6D,130K,139K,120P,18S,7T,133E
model.000.01.pdb,model.000.11.pdb,148K,159K,130K
model.000.01.pdb,model.000.12.pdb,135K,141L,138L,7T,144Q,148K,145E,142K,16Q,146T,5V,6D,137S,159K,147C,139K,136C,143E,140C
model.000.01.pdb,model.000.13.pdb,135K,119V,3V,134T,4T,21L,19G,16Q,5V,20H,137S,17M,136C,132G,6D,130K,139K,120P,18S,7T,138L,133E
model.000.01.pdb,model.000.14.pdb,17M
model.000.02.pdb,model.000.00.pdb,93T,90K,124D,99C,92V,80V,89C,121N,94C,91Q,125Q,127K
model.000.02.pdb,model.000.01.pdb,130K
model.000.02.pdb,model.000.02.pdb,118K,27N,42L,53C,44C,55D,24K,29L,31L,124D,26E,30V,121N,41V,96N,116I,125Q,28D,150V,13F,54G,127K,25C,83V,128C,92V,22E,115N,71C,84C,151D,130K,129S,43K,95G,81N,93T,90K,97G,99C,40K,98K,80V,85I,89C,57S,82N,94C,131D,79M,91Q
model.000.02.pdb,model.000.03.pdb,57S,31L
model.000.02.pdb,model.000.04.pdb,131D,116I
model.000.02.pdb,model.000.05.pdb,90K,31L,85I,89C,57S
model.000.02.pdb,model.000.06.pdb,27N,42L,53C,44C,55D,24K,29L,31L,26E,30V,41V,96N,150V,28D,13F,54G,25C,83V,115N,22E,71C,84C,151D,43K,95G,81N,93T,97G,40K,98K,80V,57S,82N,94C,79M,91Q
model.000.02.pdb,model.000.07.pdb,118K,124D,121N,131D,130K,125Q
model.000.02.pdb,model.000.08.pdb,124D,121N,131D,130K,125Q,127K
model.000.02.pdb,model.000.09.pdb,118K,27N,42L,24K,124D,26E,96N,125Q,127K,13F,150V,28D,83V,128C,115N,92V,84C,151D,130K,129S,95G,81N,93T,97G,99C,40K,98K,85I,80V,94C,82N,131D,79M,91Q
model.000.02.pdb,model.000.10.pdb,118K,124D,121N,131D,130K,116I
model.000.02.pdb,model.000.11.pdb,118K,27N,42L,53C,55D,24K,29L,31L,26E,30V,96N,150V,28D,54G,25C,83V,128C,92V,22E,115N,84C,151D,130K,129S,95G,81N,93T,90K,97G,99C,40K,98K,80V,85I,89C,57S,82N,94C,131D,79M,91Q
model.000.02.pdb,model.000.12.pdb,No common_epitopes
model.000.02.pdb,model.000.13.pdb,118K,131D,130K
model.000.02.pdb,model.000.14.pdb,118K,27N,42L,53C,44C,55D,24K,31L,29L,30V,41V,96N,150V,28D,54G,25C,83V,115N,22E,71C,84C,151D,95G,43K,81N,93T,97G,99C,40K,98K,80V,94C,82N,57S,79M
model.000.03.pdb,model.000.00.pdb,72K,88E,74N,76G,105N,75L,102D,106P,108K,77Y,87N,107V
model.000.03.pdb,model.000.01.pdb,6D,3V,7T
model.000.03.pdb,model.000.02.pdb,57S,31L
model.000.03.pdb,model.000.03.pdb,103T,88E,60I,35E,10K,49V,51K,56F,50N,3V,107V,48T,39E,52P,31L,47K,76G,102D,58K,73C,86P,2K,45D,32V,46E,74N,38E,6D,101L,59C,87N,8V,34E,72K,11R,7T,61K,36T,105N,75L,108K,106P,33N,57S,37C,77Y
model.000.03.pdb,model.000.04.pdb,6D
model.000.03.pdb,model.000.05.pdb,103T,88E,60I,35E,10K,49V,51K,56F,50N,3V,39E,52P,31L,76G,102D,58K,73C,2K,86P,32V,74N,38E,101L,59C,87N,8V,34E,72K,7T,61K,36T,105N,75L,108K,57S,33N,77Y
model.000.03.pdb,model.000.06.pdb,72K,52P,31L,46E,57S,37C,45D
model.000.03.pdb,model.000.07.pdb,34E,103T,7T,105N,102D,6D,3V,106P,108K,101L,2K,107V
model.000.03.pdb,model.000.08.pdb,103T,105N,102D,108K,106P,107V
model.000.03.pdb,model.000.09.pdb,No common_epitopes
model.000.03.pdb,model.000.10.pdb,103T,7T,105N,102D,6D,3V,106P,101L,2K,107V
model.000.03.pdb,model.000.11.pdb,57S,31L
model.000.03.pdb,model.000.12.pdb,6D,8V,7T
model.000.03.pdb,model.000.13.pdb,34E,103T,7T,35E,10K,105N,102D,6D,3V,8V,106P,101L,33N,2K
model.000.03.pdb,model.000.14.pdb,72K,52P,31L,60I,46E,57S,45D
model.000.04.pdb,model.000.00.pdb,No common_epitopes
model.000.04.pdb,model.000.01.pdb,135K,141L,132G,138L,144Q,148K,145E,142K,146T,133E,6D,137S,159K,147C,134T,139K,136C,143E,140C
model.000.04.pdb,model.000.02.pdb,131D,116I
model.000.04.pdb,model.000.03.pdb,6D
model.000.04.pdb,model.000.04.pdb,135K,146T,149A,117G,159K,134T,160D,140C,161G,154Y,156C,137S,116I,136C,145E,141L,132G,148K,6D,158C,139K,147C,143E,144Q,142K,131D,138L,133E
model.000.04.pdb,model.000.05.pdb,No common_epitopes
model.000.04.pdb,model.000.06.pdb,No common_epitopes
model.000.04.pdb,model.000.07.pdb,135K,132G,138L,133E,131D,6D,137S,117G,134T,139K,136C
model.000.04.pdb,model.000.08.pdb,135K,132G,131D,134T,133E
model.000.04.pdb,model.000.09.pdb,131D
model.000.04.pdb,model.000.10.pdb,135K,132G,133E,131D,6D,137S,116I,134T,139K,136C
model.000.04.pdb,model.000.11.pdb,161G,148K,154Y,156C,149A,131D,158C,159K,160D
model.000.04.pdb,model.000.12.pdb,135K,141L,138L,136C,148K,145E,144Q,142K,146T,6D,137S,159K,147C,139K,160D,143E,140C
model.000.04.pdb,model.000.13.pdb,135K,132G,138L,154Y,133E,131D,6D,137S,134T,139K,136C
model.000.04.pdb,model.000.14.pdb,No common_epitopes
model.000.05.pdb,model.000.00.pdb,72K,88E,90K,74N,76G,105N,89C,104S,102D,75L,108K,77Y,87N,78D
model.000.05.pdb,model.000.01.pdb,4T,3V,7T
model.000.05.pdb,model.000.02.pdb,90K,31L,85I,89C,57S
model.000.05.pdb,model.000.03.pdb,103T,88E,60I,35E,10K,49V,51K,56F,50N,3V,39E,52P,31L,76G,102D,58K,73C,2K,86P,32V,74N,38E,101L,59C,87N,8V,34E,72K,7T,61K,36T,105N,75L,108K,57S,33N,77Y
model.000.05.pdb,model.000.04.pdb,No common_epitopes
model.000.05.pdb,model.000.05.pdb,103T,88E,60I,35E,10K,49V,51K,56F,104S,50N,3V,62I,4T,78D,39E,67V,52P,31L,76G,102D,58K,73C,86P,2K,32V,74N,38E,101L,59C,8V,87N,34E,72K,90K,7T,61K,36T,64G,89C,85I,75L,105N,57S,108K,33N,63D,77Y
model.000.05.pdb,model.000.06.pdb,72K,67V,52P,31L,57S,62I
model.000.05.pdb,model.000.07.pdb,34E,103T,7T,105N,104S,102D,3V,108K,101L,4T,2K
model.000.05.pdb,model.000.08.pdb,103T,105N,104S,102D,108K,4T
model.000.05.pdb,model.000.09.pdb,85I
model.000.05.pdb,model.000.10.pdb,103T,7T,105N,104S,102D,3V,101L,4T,2K
model.000.05.pdb,model.000.11.pdb,90K,31L,85I,89C,57S
model.000.05.pdb,model.000.12.pdb,8V,7T
model.000.05.pdb,model.000.13.pdb,34E,103T,7T,35E,10K,105N,104S,102D,3V,8V,33N,101L,4T,2K
model.000.05.pdb,model.000.14.pdb,72K,52P,31L,60I,57S
model.000.06.pdb,model.000.00.pdb,93T,72K,80V,94C,91Q
model.000.06.pdb,model.000.01.pdb,17M
model.000.06.pdb,model.000.02.pdb,27N,42L,53C,44C,55D,24K,29L,31L,26E,30V,41V,96N,150V,28D,13F,54G,25C,83V,115N,22E,71C,84C,151D,43K,95G,81N,93T,97G,40K,98K,80V,57S,82N,94C,79M,91Q
model.000.06.pdb,model.000.03.pdb,72K,52P,31L,46E,57S,37C,45D
model.000.06.pdb,model.000.04.pdb,No common_epitopes
model.000.06.pdb,model.000.05.pdb,72K,67V,52P,31L,57S,62I
model.000.06.pdb,model.000.06.pdb,65N,27N,42L,53C,44C,70A,55D,62I,67V,24K,29L,155K,31L,52P,26E,30V,68S,41V,17M,96N,150V,28D,13F,66P,54G,45D,25C,153I,83V,46E,115N,22E,71C,84C,152G,151D,95G,43K,81N,93T,72K,97G,40K,98K,69Y,80V,94C,82N,37C,57S,79M,15I,91Q
model.000.06.pdb,model.000.07.pdb,17M
model.000.06.pdb,model.000.08.pdb,No common_epitopes
model.000.06.pdb,model.000.09.pdb,27N,42L,24K,155K,26E,17M,96N,150V,13F,28D,153I,83V,115N,84C,152G,151D,95G,81N,93T,97G,40K,98K,80V,94C,82N,79M,15I,91Q
model.000.06.pdb,model.000.10.pdb,17M
model.000.06.pdb,model.000.11.pdb,27N,42L,53C,55D,24K,29L,155K,31L,26E,30V,96N,150V,28D,54G,25C,153I,83V,115N,22E,84C,152G,151D,95G,81N,93T,97G,40K,98K,80V,94C,82N,57S,79M,15I,91Q
model.000.06.pdb,model.000.12.pdb,No common_epitopes
model.000.06.pdb,model.000.13.pdb,17M
model.000.06.pdb,model.000.14.pdb,27N,42L,53C,44C,70A,55D,24K,31L,29L,52P,30V,68S,41V,17M,96N,150V,66P,28D,45D,54G,25C,153I,83V,46E,115N,22E,71C,84C,152G,151D,95G,43K,81N,93T,72K,97G,40K,98K,80V,69Y,94C,82N,57S,79M,15I
model.000.07.pdb,model.000.00.pdb,123Q,122V,124D,111V,105N,121N,104S,102D,120P,106P,108K,112C,109T,126N,125Q,107V
model.000.07.pdb,model.000.01.pdb,135K,119V,3V,134T,4T,21L,19G,16Q,5V,20H,137S,17M,136C,132G,6D,130K,139K,120P,18S,7T,138L,133E
model.000.07.pdb,model.000.02.pdb,118K,124D,121N,131D,130K,125Q
model.000.07.pdb,model.000.03.pdb,34E,103T,7T,105N,102D,6D,3V,108K,106P,101L,2K,107V
model.000.07.pdb,model.000.04.pdb,135K,132G,138L,133E,131D,6D,137S,117G,134T,139K,136C
model.000.07.pdb,model.000.05.pdb,34E,103T,7T,105N,104S,102D,3V,108K,101L,4T,2K
model.000.07.pdb,model.000.06.pdb,17M
model.000.07.pdb,model.000.07.pdb,135K,118K,103T,122V,119V,104S,3V,117G,112C,109T,4T,134T,107V,123Q,114C,124D,21L,19G,5V,121N,16Q,102D,100I,20H,17M,137S,126N,2K,136C,125Q,132G,6D,101L,130K,111V,139K,120P,34E,18S,7T,105N,131D,106P,108K,138L,133E
model.000.07.pdb,model.000.08.pdb,135K,103T,122V,119V,104S,112C,109T,134T,4T,107V,123Q,124D,121N,102D,126N,125Q,132G,130K,111V,120P,105N,108K,131D,106P,133E
model.000.07.pdb,model.000.09.pdb,118K,124D,131D,17M,130K,125Q
model.000.07.pdb,model.000.10.pdb,135K,118K,103T,122V,119V,104S,3V,109T,134T,4T,107V,123Q,114C,124D,21L,19G,5V,16Q,121N,102D,100I,20H,17M,137S,126N,2K,136C,132G,6D,101L,130K,111V,139K,120P,7T,18S,105N,131D,106P,133E
model.000.07.pdb,model.000.11.pdb,118K,131D,130K
model.000.07.pdb,model.000.12.pdb,135K,138L,7T,16Q,5V,6D,137S,139K,136C
model.000.07.pdb,model.000.13.pdb,135K,118K,103T,122V,119V,104S,3V,112C,4T,134T,114C,21L,16Q,19G,5V,100I,102D,20H,137S,17M,126N,2K,136C,132G,6D,101L,130K,111V,139K,120P,34E,18S,7T,105N,131D,106P,138L,133E
model.000.07.pdb,model.000.14.pdb,118K,17M
model.000.08.pdb,model.000.00.pdb,123Q,122V,124D,111V,110G,127K,105N,121N,104S,102D,120P,108K,106P,112C,109T,126N,125Q,107V
model.000.08.pdb,model.000.01.pdb,135K,132G,119V,134T,130K,4T,133E,120P
model.000.08.pdb,model.000.02.pdb,124D,121N,131D,130K,125Q,127K
model.000.08.pdb,model.000.03.pdb,103T,105N,102D,108K,106P,107V
model.000.08.pdb,model.000.04.pdb,135K,132G,131D,134T,133E
model.000.08.pdb,model.000.05.pdb,103T,105N,104S,102D,108K,4T
model.000.08.pdb,model.000.06.pdb,No common_epitopes
model.000.08.pdb,model.000.07.pdb,135K,103T,122V,119V,104S,112C,109T,134T,4T,107V,123Q,124D,121N,102D,126N,125Q,132G,130K,111V,120P,105N,108K,131D,106P,133E
model.000.08.pdb,model.000.08.pdb,135K,103T,122V,119V,110G,104S,112C,109T,134T,4T,107V,123Q,124D,121N,102D,126N,125Q,127K,132G,130K,111V,120P,105N,108K,131D,106P,133E
model.000.08.pdb,model.000.09.pdb,124D,131D,130K,125Q,127K
model.000.08.pdb,model.000.10.pdb,135K,103T,122V,119V,104S,109T,134T,4T,107V,123Q,124D,121N,102D,126N,132G,130K,111V,120P,105N,131D,106P,133E
model.000.08.pdb,model.000.11.pdb,131D,130K
model.000.08.pdb,model.000.12.pdb,135K
model.000.08.pdb,model.000.13.pdb,135K,132G,103T,122V,130K,111V,119V,105N,134T,104S,102D,131D,106P,112C,126N,4T,133E,120P
model.000.08.pdb,model.000.14.pdb,No common_epitopes
model.000.09.pdb,model.000.00.pdb,93T,124D,99C,92V,80V,94C,91Q,125Q,127K
model.000.09.pdb,model.000.01.pdb,17M,130K
model.000.09.pdb,model.000.02.pdb,118K,27N,42L,24K,124D,26E,96N,125Q,127K,13F,150V,28D,83V,128C,115N,92V,84C,151D,130K,129S,95G,81N,93T,97G,99C,40K,98K,85I,80V,94C,82N,131D,79M,91Q
model.000.09.pdb,model.000.03.pdb,No common_epitopes
model.000.09.pdb,model.000.04.pdb,131D
model.000.09.pdb,model.000.05.pdb,85I
model.000.09.pdb,model.000.06.pdb,27N,42L,24K,155K,26E,17M,96N,150V,13F,28D,153I,83V,115N,84C,152G,151D,95G,81N,93T,97G,40K,98K,80V,94C,82N,79M,15I,91Q
model.000.09.pdb,model.000.07.pdb,118K,124D,131D,17M,130K,125Q
model.000.09.pdb,model.000.08.pdb,124D,131D,130K,125Q,127K
model.000.09.pdb,model.000.09.pdb,118K,27N,42L,24K,155K,124D,26E,17M,96N,125Q,127K,13F,150V,28D,153I,83V,128C,115N,92V,84C,152G,151D,130K,129S,95G,81N,93T,97G,99C,40K,98K,85I,80V,94C,82N,131D,79M,15I,91Q
model.000.09.pdb,model.000.10.pdb,118K,124D,131D,17M,130K
model.000.09.pdb,model.000.11.pdb,118K,27N,42L,24K,155K,26E,96N,150V,28D,153I,83V,128C,115N,92V,84C,152G,151D,130K,129S,95G,81N,93T,97G,99C,40K,98K,85I,80V,94C,82N,131D,79M,15I,91Q
model.000.09.pdb,model.000.12.pdb,No common_epitopes
model.000.09.pdb,model.000.13.pdb,118K,17M,131D,130K
model.000.09.pdb,model.000.14.pdb,118K,27N,42L,24K,17M,96N,150V,28D,153I,83V,115N,84C,152G,151D,95G,81N,93T,97G,99C,40K,98K,80V,94C,82N,79M,15I
model.000.10.pdb,model.000.00.pdb,123Q,122V,124D,111V,105N,121N,104S,102D,120P,106P,109T,126N,107V
model.000.10.pdb,model.000.01.pdb,135K,119V,3V,134T,4T,21L,19G,16Q,5V,20H,137S,17M,136C,132G,6D,130K,139K,120P,18S,7T,133E
model.000.10.pdb,model.000.02.pdb,118K,124D,121N,131D,130K,116I
model.000.10.pdb,model.000.03.pdb,103T,7T,105N,102D,6D,3V,106P,101L,2K,107V
model.000.10.pdb,model.000.04.pdb,135K,132G,133E,131D,6D,137S,116I,134T,139K,136C
model.000.10.pdb,model.000.05.pdb,103T,7T,105N,104S,102D,3V,101L,4T,2K
model.000.10.pdb,model.000.06.pdb,17M
model.000.10.pdb,model.000.07.pdb,135K,118K,103T,122V,119V,104S,3V,109T,134T,4T,107V,123Q,114C,124D,21L,19G,5V,16Q,121N,102D,100I,20H,17M,137S,126N,2K,136C,132G,6D,101L,130K,111V,139K,120P,7T,18S,105N,131D,106P,133E
model.000.10.pdb,model.000.08.pdb,135K,103T,122V,119V,104S,109T,134T,4T,107V,123Q,124D,121N,102D,126N,132G,130K,111V,120P,105N,131D,106P,133E
model.000.10.pdb,model.000.09.pdb,118K,124D,131D,17M,130K
model.000.10.pdb,model.000.10.pdb,135K,118K,103T,122V,119V,104S,3V,109T,134T,4T,107V,123Q,114C,124D,21L,19G,5V,16Q,121N,102D,100I,20H,17M,137S,116I,126N,2K,136C,132G,6D,101L,130K,111V,139K,120P,7T,18S,105N,131D,106P,113S,133E
model.000.10.pdb,model.000.11.pdb,118K,131D,130K
model.000.10.pdb,model.000.12.pdb,135K,7T,16Q,5V,6D,137S,139K,136C
model.000.10.pdb,model.000.13.pdb,135K,118K,103T,122V,119V,104S,3V,134T,4T,114C,21L,19G,5V,16Q,102D,100I,20H,17M,137S,126N,2K,136C,132G,6D,101L,130K,111V,139K,120P,7T,18S,105N,131D,106P,113S,133E
model.000.10.pdb,model.000.14.pdb,118K,17M
model.000.11.pdb,model.000.00.pdb,93T,90K,99C,92V,80V,89C,94C,91Q
model.000.11.pdb,model.000.01.pdb,148K,159K,130K
model.000.11.pdb,model.000.02.pdb,118K,27N,42L,53C,55D,24K,29L,31L,26E,30V,96N,150V,28D,54G,25C,83V,128C,92V,22E,115N,84C,151D,130K,129S,95G,81N,93T,90K,97G,99C,40K,98K,80V,85I,89C,57S,82N,94C,131D,79M,91Q
model.000.11.pdb,model.000.03.pdb,57S,31L
model.000.11.pdb,model.000.04.pdb,161G,148K,154Y,156C,149A,131D,158C,159K,160D
model.000.11.pdb,model.000.05.pdb,90K,31L,85I,89C,57S
model.000.11.pdb,model.000.06.pdb,27N,42L,53C,55D,24K,29L,155K,31L,26E,30V,96N,150V,28D,54G,25C,153I,83V,115N,22E,84C,152G,151D,95G,81N,93T,97G,40K,98K,80V,94C,82N,57S,79M,15I,91Q
model.000.11.pdb,model.000.07.pdb,118K,131D,130K
model.000.11.pdb,model.000.08.pdb,131D,130K
model.000.11.pdb,model.000.09.pdb,118K,27N,42L,24K,155K,26E,96N,150V,28D,153I,83V,128C,115N,92V,84C,152G,151D,130K,129S,95G,81N,93T,97G,99C,40K,98K,85I,80V,94C,82N,131D,79M,15I,91Q
model.000.11.pdb,model.000.10.pdb,118K,131D,130K
model.000.11.pdb,model.000.11.pdb,118K,163I,162F,27N,42L,53C,149A,159K,55D,160D,157D,24K,31L,155K,161G,170C,29L,154Y,26E,30V,156C,96N,150V,28D,54G,25C,148K,153I,83V,128C,92V,22E,115N,84C,152G,151D,158C,130K,129S,95G,81N,93T,90K,97G,99C,40K,98K,164I,80V,89C,85I,94C,82N,131D,57S,79M,15I,91Q
model.000.11.pdb,model.000.12.pdb,148K,160D,162F,159K
model.000.11.pdb,model.000.13.pdb,118K,154Y,131D,130K
model.000.11.pdb,model.000.14.pdb,118K,27N,42L,53C,55D,24K,31L,29L,30V,96N,150V,28D,54G,25C,153I,83V,115N,22E,84C,152G,151D,95G,81N,93T,97G,99C,40K,98K,80V,94C,82N,57S,79M,15I
model.000.12.pdb,model.000.00.pdb,No common_epitopes
model.000.12.pdb,model.000.01.pdb,135K,141L,138L,7T,144Q,148K,145E,142K,16Q,146T,5V,6D,137S,159K,147C,139K,136C,143E,140C
model.000.12.pdb,model.000.02.pdb,No common_epitopes
model.000.12.pdb,model.000.03.pdb,6D,8V,7T
model.000.12.pdb,model.000.04.pdb,135K,141L,138L,136C,148K,145E,144Q,142K,146T,6D,137S,159K,147C,139K,160D,143E,140C
model.000.12.pdb,model.000.05.pdb,8V,7T
model.000.12.pdb,model.000.06.pdb,No common_epitopes
model.000.12.pdb,model.000.07.pdb,135K,138L,7T,16Q,5V,6D,137S,139K,136C
model.000.12.pdb,model.000.08.pdb,135K
model.000.12.pdb,model.000.09.pdb,No common_epitopes
model.000.12.pdb,model.000.10.pdb,135K,7T,16Q,5V,6D,137S,139K,136C
model.000.12.pdb,model.000.11.pdb,148K,160D,162F,159K
model.000.12.pdb,model.000.12.pdb,135K,162F,146T,159K,160D,140C,16Q,5V,137S,136C,145E,141L,9C,148K,6D,8V,147C,139K,143E,7T,144Q,142K,169I,138L
model.000.12.pdb,model.000.13.pdb,135K,138L,7T,16Q,5V,6D,8V,137S,139K,136C
model.000.12.pdb,model.000.14.pdb,No common_epitopes
model.000.13.pdb,model.000.00.pdb,122V,111V,105N,104S,102D,106P,112C,126N,120P
model.000.13.pdb,model.000.01.pdb,135K,119V,3V,134T,4T,21L,19G,16Q,5V,20H,137S,17M,136C,132G,6D,130K,139K,120P,18S,7T,138L,133E
model.000.13.pdb,model.000.02.pdb,118K,131D,130K
model.000.13.pdb,model.000.03.pdb,34E,103T,7T,35E,10K,105N,102D,6D,3V,8V,106P,101L,33N,2K
model.000.13.pdb,model.000.04.pdb,135K,132G,138L,154Y,133E,131D,6D,137S,134T,139K,136C
model.000.13.pdb,model.000.05.pdb,34E,103T,7T,35E,10K,105N,104S,102D,3V,8V,33N,101L,4T,2K
model.000.13.pdb,model.000.06.pdb,17M
model.000.13.pdb,model.000.07.pdb,135K,118K,103T,122V,119V,104S,3V,112C,4T,134T,114C,21L,16Q,19G,5V,100I,102D,20H,137S,17M,126N,2K,136C,132G,6D,101L,130K,111V,139K,120P,34E,18S,7T,105N,131D,106P,138L,133E
model.000.13.pdb,model.000.08.pdb,135K,132G,103T,122V,130K,111V,119V,105N,134T,104S,102D,131D,106P,112C,126N,4T,133E,120P
model.000.13.pdb,model.000.09.pdb,118K,17M,131D,130K
model.000.13.pdb,model.000.10.pdb,135K,118K,103T,122V,119V,104S,3V,134T,4T,114C,21L,19G,5V,16Q,102D,100I,20H,17M,137S,126N,2K,136C,132G,6D,101L,130K,111V,139K,120P,7T,18S,105N,131D,106P,113S,133E
model.000.13.pdb,model.000.11.pdb,118K,154Y,131D,130K
model.000.13.pdb,model.000.12.pdb,135K,138L,7T,16Q,5V,6D,8V,137S,139K,136C
model.000.13.pdb,model.000.13.pdb,135K,118K,103T,122V,35E,119V,10K,104S,3V,112C,4T,134T,114C,21L,154Y,16Q,19G,5V,100I,102D,20H,137S,17M,126N,2K,136C,132G,6D,101L,130K,111V,8V,139K,120P,34E,18S,7T,105N,131D,106P,33N,113S,138L,133E
model.000.13.pdb,model.000.14.pdb,118K,17M
model.000.14.pdb,model.000.00.pdb,93T,72K,99C,80V,94C
model.000.14.pdb,model.000.01.pdb,17M
model.000.14.pdb,model.000.02.pdb,118K,27N,42L,53C,44C,55D,24K,31L,29L,30V,41V,96N,150V,28D,54G,25C,83V,115N,22E,71C,84C,151D,95G,43K,81N,93T,97G,99C,40K,98K,80V,94C,82N,57S,79M
model.000.14.pdb,model.000.03.pdb,72K,52P,31L,60I,46E,57S,45D
model.000.14.pdb,model.000.04.pdb,No common_epitopes
model.000.14.pdb,model.000.05.pdb,72K,52P,31L,60I,57S
model.000.14.pdb,model.000.06.pdb,27N,42L,53C,44C,70A,55D,24K,31L,29L,52P,30V,68S,41V,17M,96N,150V,66P,28D,45D,54G,25C,153I,83V,46E,115N,22E,71C,84C,152G,151D,95G,43K,81N,93T,72K,97G,40K,98K,80V,69Y,94C,82N,57S,79M,15I
model.000.14.pdb,model.000.07.pdb,118K,17M
model.000.14.pdb,model.000.08.pdb,No common_epitopes
model.000.14.pdb,model.000.09.pdb,118K,27N,42L,24K,17M,96N,150V,28D,153I,83V,115N,84C,152G,151D,95G,81N,93T,97G,99C,40K,98K,80V,94C,82N,79M,15I
model.000.14.pdb,model.000.10.pdb,118K,17M
model.000.14.pdb,model.000.11.pdb,118K,27N,42L,53C,55D,24K,31L,29L,30V,96N,150V,28D,54G,25C,153I,83V,115N,22E,84C,152G,151D,95G,81N,93T,97G,99C,40K,98K,80V,94C,82N,57S,79M,15I
model.000.14.pdb,model.000.12.pdb,No common_epitopes
model.000.14.pdb,model.000.13.pdb,118K,17M
model.000.14.pdb,model.000.14.pdb,118K,27N,60I,42L,53C,44C,70A,55D,24K,31L,29L,52P,30V,68S,41V,17M,96N,150V,66P,28D,45D,54G,25C,153I,83V,46E,115N,22E,71C,84C,152G,151D,95G,43K,81N,93T,72K,97G,99C,40K,98K,80V,69Y,94C,82N,57S,79M,15I
