1266,6phc,Common_Epitopes
model.000.00.pdb,model.000.00.pdb,104S,138L,35E,141L,136C,5V,3V,10K,9C,135K,7T,20H,16Q,34E,139K,140C,4T,137S,36T,21L,103T,2K,6D,33N,19G,8V
model.000.00.pdb,model.000.01.pdb,145E,141L,9C,5V,7T,6D,14L,8V,142K
model.000.00.pdb,model.000.02.pdb,138L,145E,19G,141L,136C,140C,6D,4T,5V,3V,135K,137S,7T,139K,20H,142K,21L,16Q,2K
model.000.00.pdb,model.000.03.pdb,104S,35E,5V,3V,102D,109T,10K,9C,7T,20H,101L,34E,4T,111V,36T,19G,103T,2K,6D,108K,33N,21L,8V
model.000.00.pdb,model.000.04.pdb,138L,145E,141L,136C,140C,6D,9C,5V,135K,137S,7T,139K,142K,4T,8V,16Q
model.000.00.pdb,model.000.05.pdb,23C
model.000.00.pdb,model.000.06.pdb,145E,142K,16Q,23C
model.000.00.pdb,model.000.07.pdb,104S,138L,35E,141L,136C,5V,3V,102D,109T,10K,135K,107V,7T,105N,20H,16Q,101L,34E,139K,140C,4T,137S,36T,19G,103T,2K,6D,108K,33N,21L,8V
model.000.00.pdb,model.000.08.pdb,104S,109T,139K,34E,107V,6D,4T,5V,101L,3V,102D,137S,7T,105N,33N,20H,21L,108K,16Q,103T,2K
model.000.00.pdb,model.000.09.pdb,138L,145E,35E,141L,136C,5V,3V,142K,10K,9C,135K,7T,20H,14L,16Q,139K,140C,4T,137S,36T,19G,2K,6D,21L,8V
model.000.00.pdb,model.000.10.pdb,No common_epitopes
model.000.00.pdb,model.000.11.pdb,10K,9C,142K,14L
model.000.00.pdb,model.000.12.pdb,104S,10K,35E,6D,21L,34E,108K,9C,33N,101L,3V,102D,7T,103T,20H,36T,8V,4T,105N,2K
model.000.00.pdb,model.000.13.pdb,109T,110G,107V,126N,111V,108K
model.000.00.pdb,model.000.14.pdb,138L,19G,141L,136C,140C,6D,4T,5V,3V,135K,137S,139K,126N,20H,21L,16Q
model.000.00.pdb,model.000.15.pdb,No common_epitopes
model.000.00.pdb,model.000.16.pdb,23C
model.000.00.pdb,model.000.17.pdb,145E,35E,139K,34E,10K,8V,9C,5V,3V,4T,7T,6D,36T,142K,14L,33N,2K
model.000.00.pdb,model.000.18.pdb,138L,145E,19G,141L,136C,140C,6D,4T,5V,3V,135K,137S,7T,139K,20H,142K,21L,16Q
model.000.00.pdb,model.000.19.pdb,20H
model.000.00.pdb,model.000.20.pdb,138L,145E,141L,136C,140C,135K,137S,139K,142K
model.000.00.pdb,model.000.21.pdb,126N
model.000.00.pdb,model.000.22.pdb,104S,138L,35E,141L,145E,5V,3V,102D,142K,10K,9C,107V,7T,103T,14L,101L,34E,139K,140C,4T,137S,36T,105N,2K,6D,108K,33N,21L,8V
model.000.00.pdb,model.000.23.pdb,138L,145E,21L,141L,136C,140C,6D,9C,5V,135K,137S,7T,8V,139K,14L,4T,142K,16Q
model.000.00.pdb,model.000.24.pdb,104S,110G,19G,107V,126N,4T,111V,101L,3V,135K,102D,137S,7T,103T,109T,20H,21L,108K,16Q,105N,2K
model.000.00.pdb,model.000.25.pdb,138L,104S,19G,141L,136C,145E,140C,6D,4T,5V,3V,135K,137S,7T,139K,20H,142K,21L,16Q,105N,2K
model.000.00.pdb,model.000.26.pdb,No common_epitopes
model.000.00.pdb,model.000.27.pdb,101L,110G,35E,34E,10K,107V,108K,4T,33N,3V,7T,36T,8V,103T,2K
model.000.00.pdb,model.000.28.pdb,138L,145E,35E,141L,8V,34E,10K,140C,6D,9C,5V,3V,7T,139K,36T,142K,14L,33N,2K
model.000.00.pdb,model.000.29.pdb,145E,141L,10K,140C,6D,9C,5V,4T,7T,36T,139K,142K,8V,14L
model.000.01.pdb,model.000.00.pdb,No common_epitopes
model.000.01.pdb,model.000.01.pdb,29L,42L,26E,40K,51K,27N,28D,39E,41V,11R,163I,164I,13F
model.000.01.pdb,model.000.02.pdb,No common_epitopes
model.000.01.pdb,model.000.03.pdb,51K,52P,38E,39E,11R
model.000.01.pdb,model.000.04.pdb,No common_epitopes
model.000.01.pdb,model.000.05.pdb,29L,82N,53C,151D,24K,96N,164I,42L,26E,30V,115N,71C,54G,81N,40K,28D,97G,163I,79M,95G,13F,25C,27N,55D
model.000.01.pdb,model.000.06.pdb,29L,82N,43K,151D,41V,24K,96N,164I,94C,54G,26E,30V,115N,44C,42L,81N,40K,28D,97G,163I,95G,13F,57S,25C,27N,55D
model.000.01.pdb,model.000.07.pdb,No common_epitopes
model.000.01.pdb,model.000.08.pdb,No common_epitopes
model.000.01.pdb,model.000.09.pdb,13F,11R
model.000.01.pdb,model.000.10.pdb,29L,82N,53C,54G,26E,151D,40K,28D,30V,97G,27N,115N,24K,55D,96N,81N,94C,95G,42L
model.000.01.pdb,model.000.11.pdb,51K,43K,26E,47K,13F,11R,40K,29L,24K,28D,39E,41V,42L,27N,151D,163I,164I,25C,38E
model.000.01.pdb,model.000.12.pdb,51K,53C,54G,26E,57S,39E,52P,11R,55D,38E
model.000.01.pdb,model.000.13.pdb,94C
model.000.01.pdb,model.000.14.pdb,115N
model.000.01.pdb,model.000.15.pdb,29L,82N,53C,43K,47K,51K,41V,54G,38E,30V,44C,48T,42L,81N,69Y,40K,28D,52P,79M,39E,57S,27N,11R,55D,45D
model.000.01.pdb,model.000.16.pdb,29L,82N,53C,43K,151D,41V,24K,164I,54G,26E,30V,44C,71C,42L,81N,69Y,40K,28D,163I,79M,13F,39E,57S,25C,27N,59C,11R,55D,70A
model.000.01.pdb,model.000.17.pdb,29L,38E,26E,47K,13F,11R,40K,51K,24K,28D,39E,41V,27N,25C,164I,42L
model.000.01.pdb,model.000.18.pdb,No common_epitopes
model.000.01.pdb,model.000.19.pdb,29L,82N,53C,43K,151D,41V,24K,164I,38E,26E,30V,115N,42L,81N,40K,28D,163I,79M,13F,39E,25C,27N,11R,55D
model.000.01.pdb,model.000.20.pdb,163I
model.000.01.pdb,model.000.21.pdb,82N,81N,151D,24K,97G,115N,55D,96N,94C,95G
model.000.01.pdb,model.000.22.pdb,No common_epitopes
model.000.01.pdb,model.000.23.pdb,164I,13F
model.000.01.pdb,model.000.24.pdb,No common_epitopes
model.000.01.pdb,model.000.25.pdb,No common_epitopes
model.000.01.pdb,model.000.26.pdb,29L,82N,53C,151D,24K,96N,42L,30V,115N,71C,54G,81N,69Y,40K,28D,97G,79M,95G,57S,25C,27N,59C,55D,70A
model.000.01.pdb,model.000.27.pdb,51K,38E,39E,52P,11R,79M
model.000.01.pdb,model.000.28.pdb,29L,26E,39E,27N,11R,164I
model.000.01.pdb,model.000.29.pdb,29L,38E,39E,26E,27N,11R,13F
model.000.02.pdb,model.000.00.pdb,104S,10K,35E,139K,100I,34E,6D,4T,5V,33N,3V,7T,20H,36T,8V,21L,103T,2K
model.000.02.pdb,model.000.01.pdb,8V,5V,6D,7T
model.000.02.pdb,model.000.02.pdb,139K,6D,4T,5V,3V,7T,20H,21L,2K
model.000.02.pdb,model.000.03.pdb,104S,50N,35E,100I,86P,5V,3V,102D,109T,10K,77Y,7T,20H,58K,56F,75L,101L,34E,4T,87N,32V,36T,103T,2K,6D,8V,33N,21L,108K,76G,74N
model.000.02.pdb,model.000.04.pdb,6D,4T,5V,7T,139K,8V
model.000.02.pdb,model.000.05.pdb,56F
model.000.02.pdb,model.000.06.pdb,32V,56F
model.000.02.pdb,model.000.07.pdb,104S,35E,100I,86P,5V,3V,102D,109T,10K,77Y,7T,103T,106P,20H,56F,75L,101L,34E,139K,107V,4T,36T,105N,2K,6D,8V,33N,21L,108K,74N
model.000.02.pdb,model.000.08.pdb,104S,106P,5V,3V,102D,109T,77Y,7T,103T,86P,20H,58K,56F,75L,101L,34E,139K,107V,4T,87N,32V,105N,2K,6D,33N,21L,108K,76G,74N
model.000.02.pdb,model.000.09.pdb,10K,35E,139K,6D,4T,5V,3V,7T,20H,36T,8V,21L,2K
model.000.02.pdb,model.000.10.pdb,No common_epitopes
model.000.02.pdb,model.000.11.pdb,10K
model.000.02.pdb,model.000.12.pdb,104S,50N,35E,100I,86P,3V,102D,10K,77Y,7T,105N,20H,58K,56F,75L,101L,34E,4T,87N,32V,36T,103T,2K,6D,8V,33N,21L,108K,76G,74N
model.000.02.pdb,model.000.13.pdb,109T,107V,87N,108K,100I
model.000.02.pdb,model.000.14.pdb,6D,4T,5V,3V,139K,20H,21L
model.000.02.pdb,model.000.15.pdb,56F
model.000.02.pdb,model.000.16.pdb,56F
model.000.02.pdb,model.000.17.pdb,50N,10K,35E,139K,34E,4T,5V,3V,7T,32V,6D,36T,8V,58K,33N,2K
model.000.02.pdb,model.000.18.pdb,139K,6D,4T,5V,3V,7T,20H,21L
model.000.02.pdb,model.000.19.pdb,20H,56F
model.000.02.pdb,model.000.20.pdb,139K
model.000.02.pdb,model.000.21.pdb,No common_epitopes
model.000.02.pdb,model.000.22.pdb,104S,35E,106P,5V,3V,102D,10K,77Y,7T,105N,58K,56F,75L,101L,34E,139K,107V,4T,87N,32V,36T,103T,2K,6D,8V,33N,21L,108K,76G,74N
model.000.02.pdb,model.000.23.pdb,6D,4T,5V,7T,139K,21L,8V
model.000.02.pdb,model.000.24.pdb,104S,101L,100I,107V,106P,4T,3V,102D,7T,103T,109T,20H,21L,108K,105N,2K
model.000.02.pdb,model.000.25.pdb,104S,139K,6D,4T,5V,3V,7T,20H,21L,105N,2K
model.000.02.pdb,model.000.26.pdb,77Y,58K
model.000.02.pdb,model.000.27.pdb,50N,35E,100I,86P,3V,10K,77Y,7T,106P,58K,56F,75L,101L,34E,107V,4T,87N,32V,36T,103T,2K,8V,33N,108K,76G,74N
model.000.02.pdb,model.000.28.pdb,10K,35E,139K,34E,5V,3V,7T,6D,36T,8V,33N,2K
model.000.02.pdb,model.000.29.pdb,10K,139K,4T,5V,7T,32V,6D,36T,8V
model.000.03.pdb,model.000.00.pdb,10K,141L,140C,6D,9C,5V,7T,139K,8V,4T
model.000.03.pdb,model.000.01.pdb,145E,29L,141L,5V,170C,162F,164I,26E,12G,9C,159K,7T,14L,171T,169I,144Q,163I,142K,6D,13F,39E,27N,143E,11R,8V
model.000.03.pdb,model.000.02.pdb,145E,141L,140C,6D,4T,5V,159K,169I,170C,143E,144Q,139K,142K,7T
model.000.03.pdb,model.000.03.pdb,10K,6D,39E,12G,4T,5V,7T,11R,8V,9C
model.000.03.pdb,model.000.04.pdb,145E,141L,140C,6D,9C,5V,159K,169I,4T,170C,143E,162F,144Q,158C,139K,142K,8V,7T
model.000.03.pdb,model.000.05.pdb,29L,13F,26E,159K,27N,170C,162F,158C,163I,164I
model.000.03.pdb,model.000.06.pdb,145E,29L,13F,26E,12G,159K,27N,170C,162F,158C,163I,142K,164I
model.000.03.pdb,model.000.07.pdb,10K,141L,140C,6D,4T,5V,7T,139K,8V
model.000.03.pdb,model.000.08.pdb,6D,4T,5V,139K,7T
model.000.03.pdb,model.000.09.pdb,145E,141L,13F,12G,140C,10K,9C,5V,169I,7T,143E,11R,6D,139K,14L,8V,142K,4T
model.000.03.pdb,model.000.10.pdb,29L,26E,159K,27N,162F,158C
model.000.03.pdb,model.000.11.pdb,10K,29L,13F,26E,12G,9C,11R,159K,169I,39E,170C,162F,27N,158C,163I,14L,164I,142K
model.000.03.pdb,model.000.12.pdb,10K,6D,39E,26E,12G,9C,7T,11R,8V,4T
model.000.03.pdb,model.000.13.pdb,No common_epitopes
model.000.03.pdb,model.000.14.pdb,139K,140C,6D,4T,5V,141L
model.000.03.pdb,model.000.15.pdb,29L,27N,39E,11R
model.000.03.pdb,model.000.16.pdb,29L,13F,26E,171T,11R,27N,169I,39E,170C,158C,163I,164I
model.000.03.pdb,model.000.17.pdb,145E,29L,5V,170C,164I,10K,26E,12G,9C,7T,14L,139K,171T,4T,169I,142K,6D,13F,39E,27N,11R,8V
model.000.03.pdb,model.000.18.pdb,145E,141L,140C,6D,4T,5V,159K,7T,162F,144Q,158C,139K,142K
model.000.03.pdb,model.000.19.pdb,29L,13F,26E,11R,159K,169I,39E,170C,162F,27N,158C,163I,164I
model.000.03.pdb,model.000.20.pdb,145E,141L,171T,140C,159K,169I,170C,139K,162F,144Q,163I,172G,142K,143E,158C
model.000.03.pdb,model.000.21.pdb,No common_epitopes
model.000.03.pdb,model.000.22.pdb,145E,141L,8V,12G,140C,10K,9C,5V,7T,6D,139K,14L,142K,4T
model.000.03.pdb,model.000.23.pdb,145E,141L,5V,170C,162F,164I,12G,9C,159K,7T,14L,139K,140C,4T,169I,144Q,158C,142K,6D,13F,143E,8V
model.000.03.pdb,model.000.24.pdb,4T,7T
model.000.03.pdb,model.000.25.pdb,145E,139K,140C,6D,4T,5V,159K,7T,143E,144Q,141L,142K
model.000.03.pdb,model.000.26.pdb,29L,27N
model.000.03.pdb,model.000.27.pdb,10K,39E,4T,7T,11R,8V
model.000.03.pdb,model.000.28.pdb,145E,29L,141L,5V,170C,164I,10K,26E,12G,9C,7T,14L,139K,140C,169I,144Q,142K,6D,39E,27N,143E,11R,8V
model.000.03.pdb,model.000.29.pdb,145E,29L,141L,5V,143E,162F,10K,26E,12G,9C,159K,7T,14L,139K,140C,4T,169I,144Q,142K,6D,13F,39E,27N,11R,8V
model.000.04.pdb,model.000.00.pdb,No common_epitopes
model.000.04.pdb,model.000.01.pdb,29L,42L,26E,171T,156C,40K,28D,27N,157D,39E,41V,170C,162F,11R,163I,169I,164I,13F
model.000.04.pdb,model.000.02.pdb,170C,155K,156C,169I,157D
model.000.04.pdb,model.000.03.pdb,31L,39E,11R
model.000.04.pdb,model.000.04.pdb,156C,169I,170C,162F,158C,161G,160D
model.000.04.pdb,model.000.05.pdb,29L,82N,53C,151D,157D,170C,24K,161G,155K,164I,160D,54G,26E,30V,71C,152G,83V,42L,81N,156C,40K,28D,150V,158C,13F,25C,163I,27N,31L,55D,162F
model.000.04.pdb,model.000.06.pdb,29L,82N,43K,151D,157D,41V,170C,24K,161G,155K,164I,42L,26E,30V,152G,83V,54G,81N,156C,40K,28D,150V,158C,13F,25C,163I,27N,31L,55D,162F
model.000.04.pdb,model.000.07.pdb,No common_epitopes
model.000.04.pdb,model.000.08.pdb,No common_epitopes
model.000.04.pdb,model.000.09.pdb,156C,11R,13F,169I
model.000.04.pdb,model.000.10.pdb,29L,82N,53C,151D,157D,24K,161G,155K,160D,54G,26E,30V,152G,83V,42L,81N,40K,28D,150V,158C,27N,31L,55D,162F
model.000.04.pdb,model.000.11.pdb,29L,43K,47K,157D,41V,170C,162F,158C,155K,164I,160D,26E,24K,151D,42L,156C,40K,28D,169I,150V,163I,13F,39E,25C,27N,11R
model.000.04.pdb,model.000.12.pdb,53C,54G,39E,26E,11R,31L,55D
model.000.04.pdb,model.000.13.pdb,No common_epitopes
model.000.04.pdb,model.000.14.pdb,155K,152G,150V
model.000.04.pdb,model.000.15.pdb,29L,82N,53C,43K,81N,47K,11R,40K,28D,30V,39E,41V,42L,27N,31L,55D,83V,54G
model.000.04.pdb,model.000.16.pdb,29L,82N,53C,43K,151D,157D,41V,170C,24K,163I,155K,164I,42L,31L,26E,30V,71C,83V,54G,81N,171T,156C,40K,28D,169I,158C,13F,39E,25C,27N,11R,55D
model.000.04.pdb,model.000.17.pdb,29L,42L,26E,171T,47K,40K,28D,24K,169I,39E,41V,170C,27N,11R,164I,25C,13F
model.000.04.pdb,model.000.18.pdb,161G,150V,162F,158C,160D
model.000.04.pdb,model.000.19.pdb,29L,82N,53C,43K,151D,157D,41V,170C,24K,161G,155K,164I,160D,31L,26E,30V,152G,83V,42L,81N,156C,40K,28D,169I,150V,158C,13F,39E,25C,163I,27N,11R,55D,162F
model.000.04.pdb,model.000.20.pdb,171T,156C,157D,170C,150V,162F,163I,172G,155K,169I,160D,158C
model.000.04.pdb,model.000.21.pdb,82N,83V,81N,151D,24K,152G,150V,55D
model.000.04.pdb,model.000.22.pdb,156C
model.000.04.pdb,model.000.23.pdb,13F,169I,170C,162F,158C,157D,164I
model.000.04.pdb,model.000.24.pdb,No common_epitopes
model.000.04.pdb,model.000.25.pdb,156C
model.000.04.pdb,model.000.26.pdb,29L,152G,53C,42L,81N,151D,31L,40K,28D,30V,27N,82N,150V,24K,25C,55D,83V,71C,54G
model.000.04.pdb,model.000.27.pdb,39E,11R
model.000.04.pdb,model.000.28.pdb,29L,39E,26E,156C,27N,169I,170C,11R,164I
model.000.04.pdb,model.000.29.pdb,29L,13F,26E,156C,27N,169I,39E,162F,11R
model.000.05.pdb,model.000.00.pdb,104S,138L,35E,141L,136C,100I,147C,5V,3V,113S,135K,7T,20H,16Q,34E,139K,140C,4T,154Y,18S,137S,146T,21L,103T,2K,17M,6D,134T,33N,19G,116I
model.000.05.pdb,model.000.01.pdb,145E,5V,141L,156C,159K,7T,144Q,6D,142K
model.000.05.pdb,model.000.02.pdb,138L,147C,141L,136C,145E,5V,3V,159K,135K,7T,133E,20H,16Q,139K,140C,4T,156C,119V,18S,137S,144Q,146T,142K,19G,2K,17M,6D,134T,132G,21L
model.000.05.pdb,model.000.03.pdb,104S,101L,35E,6D,100I,34E,4T,5V,33N,3V,102D,7T,111V,109T,20H,19G,21L,103T,2K
model.000.05.pdb,model.000.04.pdb,138L,145E,156C,141L,136C,147C,140C,6D,4T,5V,159K,154Y,135K,137S,7T,144Q,146T,139K,142K,16Q
model.000.05.pdb,model.000.05.pdb,17M,113S,156C,159K,154Y,118K,146T,116I
model.000.05.pdb,model.000.06.pdb,145E,17M,113S,156C,159K,118K,128C,142K,130K,121N,16Q,132G
model.000.05.pdb,model.000.07.pdb,104S,138L,35E,141L,136C,100I,5V,3V,102D,109T,135K,7T,105N,20H,16Q,101L,34E,139K,140C,4T,137S,19G,103T,2K,6D,33N,21L
model.000.05.pdb,model.000.08.pdb,104S,109T,139K,34E,6D,4T,5V,101L,3V,102D,137S,7T,105N,33N,20H,21L,16Q,103T,2K
model.000.05.pdb,model.000.09.pdb,138L,145E,35E,141L,136C,5V,3V,135K,7T,20H,16Q,139K,140C,4T,156C,137S,142K,21L,2K,17M,6D,19G
model.000.05.pdb,model.000.10.pdb,147C,17M,113S,134T,159K,154Y,114C,118K,133E,116I,132G
model.000.05.pdb,model.000.11.pdb,142K,156C,159K
model.000.05.pdb,model.000.12.pdb,104S,101L,35E,6D,100I,34E,4T,33N,3V,102D,7T,103T,20H,21L,105N,2K
model.000.05.pdb,model.000.13.pdb,109T,122V,100I,113S,120P,126N,128C,111V,112C,121N,130K
model.000.05.pdb,model.000.14.pdb,138L,147C,141L,136C,5V,3V,118K,113S,135K,133E,20H,16Q,126N,139K,140C,4T,119V,18S,137S,154Y,19G,122V,17M,6D,134T,120P,132G,21L,116I,130K
model.000.05.pdb,model.000.15.pdb,No common_epitopes
model.000.05.pdb,model.000.16.pdb,156C
model.000.05.pdb,model.000.17.pdb,145E,35E,139K,34E,4T,5V,3V,7T,6D,142K,33N,2K
model.000.05.pdb,model.000.18.pdb,138L,147C,141L,136C,145E,5V,3V,159K,135K,7T,133E,20H,16Q,139K,140C,4T,154Y,18S,137S,144Q,146T,142K,119V,21L,6D,134T,132G,19G,116I,130K
model.000.05.pdb,model.000.19.pdb,20H,17M,156C,159K
model.000.05.pdb,model.000.20.pdb,138L,147C,141L,136C,145E,140C,156C,159K,154Y,135K,137S,144Q,146T,139K,142K
model.000.05.pdb,model.000.21.pdb,17M,18S,113S,126N,130K,154Y,114C,118K,112C,121N,116I,132G
model.000.05.pdb,model.000.22.pdb,104S,145E,35E,141L,5V,3V,102D,138L,7T,103T,101L,34E,139K,140C,4T,156C,137S,142K,105N,2K,6D,33N,21L
model.000.05.pdb,model.000.23.pdb,138L,145E,141L,136C,147C,140C,6D,4T,5V,159K,135K,137S,7T,144Q,146T,139K,142K,21L,16Q
model.000.05.pdb,model.000.24.pdb,104S,100I,3V,102D,109T,113S,135K,7T,105N,133E,20H,121N,16Q,101L,4T,119V,18S,137S,111V,19G,103T,2K,122V,17M,134T,120P,114C,126N,21L,112C
model.000.05.pdb,model.000.25.pdb,138L,104S,141L,136C,145E,5V,3V,159K,135K,7T,133E,20H,16Q,139K,147C,140C,4T,156C,119V,18S,137S,144Q,146T,142K,21L,105N,2K,17M,6D,134T,132G,19G,116I
model.000.05.pdb,model.000.26.pdb,17M,116I
model.000.05.pdb,model.000.27.pdb,101L,34E,35E,100I,4T,33N,3V,7T,103T,2K
model.000.05.pdb,model.000.28.pdb,138L,145E,35E,156C,141L,34E,140C,6D,5V,3V,7T,144Q,139K,142K,33N,2K
model.000.05.pdb,model.000.29.pdb,145E,156C,141L,140C,6D,4T,5V,159K,7T,144Q,139K,142K
model.000.06.pdb,model.000.00.pdb,17M,139K,136C,100I,116I,113S,6D,4T,5V,134T,3V,154Y,135K,18S,137S,20H,19G,21L,16Q
model.000.06.pdb,model.000.01.pdb,5V,6D
model.000.06.pdb,model.000.02.pdb,17M,139K,136C,6D,4T,5V,134T,3V,119V,135K,18S,137S,132G,133E,20H,21L,19G,16Q
model.000.06.pdb,model.000.03.pdb,6D,100I,4T,5V,3V,102D,111V,20H,19G,21L
model.000.06.pdb,model.000.04.pdb,139K,136C,4T,5V,154Y,135K,137S,6D,16Q
model.000.06.pdb,model.000.05.pdb,17M,113S,154Y,131D,118K,116I
model.000.06.pdb,model.000.06.pdb,17M,113S,117G,131D,118K,128C,125Q,130K,121N,16Q,132G
model.000.06.pdb,model.000.07.pdb,139K,136C,100I,6D,4T,5V,3V,135K,102D,137S,20H,19G,21L,16Q
model.000.06.pdb,model.000.08.pdb,139K,6D,4T,5V,3V,102D,137S,20H,21L,16Q
model.000.06.pdb,model.000.09.pdb,17M,139K,136C,6D,4T,5V,3V,135K,137S,20H,21L,19G,16Q
model.000.06.pdb,model.000.10.pdb,17M,113S,134T,154Y,117G,114C,131D,118K,133E,116I,132G
model.000.06.pdb,model.000.11.pdb,No common_epitopes
model.000.06.pdb,model.000.12.pdb,6D,100I,4T,3V,102D,20H,21L
model.000.06.pdb,model.000.13.pdb,122V,123Q,100I,113S,111V,120P,126N,128C,125Q,112C,121N,130K
model.000.06.pdb,model.000.14.pdb,136C,5V,3V,118K,117G,113S,135K,131D,133E,20H,16Q,126N,139K,4T,119V,18S,137S,154Y,21L,122V,17M,6D,134T,120P,132G,19G,116I,130K
model.000.06.pdb,model.000.15.pdb,No common_epitopes
model.000.06.pdb,model.000.16.pdb,No common_epitopes
model.000.06.pdb,model.000.17.pdb,6D,4T,5V,139K,3V
model.000.06.pdb,model.000.18.pdb,136C,5V,3V,117G,135K,131D,133E,20H,16Q,139K,4T,119V,18S,137S,154Y,21L,6D,134T,132G,19G,116I,130K
model.000.06.pdb,model.000.19.pdb,20H,17M
model.000.06.pdb,model.000.20.pdb,135K,137S,139K,136C,154Y
model.000.06.pdb,model.000.21.pdb,17M,123Q,114C,113S,126N,130K,154Y,117G,18S,131D,118K,125Q,112C,121N,116I,132G
model.000.06.pdb,model.000.22.pdb,139K,4T,5V,3V,102D,137S,6D,21L
model.000.06.pdb,model.000.23.pdb,139K,136C,4T,5V,135K,137S,6D,21L,16Q
model.000.06.pdb,model.000.24.pdb,100I,111V,3V,102D,123Q,113S,135K,133E,20H,121N,16Q,4T,119V,18S,137S,125Q,21L,122V,17M,134T,120P,114C,126N,19G,112C
model.000.06.pdb,model.000.25.pdb,17M,139K,136C,116I,6D,4T,5V,134T,3V,119V,135K,18S,137S,132G,133E,20H,19G,21L,16Q
model.000.06.pdb,model.000.26.pdb,17M,116I
model.000.06.pdb,model.000.27.pdb,4T,3V,100I
model.000.06.pdb,model.000.28.pdb,6D,5V,139K,3V
model.000.06.pdb,model.000.29.pdb,6D,4T,5V,139K
model.000.07.pdb,model.000.00.pdb,15I,17M,116I
model.000.07.pdb,model.000.01.pdb,29L,42L,26E,40K,28D,27N,39E,41V
model.000.07.pdb,model.000.02.pdb,148K,17M
model.000.07.pdb,model.000.03.pdb,39E,58K,52P,31L,85I,56F
model.000.07.pdb,model.000.04.pdb,148K,160D
model.000.07.pdb,model.000.05.pdb,29L,82N,53C,151D,153I,84C,24K,96N,80V,54G,149A,26E,22E,30V,160D,115N,99C,71C,56F,152G,83V,42L,81N,40K,28D,97G,150V,79M,85I,95G,17M,148K,25C,27N,23C,98K,31L,15I,55D,116I
model.000.07.pdb,model.000.06.pdb,29L,82N,43K,151D,153I,41V,84C,30V,96N,80V,42L,57S,26E,22E,24K,115N,99C,44C,56F,152G,83V,54G,81N,40K,28D,97G,150V,95G,17M,148K,25C,27N,23C,98K,31L,15I,55D
model.000.07.pdb,model.000.07.pdb,22E,56F
model.000.07.pdb,model.000.08.pdb,78D,85I,56F,58K
model.000.07.pdb,model.000.09.pdb,15I,17M
model.000.07.pdb,model.000.10.pdb,29L,82N,53C,151D,153I,84C,24K,96N,80V,42L,149A,26E,98K,22E,30V,160D,115N,99C,152G,83V,54G,81N,40K,28D,97G,150V,85I,95G,17M,148K,27N,114C,31L,15I,55D,116I
model.000.07.pdb,model.000.11.pdb,29L,43K,26E,148K,47K,40K,28D,24K,39E,41V,150V,27N,25C,151D,160D,42L
model.000.07.pdb,model.000.12.pdb,73C,53C,54G,26E,98K,57S,72K,58K,39E,52P,31L,55D,85I,56F
model.000.07.pdb,model.000.13.pdb,98K,99C
model.000.07.pdb,model.000.14.pdb,149A,17M,152G,148K,153I,115N,150V,116I
model.000.07.pdb,model.000.15.pdb,29L,82N,53C,43K,47K,41V,84C,54G,30V,44C,56F,83V,42L,81N,69Y,40K,28D,52P,79M,39E,57S,27N,66P,31L,55D,45D
model.000.07.pdb,model.000.16.pdb,29L,82N,53C,43K,151D,72K,41V,84C,24K,80V,54G,26E,30V,44C,71C,56F,73C,83V,42L,81N,69Y,40K,28D,79M,85I,39E,57S,25C,27N,23C,59C,31L,55D,70A
model.000.07.pdb,model.000.17.pdb,29L,42L,26E,47K,40K,28D,24K,39E,41V,27N,25C,58K
model.000.07.pdb,model.000.18.pdb,148K,149A,150V,160D,116I
model.000.07.pdb,model.000.19.pdb,29L,82N,53C,43K,151D,153I,41V,84C,24K,160D,149A,26E,22E,30V,115N,56F,152G,83V,42L,81N,40K,28D,150V,79M,85I,17M,39E,148K,25C,27N,98K,31L,15I,55D
model.000.07.pdb,model.000.20.pdb,148K,149A,150V,160D
model.000.07.pdb,model.000.21.pdb,149A,17M,82N,83V,81N,98K,151D,116I,152G,153I,85I,97G,114C,115N,150V,24K,99C,55D,96N,80V,95G
model.000.07.pdb,model.000.22.pdb,58K,56F
model.000.07.pdb,model.000.23.pdb,No common_epitopes
model.000.07.pdb,model.000.24.pdb,114C,17M
model.000.07.pdb,model.000.25.pdb,17M,116I
model.000.07.pdb,model.000.26.pdb,29L,82N,53C,151D,72K,153I,78D,84C,30V,96N,80V,42L,24K,115N,71C,58K,73C,152G,83V,54G,81N,69Y,40K,28D,97G,150V,79M,95G,17M,57S,25C,27N,70A,98K,59C,31L,55D,116I
model.000.07.pdb,model.000.27.pdb,73C,39E,72K,80V,78D,52P,85I,79M,58K,56F
model.000.07.pdb,model.000.28.pdb,27N,29L,39E,26E
model.000.07.pdb,model.000.29.pdb,27N,29L,39E,26E
model.000.08.pdb,model.000.00.pdb,No common_epitopes
model.000.08.pdb,model.000.01.pdb,145E,29L,156C,42L,26E,12G,171T,40K,28D,27N,157D,39E,41V,170C,11R,163I,142K,169I,164I,13F
model.000.08.pdb,model.000.02.pdb,145E,156C,169I,170C,155K,157D,142K
model.000.08.pdb,model.000.03.pdb,11R,38E,39E,12G
model.000.08.pdb,model.000.04.pdb,145E,142K,170C,156C,169I
model.000.08.pdb,model.000.05.pdb,29L,42L,26E,25C,156C,40K,28D,30V,157D,27N,170C,24K,163I,155K,164I,13F
model.000.08.pdb,model.000.06.pdb,145E,29L,43K,157D,41V,170C,24K,155K,164I,26E,12G,30V,44C,42L,156C,40K,28D,163I,142K,13F,25C,27N
model.000.08.pdb,model.000.07.pdb,No common_epitopes
model.000.08.pdb,model.000.08.pdb,No common_epitopes
model.000.08.pdb,model.000.09.pdb,145E,13F,12G,156C,169I,11R,142K
model.000.08.pdb,model.000.10.pdb,29L,42L,26E,40K,28D,24K,157D,27N,30V,155K
model.000.08.pdb,model.000.11.pdb,29L,43K,47K,157D,41V,170C,155K,164I,38E,26E,12G,24K,42L,156C,40K,28D,169I,163I,142K,13F,39E,25C,27N,11R
model.000.08.pdb,model.000.12.pdb,39E,11R,38E,26E,12G
model.000.08.pdb,model.000.13.pdb,No common_epitopes
model.000.08.pdb,model.000.14.pdb,155K
model.000.08.pdb,model.000.15.pdb,29L,43K,39E,47K,40K,28D,30V,41V,42L,27N,11R,44C,48T,45D,38E
model.000.08.pdb,model.000.16.pdb,29L,43K,157D,41V,170C,24K,155K,164I,26E,30V,44C,42L,171T,156C,40K,28D,169I,163I,13F,39E,25C,27N,11R
model.000.08.pdb,model.000.17.pdb,145E,29L,38E,26E,12G,47K,13F,171T,40K,28D,24K,169I,39E,41V,170C,11R,27N,25C,142K,164I,42L
model.000.08.pdb,model.000.18.pdb,145E,142K
model.000.08.pdb,model.000.19.pdb,29L,43K,157D,41V,170C,24K,155K,164I,38E,26E,30V,42L,156C,40K,28D,169I,163I,13F,39E,25C,27N,11R
model.000.08.pdb,model.000.20.pdb,145E,171T,156C,157D,170C,163I,172G,155K,169I,142K
model.000.08.pdb,model.000.21.pdb,24K
model.000.08.pdb,model.000.22.pdb,145E,142K,156C,12G
model.000.08.pdb,model.000.23.pdb,145E,13F,12G,169I,170C,142K,157D,164I
model.000.08.pdb,model.000.24.pdb,No common_epitopes
model.000.08.pdb,model.000.25.pdb,145E,142K,156C
model.000.08.pdb,model.000.26.pdb,29L,42L,25C,40K,28D,24K,27N,30V
model.000.08.pdb,model.000.27.pdb,38E,39E,11R
model.000.08.pdb,model.000.28.pdb,145E,29L,39E,26E,12G,156C,27N,169I,170C,11R,142K,164I
model.000.08.pdb,model.000.29.pdb,145E,29L,38E,26E,12G,156C,27N,169I,39E,11R,142K,13F
model.000.09.pdb,model.000.00.pdb,104S,138L,141L,136C,147C,5V,3V,135K,7T,20H,16Q,139K,140C,4T,18S,137S,146T,21L,103T,2K,17M,6D,134T,19G,8V,116I
model.000.09.pdb,model.000.01.pdb,6D,5V,7T,141L,14L,8V,142K
model.000.09.pdb,model.000.02.pdb,138L,147C,141L,136C,5V,3V,135K,7T,133E,20H,16Q,139K,140C,4T,119V,18S,137S,146T,142K,19G,2K,17M,6D,134T,132G,21L
model.000.09.pdb,model.000.03.pdb,104S,109T,6D,108K,4T,5V,101L,3V,102D,7T,111V,20H,21L,8V,19G,103T,2K
model.000.09.pdb,model.000.04.pdb,138L,147C,141L,136C,140C,6D,4T,5V,135K,137S,7T,146T,139K,142K,8V,16Q
model.000.09.pdb,model.000.05.pdb,146T,17M,116I
model.000.09.pdb,model.000.06.pdb,142K,17M,16Q,132G
model.000.09.pdb,model.000.07.pdb,104S,138L,141L,136C,106P,5V,3V,102D,109T,135K,107V,7T,103T,20H,16Q,101L,139K,140C,4T,137S,19G,105N,2K,6D,108K,21L,8V
model.000.09.pdb,model.000.08.pdb,104S,109T,139K,107V,106P,4T,5V,101L,3V,102D,137S,7T,105N,6D,20H,21L,108K,16Q,103T,2K
model.000.09.pdb,model.000.09.pdb,138L,17M,21L,141L,136C,140C,6D,4T,5V,3V,135K,137S,7T,139K,8V,20H,14L,19G,142K,16Q,2K
model.000.09.pdb,model.000.10.pdb,147C,17M,134T,132G,133E,116I
model.000.09.pdb,model.000.11.pdb,14L,142K
model.000.09.pdb,model.000.12.pdb,104S,101L,6D,108K,4T,3V,102D,7T,105N,20H,21L,8V,103T,2K
model.000.09.pdb,model.000.13.pdb,109T,107V,108K,111V
model.000.09.pdb,model.000.14.pdb,138L,147C,141L,136C,5V,3V,135K,133E,20H,16Q,139K,140C,4T,119V,18S,137S,19G,17M,6D,134T,132G,21L,116I
model.000.09.pdb,model.000.15.pdb,No common_epitopes
model.000.09.pdb,model.000.16.pdb,No common_epitopes
model.000.09.pdb,model.000.17.pdb,139K,4T,5V,3V,7T,6D,14L,8V,142K,2K
model.000.09.pdb,model.000.18.pdb,138L,147C,141L,136C,5V,3V,135K,7T,133E,20H,16Q,139K,140C,4T,119V,18S,137S,146T,142K,21L,6D,134T,132G,19G,116I
model.000.09.pdb,model.000.19.pdb,20H,17M
model.000.09.pdb,model.000.20.pdb,138L,147C,141L,136C,140C,135K,137S,146T,139K,142K
model.000.09.pdb,model.000.21.pdb,18S,17M,132G,116I
model.000.09.pdb,model.000.22.pdb,104S,138L,141L,106P,5V,3V,102D,107V,7T,103T,14L,101L,139K,140C,4T,137S,142K,105N,2K,6D,108K,21L,8V
model.000.09.pdb,model.000.23.pdb,138L,147C,21L,141L,136C,140C,6D,4T,5V,135K,137S,7T,146T,8V,139K,14L,142K,16Q
model.000.09.pdb,model.000.24.pdb,104S,106P,3V,102D,109T,135K,7T,105N,133E,20H,16Q,101L,107V,4T,119V,18S,137S,111V,19G,103T,2K,17M,134T,21L,108K
model.000.09.pdb,model.000.25.pdb,138L,104S,141L,136C,147C,5V,3V,135K,7T,133E,20H,16Q,139K,140C,4T,119V,18S,137S,146T,142K,21L,105N,2K,17M,6D,134T,132G,19G,116I
model.000.09.pdb,model.000.26.pdb,17M,116I
model.000.09.pdb,model.000.27.pdb,101L,107V,106P,4T,3V,7T,108K,8V,103T,2K
model.000.09.pdb,model.000.28.pdb,138L,141L,140C,6D,5V,3V,7T,139K,14L,8V,142K,2K
model.000.09.pdb,model.000.29.pdb,139K,140C,6D,4T,5V,7T,141L,142K,8V,14L
model.000.10.pdb,model.000.00.pdb,104S,10K,35E,139K,34E,4T,5V,33N,3V,7T,6D,36T,8V,103T,2K
model.000.10.pdb,model.000.01.pdb,51K,6D,39E,5V,7T,8V
model.000.10.pdb,model.000.02.pdb,139K,4T,5V,3V,7T,6D,2K
model.000.10.pdb,model.000.03.pdb,104S,50N,51K,86P,37C,5V,35E,102D,109T,10K,38E,77Y,7T,58K,56F,75L,101L,34E,4T,3V,87N,32V,36T,103T,2K,6D,39E,8V,33N,88E,52P,108K,76G,74N
model.000.10.pdb,model.000.04.pdb,6D,4T,5V,7T,139K,8V
model.000.10.pdb,model.000.05.pdb,71C,37C,84C,56F
model.000.10.pdb,model.000.06.pdb,32V,37C,84C,56F
model.000.10.pdb,model.000.07.pdb,104S,35E,106P,5V,3V,102D,109T,10K,77Y,7T,103T,86P,56F,75L,101L,34E,139K,107V,4T,36T,105N,2K,6D,108K,33N,8V,74N
model.000.10.pdb,model.000.08.pdb,104S,106P,5V,3V,78D,102D,109T,77Y,7T,103T,86P,58K,56F,75L,101L,34E,139K,107V,4T,87N,32V,105N,2K,6D,33N,88E,108K,76G,74N
model.000.10.pdb,model.000.09.pdb,10K,35E,139K,37C,5V,3V,7T,6D,36T,8V,4T,2K
model.000.10.pdb,model.000.10.pdb,90K,89C,84C
model.000.10.pdb,model.000.11.pdb,10K,51K,37C,39E,38E
model.000.10.pdb,model.000.12.pdb,104S,50N,35E,86P,3V,102D,51K,10K,38E,77Y,7T,103T,58K,56F,75L,101L,34E,73C,4T,72K,87N,52P,36T,105N,2K,6D,8V,39E,108K,33N,32V,60I,76G,74N
model.000.10.pdb,model.000.13.pdb,109T,107V,87N,89C,88E,90K,108K
model.000.10.pdb,model.000.14.pdb,6D,4T,5V,139K,3V
model.000.10.pdb,model.000.15.pdb,51K,38E,39E,61K,84C,52P,56F
model.000.10.pdb,model.000.16.pdb,73C,39E,60I,37C,72K,59C,84C,71C,56F
model.000.10.pdb,model.000.17.pdb,50N,10K,35E,139K,38E,39E,34E,37C,5V,51K,3V,4T,7T,32V,6D,36T,8V,58K,33N,2K
model.000.10.pdb,model.000.18.pdb,6D,4T,5V,3V,7T,139K
model.000.10.pdb,model.000.19.pdb,39E,84C,38E,56F
model.000.10.pdb,model.000.20.pdb,139K
model.000.10.pdb,model.000.21.pdb,90K,89C
model.000.10.pdb,model.000.22.pdb,104S,35E,106P,5V,3V,102D,10K,77Y,7T,103T,58K,56F,75L,101L,34E,139K,107V,4T,87N,32V,36T,105N,2K,6D,108K,33N,88E,8V,76G,74N
model.000.10.pdb,model.000.23.pdb,6D,4T,5V,7T,139K,8V
model.000.10.pdb,model.000.24.pdb,104S,109T,107V,106P,4T,101L,3V,102D,7T,103T,108K,105N,2K
model.000.10.pdb,model.000.25.pdb,104S,139K,4T,5V,3V,7T,6D,105N,2K
model.000.10.pdb,model.000.26.pdb,73C,60I,77Y,72K,78D,59C,89C,84C,90K,71C,58K
model.000.10.pdb,model.000.27.pdb,50N,35E,106P,37C,51K,78D,90K,7T,10K,38E,77Y,61K,89C,86P,58K,56F,75L,101L,34E,73C,107V,4T,60I,72K,3V,32V,36T,103T,2K,87N,39E,108K,33N,88E,52P,8V,76G,74N
model.000.10.pdb,model.000.28.pdb,10K,35E,139K,39E,34E,37C,5V,3V,7T,6D,36T,8V,33N,2K
model.000.10.pdb,model.000.29.pdb,10K,139K,38E,39E,37C,5V,7T,32V,6D,36T,8V,4T
model.000.11.pdb,model.000.00.pdb,116I
model.000.11.pdb,model.000.01.pdb,162F,159K,157D
model.000.11.pdb,model.000.02.pdb,133E,148K,132G,159K,157D
model.000.11.pdb,model.000.03.pdb,85I
model.000.11.pdb,model.000.04.pdb,148K,159K,162F,158C,161G,160D
model.000.11.pdb,model.000.05.pdb,82N,151D,157D,162F,161G,96N,80V,149A,159K,160D,115N,99C,131D,152G,83V,81N,97G,150V,158C,79M,85I,95G,93T,148K,98K,116I,118K
model.000.11.pdb,model.000.06.pdb,82N,124D,151D,127K,157D,162F,128C,161G,96N,80V,159K,94C,117G,115N,131D,99C,121N,152G,83V,81N,97G,150V,125Q,158C,95G,93T,148K,98K,129S,132G,130K,118K
model.000.11.pdb,model.000.07.pdb,No common_epitopes
model.000.11.pdb,model.000.08.pdb,85I
model.000.11.pdb,model.000.09.pdb,No common_epitopes
model.000.11.pdb,model.000.10.pdb,82N,151D,157D,162F,161G,160D,90K,96N,94C,92V,149A,98K,89C,159K,80V,117G,115N,99C,133E,131D,152G,83V,81N,97G,150V,158C,85I,95G,93T,148K,114C,132G,116I,118K
model.000.11.pdb,model.000.11.pdb,148K,151D,159K,157D,150V,162F,158C,160D
model.000.11.pdb,model.000.12.pdb,98K,85I
model.000.11.pdb,model.000.13.pdb,112C,124D,91Q,130K,89C,98K,129S,127K,126N,128C,125Q,90K,99C,121N,94C,92V,93T
model.000.11.pdb,model.000.14.pdb,149A,152G,148K,126N,117G,115N,131D,150V,118K,133E,130K,116I,132G
model.000.11.pdb,model.000.15.pdb,79M,82N,83V,81N
model.000.11.pdb,model.000.16.pdb,82N,83V,81N,151D,157D,85I,158C,79M,80V
model.000.11.pdb,model.000.17.pdb,No common_epitopes
model.000.11.pdb,model.000.18.pdb,149A,148K,159K,116I,117G,131D,150V,162F,158C,133E,161G,130K,160D,132G
model.000.11.pdb,model.000.19.pdb,149A,82N,83V,85I,81N,148K,151D,159K,157D,98K,115N,150V,162F,152G,158C,161G,79M,160D
model.000.11.pdb,model.000.20.pdb,149A,148K,159K,157D,150V,162F,158C,160D
model.000.11.pdb,model.000.21.pdb,82N,124D,151D,118K,90K,96N,94C,92V,149A,98K,89C,80V,117G,115N,127K,99C,131D,121N,126N,152G,83V,81N,97G,150V,125Q,129S,91Q,85I,95G,93T,114C,132G,112C,116I,130K
model.000.11.pdb,model.000.22.pdb,No common_epitopes
model.000.11.pdb,model.000.23.pdb,158C,162F,159K,157D
model.000.11.pdb,model.000.24.pdb,124D,114C,127K,126N,125Q,133E,112C,121N,92V
model.000.11.pdb,model.000.25.pdb,133E,132G,159K,116I
model.000.11.pdb,model.000.26.pdb,82N,83V,81N,98K,79M,151D,116I,97G,115N,89C,150V,152G,90K,96N,91Q,80V,95G,93T
model.000.11.pdb,model.000.27.pdb,90K,79M,89C,80V,85I
model.000.11.pdb,model.000.28.pdb,No common_epitopes
model.000.11.pdb,model.000.29.pdb,162F,159K
model.000.12.pdb,model.000.00.pdb,No common_epitopes
model.000.12.pdb,model.000.01.pdb,29L,42L,26E,40K,51K,27N,28D,39E,41V,11R
model.000.12.pdb,model.000.02.pdb,No common_epitopes
model.000.12.pdb,model.000.03.pdb,51K,38E,39E,11R
model.000.12.pdb,model.000.04.pdb,No common_epitopes
model.000.12.pdb,model.000.05.pdb,149A,29L,82N,42L,26E,151D,40K,28D,24K,152G,150V,27N
model.000.12.pdb,model.000.06.pdb,29L,82N,43K,26E,151D,40K,28D,24K,41V,152G,150V,27N,44C,42L
model.000.12.pdb,model.000.07.pdb,No common_epitopes
model.000.12.pdb,model.000.08.pdb,No common_epitopes
model.000.12.pdb,model.000.09.pdb,11R
model.000.12.pdb,model.000.10.pdb,149A,29L,82N,42L,26E,151D,40K,28D,24K,152G,150V,27N
model.000.12.pdb,model.000.11.pdb,29L,43K,26E,151D,11R,40K,51K,24K,28D,39E,41V,42L,27N,47K,150V,38E
model.000.12.pdb,model.000.12.pdb,39E,51K,38E,26E,11R
model.000.12.pdb,model.000.13.pdb,No common_epitopes
model.000.12.pdb,model.000.14.pdb,149A,152G,150V
model.000.12.pdb,model.000.15.pdb,29L,82N,43K,39E,47K,40K,51K,27N,28D,41V,42L,11R,44C,48T,45D,38E
model.000.12.pdb,model.000.16.pdb,29L,82N,43K,26E,151D,40K,28D,24K,39E,41V,59C,27N,11R,44C,42L
model.000.12.pdb,model.000.17.pdb,29L,38E,26E,47K,40K,51K,24K,28D,39E,41V,27N,11R,42L
model.000.12.pdb,model.000.18.pdb,149A,150V
model.000.12.pdb,model.000.19.pdb,149A,29L,82N,43K,26E,151D,40K,28D,24K,39E,41V,152G,42L,27N,11R,150V,38E
model.000.12.pdb,model.000.20.pdb,149A,150V
model.000.12.pdb,model.000.21.pdb,149A,82N,151D,24K,152G,150V
model.000.12.pdb,model.000.22.pdb,No common_epitopes
model.000.12.pdb,model.000.23.pdb,No common_epitopes
model.000.12.pdb,model.000.24.pdb,No common_epitopes
model.000.12.pdb,model.000.25.pdb,No common_epitopes
model.000.12.pdb,model.000.26.pdb,29L,82N,42L,151D,40K,28D,24K,59C,152G,150V,27N
model.000.12.pdb,model.000.27.pdb,51K,38E,39E,11R
model.000.12.pdb,model.000.28.pdb,27N,29L,39E,26E,11R
model.000.12.pdb,model.000.29.pdb,29L,38E,39E,26E,27N,11R
model.000.13.pdb,model.000.00.pdb,104S,138L,136C,5V,3V,135K,7T,20H,16Q,4T,154Y,18S,137S,21L,103T,2K,17M,6D,134T,19G,8V,116I
model.000.13.pdb,model.000.01.pdb,8V,5V,6D,7T
model.000.13.pdb,model.000.02.pdb,138L,17M,6D,136C,4T,5V,134T,3V,119V,135K,18S,137S,7T,132G,133E,20H,21L,19G,16Q,2K
model.000.13.pdb,model.000.03.pdb,104S,109T,6D,4T,5V,3V,102D,7T,111V,20H,21L,8V,19G,103T,2K
model.000.13.pdb,model.000.04.pdb,138L,6D,136C,4T,5V,154Y,135K,137S,7T,8V,16Q
model.000.13.pdb,model.000.05.pdb,116I,17M,131D,118K,154Y
model.000.13.pdb,model.000.06.pdb,17M,117G,131D,118K,125Q,129S,130K,121N,16Q,132G
model.000.13.pdb,model.000.07.pdb,104S,138L,19G,6D,136C,4T,5V,3V,135K,102D,137S,7T,105N,109T,20H,21L,8V,16Q,103T,2K
model.000.13.pdb,model.000.08.pdb,104S,109T,6D,4T,5V,3V,102D,137S,7T,105N,20H,21L,16Q,103T,2K
model.000.13.pdb,model.000.09.pdb,138L,17M,6D,136C,4T,5V,3V,135K,137S,7T,20H,21L,19G,8V,16Q,2K
model.000.13.pdb,model.000.10.pdb,17M,134T,154Y,117G,131D,118K,133E,116I,132G
model.000.13.pdb,model.000.11.pdb,No common_epitopes
model.000.13.pdb,model.000.12.pdb,104S,6D,4T,3V,102D,7T,103T,20H,21L,8V,105N,2K
model.000.13.pdb,model.000.13.pdb,109T,122V,123Q,125Q,120P,126N,111V,129S,112C,121N,130K
model.000.13.pdb,model.000.14.pdb,138L,136C,5V,3V,118K,135K,117G,131D,133E,20H,16Q,126N,4T,119V,18S,137S,154Y,19G,122V,17M,6D,134T,120P,132G,21L,116I,130K
model.000.13.pdb,model.000.15.pdb,No common_epitopes
model.000.13.pdb,model.000.16.pdb,No common_epitopes
model.000.13.pdb,model.000.17.pdb,6D,4T,5V,3V,7T,8V,2K
model.000.13.pdb,model.000.18.pdb,138L,136C,5V,3V,135K,117G,7T,133E,20H,131D,16Q,4T,154Y,18S,137S,119V,21L,6D,134T,132G,19G,116I,130K
model.000.13.pdb,model.000.19.pdb,20H,17M
model.000.13.pdb,model.000.20.pdb,138L,135K,137S,136C,154Y
model.000.13.pdb,model.000.21.pdb,132G,17M,123Q,130K,154Y,117G,18S,131D,126N,125Q,129S,112C,121N,116I,118K
model.000.13.pdb,model.000.22.pdb,104S,138L,6D,4T,5V,3V,102D,137S,7T,105N,21L,8V,103T,2K
model.000.13.pdb,model.000.23.pdb,138L,6D,136C,4T,5V,135K,137S,7T,21L,8V,16Q
model.000.13.pdb,model.000.24.pdb,104S,125Q,3V,102D,109T,123Q,135K,7T,105N,133E,20H,121N,16Q,4T,119V,18S,137S,111V,19G,103T,2K,122V,17M,134T,120P,126N,21L,112C
model.000.13.pdb,model.000.25.pdb,138L,104S,136C,5V,3V,135K,7T,133E,20H,16Q,4T,119V,18S,137S,21L,105N,2K,17M,6D,134T,132G,19G,116I
model.000.13.pdb,model.000.26.pdb,17M,116I
model.000.13.pdb,model.000.27.pdb,4T,3V,7T,8V,103T,2K
model.000.13.pdb,model.000.28.pdb,138L,6D,5V,3V,7T,8V,2K
model.000.13.pdb,model.000.29.pdb,8V,4T,5V,6D,7T
model.000.14.pdb,model.000.00.pdb,15I,17M
model.000.14.pdb,model.000.01.pdb,29L,42L,26E,12G,40K,28D,27N,157D,41V,11R,163I,169I,164I,13F
model.000.14.pdb,model.000.02.pdb,155K,169I,17M,157D
model.000.14.pdb,model.000.03.pdb,31L,11R,85I,56F,12G
model.000.14.pdb,model.000.04.pdb,169I
model.000.14.pdb,model.000.05.pdb,29L,82N,53C,151D,153I,157D,84C,24K,155K,164I,80V,26E,22E,30V,115N,99C,71C,56F,152G,83V,42L,81N,40K,28D,150V,163I,79M,85I,17M,13F,25C,27N,98K,31L,15I,55D
model.000.14.pdb,model.000.06.pdb,29L,82N,43K,151D,153I,157D,41V,84C,24K,155K,164I,80V,26E,12G,22E,30V,115N,99C,44C,56F,152G,83V,42L,81N,40K,28D,150V,163I,17M,13F,25C,27N,98K,31L,15I,55D
model.000.14.pdb,model.000.07.pdb,22E,56F
model.000.14.pdb,model.000.08.pdb,85I,56F
model.000.14.pdb,model.000.09.pdb,17M,13F,12G,169I,11R,15I
model.000.14.pdb,model.000.10.pdb,29L,82N,53C,151D,153I,157D,84C,24K,155K,80V,26E,22E,30V,115N,99C,152G,83V,42L,81N,40K,28D,150V,85I,17M,27N,98K,31L,15I,55D
model.000.14.pdb,model.000.11.pdb,29L,43K,26E,12G,151D,13F,11R,40K,28D,24K,157D,41V,150V,27N,25C,163I,155K,169I,164I,42L
model.000.14.pdb,model.000.12.pdb,53C,26E,12G,11R,72K,98K,31L,55D,85I,56F
model.000.14.pdb,model.000.13.pdb,98K,99C
model.000.14.pdb,model.000.14.pdb,17M,152G,153I,115N,150V,155K
model.000.14.pdb,model.000.15.pdb,29L,82N,53C,43K,41V,84C,68S,31L,67V,30V,44C,56F,83V,42L,81N,69Y,40K,28D,79M,27N,66P,11R,55D,45D
model.000.14.pdb,model.000.16.pdb,29L,82N,53C,43K,151D,72K,157D,41V,84C,24K,155K,164I,80V,26E,30V,44C,71C,56F,83V,42L,81N,69Y,40K,28D,169I,163I,79M,85I,13F,25C,27N,11R,59C,31L,55D,70A
model.000.14.pdb,model.000.17.pdb,29L,42L,26E,12G,25C,40K,28D,24K,169I,41V,27N,11R,164I,13F
model.000.14.pdb,model.000.18.pdb,150V
model.000.14.pdb,model.000.19.pdb,29L,82N,53C,43K,151D,153I,157D,41V,84C,24K,155K,164I,26E,22E,30V,115N,56F,152G,83V,42L,81N,11R,40K,28D,169I,150V,163I,79M,85I,17M,13F,25C,27N,98K,31L,15I,55D
model.000.14.pdb,model.000.20.pdb,163I,155K,169I,150V,157D
model.000.14.pdb,model.000.21.pdb,17M,82N,83V,81N,151D,152G,153I,85I,98K,115N,150V,24K,99C,55D,80V
model.000.14.pdb,model.000.22.pdb,56F,12G
model.000.14.pdb,model.000.23.pdb,12G,164I,13F,169I,157D
model.000.14.pdb,model.000.24.pdb,17M
model.000.14.pdb,model.000.25.pdb,17M
model.000.14.pdb,model.000.26.pdb,29L,82N,53C,151D,72K,153I,84C,30V,80V,68S,24K,115N,71C,152G,83V,42L,81N,69Y,40K,28D,150V,79M,17M,25C,27N,98K,59C,31L,55D,70A
model.000.14.pdb,model.000.27.pdb,72K,80V,11R,79M,85I,56F
model.000.14.pdb,model.000.28.pdb,29L,26E,12G,27N,169I,11R,164I
model.000.14.pdb,model.000.29.pdb,29L,13F,26E,12G,27N,169I,11R
model.000.15.pdb,model.000.00.pdb,104S,138L,35E,141L,136C,100I,147C,5V,3V,113S,135K,7T,20H,16Q,34E,139K,140C,4T,154Y,18S,137S,21L,103T,2K,17M,6D,134T,33N,19G
model.000.15.pdb,model.000.01.pdb,6D,5V,141L,7T
model.000.15.pdb,model.000.02.pdb,138L,147C,141L,136C,5V,3V,135K,7T,133E,20H,16Q,139K,140C,4T,119V,18S,137S,19G,2K,17M,6D,134T,132G,21L
model.000.15.pdb,model.000.03.pdb,104S,35E,100I,5V,3V,102D,109T,77Y,7T,20H,56F,101L,34E,4T,111V,21L,103T,2K,6D,33N,31L,19G
model.000.15.pdb,model.000.04.pdb,138L,147C,141L,136C,140C,6D,4T,5V,154Y,135K,137S,7T,139K,16Q
model.000.15.pdb,model.000.05.pdb,17M,113S,22E,23C,98K,31L,154Y,56F
model.000.15.pdb,model.000.06.pdb,17M,113S,22E,23C,98K,132G,31L,16Q,56F
model.000.15.pdb,model.000.07.pdb,104S,138L,35E,141L,136C,100I,5V,3V,102D,109T,22E,77Y,135K,7T,105N,20H,16Q,56F,101L,34E,139K,140C,4T,137S,19G,103T,2K,6D,33N,21L
model.000.15.pdb,model.000.08.pdb,104S,109T,139K,34E,101L,6D,4T,5V,77Y,3V,102D,137S,7T,56F,33N,105N,20H,21L,16Q,103T,2K
model.000.15.pdb,model.000.09.pdb,138L,35E,141L,136C,17M,140C,6D,4T,5V,3V,135K,137S,7T,139K,20H,21L,19G,16Q,2K
model.000.15.pdb,model.000.10.pdb,147C,17M,113S,22E,134T,154Y,98K,132G,31L,133E
model.000.15.pdb,model.000.11.pdb,No common_epitopes
model.000.15.pdb,model.000.12.pdb,104S,101L,35E,6D,100I,34E,4T,33N,77Y,3V,102D,7T,103T,56F,31L,20H,21L,98K,105N,2K
model.000.15.pdb,model.000.13.pdb,109T,100I,113S,120P,98K,111V,112C
model.000.15.pdb,model.000.14.pdb,138L,147C,141L,136C,5V,3V,113S,135K,133E,20H,16Q,139K,140C,4T,119V,18S,137S,154Y,19G,17M,6D,134T,120P,132G,21L
model.000.15.pdb,model.000.15.pdb,56F,31L
model.000.15.pdb,model.000.16.pdb,31L,56F,23C
model.000.15.pdb,model.000.17.pdb,34E,35E,139K,4T,5V,3V,7T,6D,33N,2K
model.000.15.pdb,model.000.18.pdb,138L,147C,141L,136C,5V,3V,135K,7T,133E,20H,16Q,139K,140C,4T,154Y,18S,137S,119V,21L,6D,134T,132G,19G
model.000.15.pdb,model.000.19.pdb,17M,22E,98K,31L,20H,56F
model.000.15.pdb,model.000.20.pdb,138L,147C,141L,136C,140C,154Y,135K,137S,139K
model.000.15.pdb,model.000.21.pdb,17M,98K,113S,154Y,18S,132G,112C
model.000.15.pdb,model.000.22.pdb,104S,138L,35E,141L,5V,3V,102D,77Y,7T,103T,56F,101L,34E,139K,140C,4T,137S,105N,2K,6D,33N,21L
model.000.15.pdb,model.000.23.pdb,138L,147C,141L,136C,140C,6D,4T,5V,135K,137S,7T,139K,21L,16Q
model.000.15.pdb,model.000.24.pdb,104S,100I,3V,102D,109T,113S,135K,7T,105N,133E,20H,16Q,101L,4T,119V,18S,137S,111V,19G,103T,2K,17M,134T,120P,21L,112C
model.000.15.pdb,model.000.25.pdb,138L,104S,141L,136C,147C,5V,3V,135K,7T,133E,20H,16Q,139K,140C,4T,119V,18S,137S,21L,105N,2K,17M,6D,134T,132G,19G
model.000.15.pdb,model.000.26.pdb,98K,17M,77Y,31L
model.000.15.pdb,model.000.27.pdb,101L,34E,35E,100I,4T,33N,77Y,3V,7T,103T,56F,2K
model.000.15.pdb,model.000.28.pdb,138L,34E,35E,141L,140C,6D,5V,3V,7T,139K,33N,2K
model.000.15.pdb,model.000.29.pdb,139K,140C,6D,4T,5V,7T,141L
model.000.16.pdb,model.000.00.pdb,138L,147C,139K,136C,140C,116I,134T,154Y,135K,18S,137S,146T,19G,16Q
model.000.16.pdb,model.000.01.pdb,145E,159K
model.000.16.pdb,model.000.02.pdb,138L,147C,139K,136C,145E,140C,134T,148K,159K,119V,135K,18S,137S,132G,133E,146T,19G,16Q
model.000.16.pdb,model.000.03.pdb,19G
model.000.16.pdb,model.000.04.pdb,138L,145E,139K,136C,147C,140C,159K,16Q,135K,148K,137S,146T,154Y,160D
model.000.16.pdb,model.000.05.pdb,149A,148K,116I,159K,154Y,115N,131D,150V,118K,146T,160D
model.000.16.pdb,model.000.06.pdb,145E,124D,148K,130K,159K,117G,115N,150V,118K,131D,121N,16Q,132G
model.000.16.pdb,model.000.07.pdb,138L,139K,136C,140C,135K,137S,19G,16Q
model.000.16.pdb,model.000.08.pdb,137S,139K,16Q
model.000.16.pdb,model.000.09.pdb,138L,145E,139K,136C,140C,135K,137S,19G,16Q
model.000.16.pdb,model.000.10.pdb,147C,149A,148K,116I,134T,159K,154Y,117G,115N,150V,118K,133E,131D,160D,132G
model.000.16.pdb,model.000.11.pdb,148K,150V,160D,159K
model.000.16.pdb,model.000.12.pdb,No common_epitopes
model.000.16.pdb,model.000.13.pdb,122V,124D,120P,126N,130K,121N,123Q
model.000.16.pdb,model.000.14.pdb,138L,147C,136C,118K,149A,135K,115N,117G,133E,131D,16Q,132G,139K,140C,154Y,18S,137S,150V,119V,122V,148K,134T,120P,126N,19G,116I,130K
model.000.16.pdb,model.000.15.pdb,No common_epitopes
model.000.16.pdb,model.000.16.pdb,No common_epitopes
model.000.16.pdb,model.000.17.pdb,145E,139K
model.000.16.pdb,model.000.18.pdb,138L,147C,136C,145E,160D,149A,159K,135K,117G,133E,131D,16Q,139K,140C,119V,18S,137S,150V,146T,154Y,148K,134T,132G,19G,116I,130K
model.000.16.pdb,model.000.19.pdb,149A,148K,159K,115N,150V,160D
model.000.16.pdb,model.000.20.pdb,138L,147C,139K,136C,149A,140C,145E,159K,154Y,135K,148K,137S,150V,146T,160D
model.000.16.pdb,model.000.21.pdb,149A,123Q,132G,126N,130K,154Y,117G,18S,115N,150V,118K,131D,121N,116I,124D
model.000.16.pdb,model.000.22.pdb,138L,145E,137S,140C,139K
model.000.16.pdb,model.000.23.pdb,138L,145E,139K,136C,147C,140C,159K,135K,137S,146T,16Q
model.000.16.pdb,model.000.24.pdb,122V,124D,134T,120P,119V,135K,18S,137S,126N,133E,19G,121N,16Q,123Q
model.000.16.pdb,model.000.25.pdb,138L,145E,139K,136C,147C,140C,116I,134T,159K,119V,135K,18S,137S,132G,133E,146T,19G,16Q
model.000.16.pdb,model.000.26.pdb,115N,150V,116I
model.000.16.pdb,model.000.27.pdb,No common_epitopes
model.000.16.pdb,model.000.28.pdb,138L,145E,140C,139K
model.000.16.pdb,model.000.29.pdb,140C,145E,139K,159K
model.000.17.pdb,model.000.00.pdb,104S,138L,141L,136C,100I,147C,5V,3V,135K,7T,20H,16Q,139K,140C,4T,18S,137S,21L,103T,2K,17M,6D,19G,8V
model.000.17.pdb,model.000.01.pdb,145E,6D,5V,7T,141L,142K,8V
model.000.17.pdb,model.000.02.pdb,138L,145E,141L,136C,147C,5V,3V,135K,7T,20H,16Q,139K,140C,4T,18S,137S,142K,21L,2K,17M,6D,19G
model.000.17.pdb,model.000.03.pdb,104S,109T,6D,100I,4T,5V,101L,3V,102D,7T,20H,19G,8V,21L,103T,2K
model.000.17.pdb,model.000.04.pdb,138L,145E,141L,136C,147C,140C,6D,4T,5V,135K,137S,7T,139K,142K,8V,16Q
model.000.17.pdb,model.000.05.pdb,22E,17M
model.000.17.pdb,model.000.06.pdb,145E,22E,142K,16Q,17M
model.000.17.pdb,model.000.07.pdb,104S,138L,141L,136C,100I,106P,5V,3V,102D,109T,22E,135K,7T,103T,20H,16Q,101L,139K,140C,4T,137S,21L,105N,2K,6D,19G,8V
model.000.17.pdb,model.000.08.pdb,104S,109T,139K,106P,4T,5V,101L,3V,102D,137S,7T,103T,6D,20H,21L,16Q,105N,2K
model.000.17.pdb,model.000.09.pdb,138L,145E,19G,141L,136C,17M,140C,6D,4T,5V,3V,135K,137S,7T,139K,8V,20H,142K,21L,16Q,2K
model.000.17.pdb,model.000.10.pdb,147C,22E,17M
model.000.17.pdb,model.000.11.pdb,142K
model.000.17.pdb,model.000.12.pdb,104S,101L,6D,100I,4T,3V,102D,7T,103T,20H,21L,8V,105N,2K
model.000.17.pdb,model.000.13.pdb,109T,100I
model.000.17.pdb,model.000.14.pdb,138L,147C,17M,141L,136C,140C,6D,4T,5V,3V,135K,18S,137S,139K,20H,19G,21L,16Q
model.000.17.pdb,model.000.15.pdb,No common_epitopes
model.000.17.pdb,model.000.16.pdb,No common_epitopes
model.000.17.pdb,model.000.17.pdb,145E,139K,4T,5V,3V,7T,6D,142K,8V,2K
model.000.17.pdb,model.000.18.pdb,138L,145E,19G,141L,136C,147C,140C,6D,4T,5V,3V,135K,18S,137S,7T,139K,20H,142K,21L,16Q
model.000.17.pdb,model.000.19.pdb,20H,22E,17M
model.000.17.pdb,model.000.20.pdb,138L,147C,141L,136C,145E,140C,135K,137S,139K,142K
model.000.17.pdb,model.000.21.pdb,18S,17M
model.000.17.pdb,model.000.22.pdb,104S,138L,141L,145E,140C,106P,4T,5V,101L,3V,102D,137S,7T,103T,6D,139K,142K,8V,21L,105N,2K
model.000.17.pdb,model.000.23.pdb,138L,145E,141L,136C,147C,140C,6D,4T,5V,135K,137S,7T,8V,139K,142K,21L,16Q
model.000.17.pdb,model.000.24.pdb,104S,109T,17M,21L,100I,18S,106P,4T,101L,3V,135K,102D,137S,7T,103T,20H,19G,16Q,105N,2K
model.000.17.pdb,model.000.25.pdb,104S,138L,141L,136C,145E,5V,3V,135K,147C,7T,20H,16Q,139K,140C,4T,18S,137S,142K,21L,105N,2K,17M,6D,19G
model.000.17.pdb,model.000.26.pdb,17M
model.000.17.pdb,model.000.27.pdb,101L,100I,106P,4T,3V,7T,8V,103T,2K
model.000.17.pdb,model.000.28.pdb,138L,145E,141L,140C,6D,5V,3V,7T,139K,142K,8V,2K
model.000.17.pdb,model.000.29.pdb,145E,141L,140C,6D,4T,5V,7T,139K,142K,8V
model.000.18.pdb,model.000.00.pdb,No common_epitopes
model.000.18.pdb,model.000.01.pdb,29L,42L,26E,40K,51K,27N,28D,41V,163I,164I
model.000.18.pdb,model.000.02.pdb,155K
model.000.18.pdb,model.000.03.pdb,51K,37C,52P,31L,58K,56F
model.000.18.pdb,model.000.04.pdb,No common_epitopes
model.000.18.pdb,model.000.05.pdb,29L,82N,53C,151D,37C,84C,24K,155K,164I,54G,26E,30V,71C,56F,83V,42L,81N,40K,28D,150V,163I,79M,25C,27N,31L,55D
model.000.18.pdb,model.000.06.pdb,29L,82N,43K,151D,37C,41V,84C,24K,155K,164I,42L,26E,30V,44C,56F,83V,54G,81N,40K,28D,150V,163I,57S,25C,27N,31L,55D
model.000.18.pdb,model.000.07.pdb,56F
model.000.18.pdb,model.000.08.pdb,58K,56F
model.000.18.pdb,model.000.09.pdb,37C
model.000.18.pdb,model.000.10.pdb,29L,82N,53C,42L,26E,151D,40K,28D,30V,27N,55D,84C,24K,31L,150V,83V,155K,81N,54G
model.000.18.pdb,model.000.11.pdb,51K,43K,26E,47K,37C,40K,29L,24K,28D,41V,150V,27N,151D,163I,155K,164I,25C,42L
model.000.18.pdb,model.000.12.pdb,51K,53C,54G,26E,57S,73C,72K,52P,31L,55D,58K,56F
model.000.18.pdb,model.000.13.pdb,No common_epitopes
model.000.18.pdb,model.000.14.pdb,155K,150V
model.000.18.pdb,model.000.15.pdb,29L,82N,53C,43K,47K,51K,41V,84C,68S,54G,67V,30V,44C,48T,56F,83V,42L,81N,69Y,40K,28D,52P,79M,57S,27N,66P,31L,55D,45D
model.000.18.pdb,model.000.16.pdb,29L,82N,53C,43K,151D,37C,72K,41V,84C,24K,155K,164I,42L,26E,30V,44C,71C,56F,73C,83V,54G,81N,69Y,40K,28D,163I,79M,57S,25C,27N,59C,31L,55D,70A
model.000.18.pdb,model.000.17.pdb,51K,42L,26E,47K,37C,40K,29L,24K,28D,41V,27N,25C,164I,58K
model.000.18.pdb,model.000.18.pdb,150V
model.000.18.pdb,model.000.19.pdb,29L,82N,53C,43K,151D,41V,84C,24K,155K,164I,26E,30V,56F,83V,42L,81N,40K,28D,150V,163I,79M,25C,27N,31L,55D
model.000.18.pdb,model.000.20.pdb,163I,155K,150V
model.000.18.pdb,model.000.21.pdb,82N,83V,81N,151D,24K,150V,55D
model.000.18.pdb,model.000.22.pdb,58K,56F
model.000.18.pdb,model.000.23.pdb,164I
model.000.18.pdb,model.000.24.pdb,No common_epitopes
model.000.18.pdb,model.000.25.pdb,No common_epitopes
model.000.18.pdb,model.000.26.pdb,29L,82N,53C,151D,72K,84C,24K,68S,54G,30V,71C,58K,73C,83V,42L,81N,69Y,40K,28D,150V,79M,57S,25C,27N,59C,31L,55D,70A
model.000.18.pdb,model.000.27.pdb,73C,37C,51K,72K,52P,79M,58K,56F
model.000.18.pdb,model.000.28.pdb,27N,37C,164I,29L,26E
model.000.18.pdb,model.000.29.pdb,27N,29L,37C,26E
model.000.19.pdb,model.000.00.pdb,15I,20H,17M
model.000.19.pdb,model.000.01.pdb,29L,42L,26E,156C,40K,28D,159K,157D,27N,162F,163I,164I,13F
model.000.19.pdb,model.000.02.pdb,17M,148K,156C,159K,157D,20H,155K
model.000.19.pdb,model.000.03.pdb,20H,37C,85I,56F,31L
model.000.19.pdb,model.000.04.pdb,148K,156C,159K,162F,158C,161G,160D
model.000.19.pdb,model.000.05.pdb,29L,82N,151D,37C,153I,157D,84C,162F,161G,96N,164I,160D,149A,26E,98K,22E,30V,80V,115N,99C,56F,155K,152G,83V,42L,81N,156C,40K,28D,97G,150V,158C,85I,95G,93T,17M,159K,13F,148K,25C,163I,23C,27N,31L,15I,55D,24K
model.000.19.pdb,model.000.06.pdb,29L,82N,124D,151D,37C,153I,157D,84C,24K,128C,161G,96N,164I,94C,26E,22E,30V,80V,115N,127K,99C,121N,56F,155K,152G,83V,42L,81N,156C,40K,28D,97G,150V,125Q,163I,95G,93T,17M,159K,13F,148K,25C,27N,23C,98K,129S,31L,15I,55D,158C,162F
model.000.19.pdb,model.000.07.pdb,20H,22E,56F
model.000.19.pdb,model.000.08.pdb,20H,85I,56F
model.000.19.pdb,model.000.09.pdb,17M,13F,37C,156C,15I,20H
model.000.19.pdb,model.000.10.pdb,29L,82N,162F,151D,153I,157D,84C,30V,161G,80V,96N,94C,149A,26E,22E,89C,159K,160D,115N,99C,155K,152G,83V,42L,81N,40K,28D,97G,150V,158C,85I,95G,93T,17M,148K,27N,98K,31L,15I,55D,24K
model.000.19.pdb,model.000.11.pdb,29L,151D,37C,157D,24K,163I,155K,164I,160D,26E,159K,42L,156C,40K,28D,150V,158C,13F,148K,25C,27N,162F
model.000.19.pdb,model.000.12.pdb,26E,31L,98K,20H,55D,85I,56F
model.000.19.pdb,model.000.13.pdb,123Q,91Q,89C,98K,127K,128C,125Q,129S,93T,99C,121N,94C,124D
model.000.19.pdb,model.000.14.pdb,149A,17M,152G,148K,153I,115N,150V,20H,155K
model.000.19.pdb,model.000.15.pdb,29L,82N,83V,42L,81N,40K,28D,30V,84C,27N,31L,55D,56F
model.000.19.pdb,model.000.16.pdb,29L,82N,151D,37C,157D,84C,24K,163I,155K,164I,80V,26E,30V,56F,83V,42L,81N,156C,40K,28D,158C,85I,13F,25C,27N,23C,31L,55D
model.000.19.pdb,model.000.17.pdb,29L,42L,26E,25C,37C,40K,28D,24K,27N,164I,13F
model.000.19.pdb,model.000.18.pdb,149A,148K,159K,150V,162F,161G,20H,160D,158C
model.000.19.pdb,model.000.19.pdb,29L,82N,151D,153I,157D,84C,162F,161G,155K,164I,160D,149A,26E,98K,22E,30V,115N,20H,56F,152G,83V,42L,81N,156C,40K,28D,150V,158C,85I,17M,159K,13F,148K,25C,163I,27N,31L,15I,55D,24K
model.000.19.pdb,model.000.20.pdb,149A,148K,156C,159K,157D,150V,162F,158C,163I,155K,160D
model.000.19.pdb,model.000.21.pdb,82N,124D,151D,153I,96N,94C,149A,123Q,89C,24K,80V,115N,127K,99C,121N,152G,83V,81N,97G,150V,125Q,129S,91Q,85I,95G,93T,17M,98K,55D
model.000.19.pdb,model.000.22.pdb,156C,56F
model.000.19.pdb,model.000.23.pdb,13F,159K,157D,162F,158C,164I
model.000.19.pdb,model.000.24.pdb,17M,123Q,127K,125Q,20H,121N,124D
model.000.19.pdb,model.000.25.pdb,20H,17M,156C,159K
model.000.19.pdb,model.000.26.pdb,29L,82N,151D,153I,84C,30V,96N,80V,24K,115N,89C,152G,83V,42L,81N,40K,28D,97G,150V,91Q,95G,93T,17M,25C,27N,98K,31L,55D
model.000.19.pdb,model.000.27.pdb,37C,89C,80V,56F,85I
model.000.19.pdb,model.000.28.pdb,29L,26E,37C,156C,27N,164I
model.000.19.pdb,model.000.29.pdb,29L,13F,26E,37C,156C,159K,27N,162F
model.000.20.pdb,model.000.00.pdb,17M,113S,134T,154Y,135K,15I,116I
model.000.20.pdb,model.000.01.pdb,29L,42L,26E,156C,40K,28D,159K,157D,27N,170C,162F,163I,164I,13F
model.000.20.pdb,model.000.02.pdb,17M,148K,156C,134T,159K,157D,135K,170C,132G,133E,155K,119V
model.000.20.pdb,model.000.03.pdb,No common_epitopes
model.000.20.pdb,model.000.04.pdb,148K,156C,159K,154Y,135K,170C,162F,158C,161G,160D
model.000.20.pdb,model.000.05.pdb,29L,82N,151D,153I,157D,161G,170C,162F,158C,155K,164I,80V,30V,149A,26E,113S,22E,159K,160D,115N,96N,131D,152G,83V,54G,81N,156C,40K,28D,154Y,97G,42L,150V,163I,79M,95G,17M,13F,148K,25C,27N,98K,118K,15I,55D,116I,24K
model.000.20.pdb,model.000.06.pdb,29L,82N,151D,153I,157D,161G,170C,162F,158C,155K,164I,96N,30V,26E,113S,22E,159K,80V,117G,115N,131D,152G,83V,54G,81N,156C,40K,28D,97G,42L,150V,163I,95G,17M,13F,148K,25C,27N,98K,118K,132G,15I,55D,130K,24K
model.000.20.pdb,model.000.07.pdb,135K,22E
model.000.20.pdb,model.000.08.pdb,No common_epitopes
model.000.20.pdb,model.000.09.pdb,135K,15I,17M,156C,13F
model.000.20.pdb,model.000.10.pdb,29L,82N,151D,153I,157D,162F,161G,96N,80V,30V,149A,26E,98K,113S,22E,159K,160D,117G,115N,131D,133E,155K,152G,83V,54G,81N,40K,28D,154Y,97G,42L,150V,158C,95G,17M,148K,134T,27N,114C,118K,132G,15I,55D,116I,24K
model.000.20.pdb,model.000.11.pdb,29L,151D,157D,170C,24K,163I,155K,164I,160D,26E,159K,42L,156C,40K,28D,150V,158C,13F,148K,25C,27N,162F
model.000.20.pdb,model.000.12.pdb,55D,54G,26E,98K
model.000.20.pdb,model.000.13.pdb,113S,98K,130K
model.000.20.pdb,model.000.14.pdb,117G,149A,17M,152G,130K,113S,154Y,134T,153I,119V,135K,148K,115N,150V,118K,133E,155K,131D,116I,132G
model.000.20.pdb,model.000.15.pdb,29L,82N,83V,54G,81N,40K,28D,30V,27N,55D,79M,42L
model.000.20.pdb,model.000.16.pdb,29L,82N,151D,157D,170C,24K,158C,155K,164I,80V,42L,26E,30V,83V,54G,81N,156C,40K,28D,163I,79M,13F,25C,27N,55D
model.000.20.pdb,model.000.17.pdb,29L,42L,26E,25C,40K,28D,24K,170C,27N,164I,13F
model.000.20.pdb,model.000.18.pdb,149A,130K,148K,116I,134T,159K,154Y,135K,117G,150V,162F,119V,158C,133E,161G,131D,160D,132G
model.000.20.pdb,model.000.19.pdb,29L,82N,151D,153I,157D,170C,162F,161G,155K,164I,160D,149A,26E,98K,22E,30V,115N,152G,83V,42L,81N,156C,40K,28D,150V,158C,79M,17M,159K,13F,148K,25C,163I,27N,15I,55D,24K
model.000.20.pdb,model.000.20.pdb,149A,148K,156C,159K,157D,135K,170C,150V,162F,158C,163I,155K,154Y,160D
model.000.20.pdb,model.000.21.pdb,82N,151D,153I,118K,96N,80V,149A,98K,113S,24K,117G,115N,131D,152G,83V,81N,154Y,97G,150V,95G,17M,114C,132G,55D,116I,130K
model.000.20.pdb,model.000.22.pdb,156C
model.000.20.pdb,model.000.23.pdb,13F,159K,157D,135K,170C,162F,158C,164I
model.000.20.pdb,model.000.24.pdb,17M,113S,134T,119V,135K,114C,133E
model.000.20.pdb,model.000.25.pdb,17M,156C,134T,159K,119V,135K,132G,133E,116I
model.000.20.pdb,model.000.26.pdb,29L,82N,151D,153I,30V,96N,80V,42L,24K,115N,152G,83V,54G,81N,40K,28D,97G,150V,79M,95G,17M,25C,27N,98K,55D,116I
model.000.20.pdb,model.000.27.pdb,79M,80V
model.000.20.pdb,model.000.28.pdb,29L,26E,156C,27N,170C,164I
model.000.20.pdb,model.000.29.pdb,29L,13F,26E,156C,159K,27N,162F
model.000.21.pdb,model.000.00.pdb,104S,35E,136C,100I,5V,3V,10K,9C,135K,7T,20H,16Q,34E,139K,4T,18S,137S,36T,21L,103T,2K,17M,6D,33N,19G,8V
model.000.21.pdb,model.000.01.pdb,8V,9C,5V,6D,7T
model.000.21.pdb,model.000.02.pdb,17M,139K,136C,6D,4T,5V,3V,135K,18S,137S,7T,20H,21L,19G,16Q,2K
model.000.21.pdb,model.000.03.pdb,104S,35E,100I,37C,5V,3V,102D,109T,10K,38E,9C,7T,20H,101L,34E,4T,32V,111V,36T,19G,103T,2K,6D,108K,33N,88E,21L,8V
model.000.21.pdb,model.000.04.pdb,139K,136C,4T,9C,5V,135K,137S,7T,6D,8V,16Q
model.000.21.pdb,model.000.05.pdb,37C,17M
model.000.21.pdb,model.000.06.pdb,37C,32V,16Q,17M
model.000.21.pdb,model.000.07.pdb,104S,35E,136C,100I,106P,5V,3V,102D,109T,10K,135K,7T,105N,20H,16Q,101L,34E,139K,107V,4T,137S,36T,19G,103T,2K,6D,108K,33N,21L,8V
model.000.21.pdb,model.000.08.pdb,104S,106P,5V,3V,102D,109T,7T,103T,20H,16Q,101L,34E,139K,107V,4T,137S,32V,105N,2K,6D,33N,88E,21L,108K
model.000.21.pdb,model.000.09.pdb,10K,35E,139K,136C,4T,6D,37C,5V,3V,16Q,135K,137S,7T,17M,8V,20H,36T,19G,21L,9C,2K
model.000.21.pdb,model.000.10.pdb,17M
model.000.21.pdb,model.000.11.pdb,10K,37C,9C,38E
model.000.21.pdb,model.000.12.pdb,104S,35E,100I,3V,102D,10K,38E,9C,7T,103T,20H,101L,34E,4T,32V,36T,105N,2K,6D,108K,33N,21L,8V
model.000.21.pdb,model.000.13.pdb,109T,100I,107V,88E,111V,108K
model.000.21.pdb,model.000.14.pdb,17M,139K,136C,6D,4T,5V,3V,135K,18S,137S,20H,21L,19G,16Q
model.000.21.pdb,model.000.15.pdb,38E
model.000.21.pdb,model.000.16.pdb,37C
model.000.21.pdb,model.000.17.pdb,10K,35E,139K,38E,34E,37C,5V,3V,4T,7T,32V,6D,36T,8V,9C,33N,2K
model.000.21.pdb,model.000.18.pdb,19G,139K,136C,6D,4T,5V,3V,135K,18S,137S,7T,20H,21L,16Q
model.000.21.pdb,model.000.19.pdb,20H,17M,38E
model.000.21.pdb,model.000.20.pdb,135K,137S,139K,136C
model.000.21.pdb,model.000.21.pdb,18S,17M
model.000.21.pdb,model.000.22.pdb,104S,35E,106P,5V,3V,102D,10K,9C,7T,103T,101L,34E,139K,107V,4T,137S,32V,36T,105N,2K,6D,108K,33N,88E,21L,8V
model.000.21.pdb,model.000.23.pdb,139K,136C,4T,9C,5V,135K,137S,7T,6D,21L,8V,16Q
model.000.21.pdb,model.000.24.pdb,104S,100I,106P,3V,102D,109T,135K,7T,103T,20H,16Q,101L,107V,4T,18S,137S,111V,19G,105N,2K,17M,21L,108K
model.000.21.pdb,model.000.25.pdb,104S,17M,139K,136C,6D,4T,5V,3V,135K,18S,137S,7T,20H,19G,21L,16Q,105N,2K
model.000.21.pdb,model.000.26.pdb,17M
model.000.21.pdb,model.000.27.pdb,101L,10K,35E,38E,100I,34E,107V,106P,37C,33N,3V,7T,32V,108K,88E,36T,8V,4T,103T,2K
model.000.21.pdb,model.000.28.pdb,10K,35E,139K,34E,37C,5V,3V,7T,6D,36T,8V,9C,33N,2K
model.000.21.pdb,model.000.29.pdb,10K,139K,38E,9C,5V,4T,7T,32V,6D,36T,8V,37C
model.000.22.pdb,model.000.00.pdb,104S,138L,141L,136C,100I,147C,5V,3V,113S,135K,7T,20H,16Q,34E,139K,140C,4T,154Y,18S,137S,146T,21L,103T,2K,17M,6D,134T,33N,19G,116I
model.000.22.pdb,model.000.01.pdb,6D,5V,141L,7T,159K
model.000.22.pdb,model.000.02.pdb,138L,147C,141L,136C,5V,3V,159K,135K,7T,133E,20H,16Q,139K,140C,4T,119V,18S,137S,146T,19G,2K,17M,6D,134T,132G,21L
model.000.22.pdb,model.000.03.pdb,104S,101L,6D,100I,34E,33N,86P,4T,5V,77Y,3V,102D,7T,111V,109T,20H,19G,21L,103T,2K
model.000.22.pdb,model.000.04.pdb,138L,147C,141L,136C,140C,6D,4T,5V,159K,154Y,135K,137S,7T,146T,139K,16Q
model.000.22.pdb,model.000.05.pdb,17M,113S,159K,154Y,98K,131D,118K,146T,116I
model.000.22.pdb,model.000.06.pdb,17M,113S,159K,117G,98K,131D,118K,130K,121N,16Q,132G
model.000.22.pdb,model.000.07.pdb,104S,138L,141L,136C,100I,86P,5V,3V,102D,109T,77Y,135K,7T,105N,20H,16Q,101L,34E,139K,140C,4T,137S,19G,103T,2K,6D,33N,21L
model.000.22.pdb,model.000.08.pdb,104S,109T,139K,34E,101L,86P,4T,5V,77Y,3V,102D,137S,7T,105N,33N,6D,20H,21L,16Q,103T,2K
model.000.22.pdb,model.000.09.pdb,138L,17M,141L,136C,140C,6D,4T,5V,3V,135K,137S,7T,139K,20H,21L,19G,16Q,2K
model.000.22.pdb,model.000.10.pdb,147C,17M,113S,134T,159K,154Y,117G,98K,131D,118K,133E,116I,132G
model.000.22.pdb,model.000.11.pdb,159K
model.000.22.pdb,model.000.12.pdb,104S,101L,6D,100I,34E,86P,4T,33N,77Y,3V,102D,7T,103T,20H,21L,98K,105N,2K
model.000.22.pdb,model.000.13.pdb,109T,122V,123Q,100I,113S,120P,98K,126N,111V,112C,121N,130K
model.000.22.pdb,model.000.14.pdb,138L,147C,141L,136C,5V,3V,118K,135K,113S,117G,131D,133E,20H,16Q,126N,139K,140C,4T,119V,18S,137S,154Y,19G,122V,17M,6D,134T,120P,132G,21L,116I,130K
model.000.22.pdb,model.000.15.pdb,No common_epitopes
model.000.22.pdb,model.000.16.pdb,No common_epitopes
model.000.22.pdb,model.000.17.pdb,34E,139K,4T,5V,3V,7T,6D,33N,2K
model.000.22.pdb,model.000.18.pdb,138L,147C,141L,136C,5V,3V,7T,117G,159K,135K,131D,133E,20H,16Q,139K,140C,4T,154Y,18S,137S,146T,119V,21L,6D,134T,132G,19G,116I,130K
model.000.22.pdb,model.000.19.pdb,20H,17M,159K,98K
model.000.22.pdb,model.000.20.pdb,138L,147C,141L,136C,140C,159K,154Y,135K,137S,146T,139K
model.000.22.pdb,model.000.21.pdb,17M,123Q,98K,113S,126N,130K,154Y,117G,18S,131D,118K,112C,121N,116I,132G
model.000.22.pdb,model.000.22.pdb,104S,138L,141L,34E,101L,140C,6D,4T,5V,77Y,3V,102D,137S,7T,105N,33N,139K,21L,103T,2K
model.000.22.pdb,model.000.23.pdb,138L,147C,141L,136C,140C,6D,4T,5V,159K,135K,137S,7T,146T,139K,21L,16Q
model.000.22.pdb,model.000.24.pdb,104S,100I,3V,102D,109T,123Q,113S,135K,7T,105N,133E,20H,121N,16Q,101L,4T,119V,18S,137S,111V,19G,103T,2K,122V,17M,134T,120P,126N,21L,112C
model.000.22.pdb,model.000.25.pdb,138L,104S,141L,136C,147C,5V,3V,159K,135K,7T,133E,20H,16Q,139K,140C,4T,119V,18S,137S,146T,21L,105N,2K,17M,6D,134T,132G,19G,116I
model.000.22.pdb,model.000.26.pdb,98K,17M,77Y,116I
model.000.22.pdb,model.000.27.pdb,101L,34E,100I,86P,4T,33N,77Y,3V,7T,103T,2K
model.000.22.pdb,model.000.28.pdb,138L,34E,141L,140C,6D,5V,3V,7T,139K,33N,2K
model.000.22.pdb,model.000.29.pdb,139K,140C,6D,4T,5V,159K,7T,141L
model.000.23.pdb,model.000.00.pdb,113S,17M,116I
model.000.23.pdb,model.000.01.pdb,29L,42L,40K,28D,27N,41V
model.000.23.pdb,model.000.02.pdb,17M
model.000.23.pdb,model.000.03.pdb,52P,37C,32V,56F,31L
model.000.23.pdb,model.000.04.pdb,No common_epitopes
model.000.23.pdb,model.000.05.pdb,29L,82N,53C,151D,37C,153I,84C,118K,96N,80V,30V,149A,113S,22E,24K,115N,99C,71C,56F,152G,83V,54G,81N,40K,28D,97G,42L,150V,79M,95G,93T,17M,25C,27N,23C,98K,31L,55D,116I
model.000.23.pdb,model.000.06.pdb,29L,82N,43K,151D,37C,153I,41V,84C,118K,128C,96N,80V,30V,113S,22E,24K,94C,117G,115N,99C,44C,56F,152G,83V,54G,81N,40K,28D,97G,42L,32V,55D,95G,93T,17M,57S,25C,27N,23C,98K,31L,150V
model.000.23.pdb,model.000.07.pdb,22E,56F
model.000.23.pdb,model.000.08.pdb,32V,56F
model.000.23.pdb,model.000.09.pdb,37C,17M
model.000.23.pdb,model.000.10.pdb,29L,82N,53C,151D,153I,84C,118K,96N,80V,42L,149A,98K,113S,22E,30V,94C,117G,115N,99C,152G,83V,54G,81N,40K,28D,97G,150V,95G,93T,17M,27N,114C,31L,55D,116I,24K
model.000.23.pdb,model.000.11.pdb,29L,43K,151D,37C,40K,28D,24K,41V,150V,27N,25C,42L
model.000.23.pdb,model.000.12.pdb,73C,53C,54G,57S,72K,52P,98K,32V,31L,55D,56F
model.000.23.pdb,model.000.13.pdb,128C,113S,98K,99C,91Q,94C,93T
model.000.23.pdb,model.000.14.pdb,149A,17M,152G,113S,153I,117G,115N,150V,118K,116I
model.000.23.pdb,model.000.15.pdb,29L,82N,53C,43K,41V,84C,68S,54G,67V,30V,44C,56F,83V,42L,81N,69Y,40K,28D,52P,79M,57S,27N,66P,31L,55D
model.000.23.pdb,model.000.16.pdb,29L,82N,53C,43K,151D,37C,72K,41V,84C,24K,80V,54G,30V,44C,71C,56F,73C,83V,42L,81N,69Y,40K,28D,79M,57S,25C,27N,23C,31L,55D,70A
model.000.23.pdb,model.000.17.pdb,29L,42L,25C,37C,40K,28D,24K,41V,32V,27N
model.000.23.pdb,model.000.18.pdb,117G,149A,150V,116I
model.000.23.pdb,model.000.19.pdb,29L,82N,53C,43K,151D,153I,41V,84C,24K,149A,22E,30V,115N,56F,152G,83V,42L,81N,40K,28D,150V,79M,17M,25C,27N,98K,31L,55D
model.000.23.pdb,model.000.20.pdb,149A,150V
model.000.23.pdb,model.000.21.pdb,82N,151D,153I,118K,96N,94C,149A,98K,113S,24K,80V,117G,115N,99C,152G,83V,81N,97G,150V,91Q,95G,93T,17M,114C,55D,116I
model.000.23.pdb,model.000.22.pdb,32V,56F
model.000.23.pdb,model.000.23.pdb,No common_epitopes
model.000.23.pdb,model.000.24.pdb,113S,114C,17M
model.000.23.pdb,model.000.25.pdb,17M,116I
model.000.23.pdb,model.000.26.pdb,29L,82N,53C,151D,72K,153I,84C,30V,96N,80V,68S,42L,24K,115N,71C,73C,152G,83V,54G,81N,69Y,40K,28D,97G,150V,79M,91Q,95G,93T,17M,57S,25C,27N,70A,98K,31L,55D,116I
model.000.23.pdb,model.000.27.pdb,73C,37C,72K,32V,52P,79M,80V,56F
model.000.23.pdb,model.000.28.pdb,37C,29L,27N
model.000.23.pdb,model.000.29.pdb,29L,32V,37C,27N
model.000.24.pdb,model.000.00.pdb,36T,10K,9C,8V,35E
model.000.24.pdb,model.000.01.pdb,29L,42L,26E,12G,9C,40K,51K,27N,28D,39E,41V,11R,8V
model.000.24.pdb,model.000.02.pdb,No common_epitopes
model.000.24.pdb,model.000.03.pdb,50N,10K,51K,38E,39E,12G,9C,35E,32V,11R,52P,36T,8V,37C
model.000.24.pdb,model.000.04.pdb,9C,8V
model.000.24.pdb,model.000.05.pdb,29L,42L,26E,37C,40K,28D,27N
model.000.24.pdb,model.000.06.pdb,29L,43K,26E,12G,37C,40K,28D,27N,41V,32V,44C,42L
model.000.24.pdb,model.000.07.pdb,10K,35E,8V,36T
model.000.24.pdb,model.000.08.pdb,32V
model.000.24.pdb,model.000.09.pdb,10K,35E,12G,37C,11R,36T,8V,9C
model.000.24.pdb,model.000.10.pdb,29L,42L,26E,40K,28D,27N
model.000.24.pdb,model.000.11.pdb,10K,29L,43K,26E,12G,47K,37C,40K,51K,27N,28D,39E,41V,42L,11R,9C,38E
model.000.24.pdb,model.000.12.pdb,50N,10K,51K,38E,26E,12G,9C,35E,39E,32V,11R,52P,36T,8V,49V
model.000.24.pdb,model.000.13.pdb,No common_epitopes
model.000.24.pdb,model.000.14.pdb,No common_epitopes
model.000.24.pdb,model.000.15.pdb,29L,43K,39E,47K,40K,51K,27N,28D,46E,41V,42L,11R,44C,52P,49V,48T,45D,38E
model.000.24.pdb,model.000.16.pdb,29L,43K,26E,37C,40K,28D,27N,39E,41V,11R,44C,42L
model.000.24.pdb,model.000.17.pdb,50N,10K,29L,38E,26E,12G,47K,37C,40K,51K,35E,28D,39E,41V,32V,27N,11R,36T,8V,9C,42L
model.000.24.pdb,model.000.18.pdb,No common_epitopes
model.000.24.pdb,model.000.19.pdb,38E,29L,42L,26E,40K,28D,27N,39E,41V,11R,43K
model.000.24.pdb,model.000.20.pdb,No common_epitopes
model.000.24.pdb,model.000.21.pdb,No common_epitopes
model.000.24.pdb,model.000.22.pdb,10K,35E,12G,9C,32V,36T,8V
model.000.24.pdb,model.000.23.pdb,9C,8V,12G
model.000.24.pdb,model.000.24.pdb,No common_epitopes
model.000.24.pdb,model.000.25.pdb,No common_epitopes
model.000.24.pdb,model.000.26.pdb,29L,40K,42L,27N,28D
model.000.24.pdb,model.000.27.pdb,50N,10K,51K,38E,39E,37C,35E,32V,11R,52P,36T,8V,49V
model.000.24.pdb,model.000.28.pdb,10K,29L,39E,26E,12G,9C,35E,27N,11R,36T,8V,37C
model.000.24.pdb,model.000.29.pdb,10K,29L,38E,26E,12G,37C,27N,39E,32V,11R,36T,8V,9C
model.000.25.pdb,model.000.00.pdb,147C,116I
model.000.25.pdb,model.000.01.pdb,29L,42L,26E,156C,40K,28D,159K,157D,27N,162F,163I,164I,13F
model.000.25.pdb,model.000.02.pdb,147C,148K,156C,159K,157D,132G,133E,155K
model.000.25.pdb,model.000.03.pdb,85I,31L
model.000.25.pdb,model.000.04.pdb,147C,148K,156C,159K,162F,158C,161G,160D
model.000.25.pdb,model.000.05.pdb,29L,82N,151D,153I,157D,30V,161G,155K,164I,80V,149A,26E,24K,160D,115N,99C,96N,131D,152G,83V,42L,81N,156C,40K,28D,97G,150V,163I,85I,95G,93T,159K,13F,148K,25C,27N,98K,118K,31L,55D,158C,116I,162F
model.000.25.pdb,model.000.06.pdb,29L,82N,124D,151D,127K,153I,157D,30V,128C,161G,96N,164I,94C,26E,24K,80V,117G,115N,131D,99C,155K,152G,83V,42L,81N,156C,40K,28D,97G,150V,163I,95G,93T,159K,13F,148K,25C,27N,98K,129S,118K,132G,31L,55D,158C,130K,162F
model.000.25.pdb,model.000.07.pdb,No common_epitopes
model.000.25.pdb,model.000.08.pdb,85I
model.000.25.pdb,model.000.09.pdb,156C,13F
model.000.25.pdb,model.000.10.pdb,147C,29L,82N,151D,153I,157D,30V,158C,160D,96N,94C,92V,149A,26E,24K,80V,117G,115N,99C,133E,131D,155K,152G,83V,42L,81N,40K,28D,97G,150V,161G,85I,95G,93T,159K,148K,27N,98K,118K,132G,31L,55D,116I,162F
model.000.25.pdb,model.000.11.pdb,29L,159K,42L,26E,148K,151D,156C,40K,28D,24K,157D,27N,150V,162F,25C,158C,163I,155K,164I,160D,13F
model.000.25.pdb,model.000.12.pdb,55D,98K,85I,26E,31L
model.000.25.pdb,model.000.13.pdb,124D,128C,98K,127K,99C,129S,130K,94C,92V,93T
model.000.25.pdb,model.000.14.pdb,147C,152G,149A,148K,130K,153I,117G,115N,150V,118K,133E,155K,131D,116I,132G
model.000.25.pdb,model.000.15.pdb,29L,82N,83V,42L,81N,40K,28D,30V,27N,31L,55D
model.000.25.pdb,model.000.16.pdb,29L,82N,151D,157D,24K,163I,155K,164I,80V,26E,30V,83V,42L,81N,156C,40K,28D,158C,85I,13F,25C,27N,31L,55D
model.000.25.pdb,model.000.17.pdb,29L,42L,26E,25C,40K,28D,24K,27N,164I,13F
model.000.25.pdb,model.000.18.pdb,147C,149A,148K,159K,116I,117G,131D,150V,162F,158C,133E,161G,130K,160D,132G
model.000.25.pdb,model.000.19.pdb,29L,82N,151D,153I,157D,162F,161G,155K,164I,160D,149A,26E,98K,30V,115N,152G,83V,42L,81N,156C,40K,28D,150V,158C,85I,159K,13F,148K,25C,163I,27N,31L,55D,24K
model.000.25.pdb,model.000.20.pdb,147C,149A,148K,156C,159K,157D,150V,162F,158C,163I,155K,160D
model.000.25.pdb,model.000.21.pdb,82N,124D,151D,153I,118K,96N,94C,92V,149A,24K,80V,117G,115N,127K,99C,131D,152G,83V,81N,97G,150V,129S,85I,95G,93T,98K,132G,55D,116I,130K
model.000.25.pdb,model.000.22.pdb,156C
model.000.25.pdb,model.000.23.pdb,147C,13F,159K,157D,162F,158C,164I
model.000.25.pdb,model.000.24.pdb,133E,127K,124D,92V
model.000.25.pdb,model.000.25.pdb,147C,156C,159K,132G,133E,116I
model.000.25.pdb,model.000.26.pdb,29L,82N,151D,153I,30V,96N,80V,24K,115N,152G,83V,42L,81N,40K,28D,97G,150V,95G,93T,25C,27N,98K,31L,55D,116I
model.000.25.pdb,model.000.27.pdb,80V,85I
model.000.25.pdb,model.000.28.pdb,29L,156C,164I,27N,26E
model.000.25.pdb,model.000.29.pdb,29L,13F,26E,156C,159K,27N,162F
model.000.26.pdb,model.000.00.pdb,104S,19G,103T,100I,2K
model.000.26.pdb,model.000.01.pdb,No common_epitopes
model.000.26.pdb,model.000.02.pdb,133E,19G,2K,119V
model.000.26.pdb,model.000.03.pdb,104S,101L,100I,111V,87N,102D,88E,109T,19G,108K,103T,2K
model.000.26.pdb,model.000.04.pdb,No common_epitopes
model.000.26.pdb,model.000.05.pdb,93T
model.000.26.pdb,model.000.06.pdb,124D,127K,125Q,129S,121N,93T
model.000.26.pdb,model.000.07.pdb,104S,109T,100I,107V,106P,101L,102D,103T,19G,108K,105N,2K
model.000.26.pdb,model.000.08.pdb,104S,109T,107V,106P,101L,87N,102D,103T,88E,108K,105N,2K
model.000.26.pdb,model.000.09.pdb,19G,2K
model.000.26.pdb,model.000.10.pdb,133E,92V,93T
model.000.26.pdb,model.000.11.pdb,No common_epitopes
model.000.26.pdb,model.000.12.pdb,104S,101L,100I,87N,102D,103T,108K,105N,2K
model.000.26.pdb,model.000.13.pdb,109T,110G,112C,124D,100I,122V,107V,91Q,111V,120P,87N,127K,126N,88E,125Q,129S,108K,93T,121N,92V,123Q
model.000.26.pdb,model.000.14.pdb,122V,120P,119V,126N,133E,19G
model.000.26.pdb,model.000.15.pdb,No common_epitopes
model.000.26.pdb,model.000.16.pdb,No common_epitopes
model.000.26.pdb,model.000.17.pdb,2K
model.000.26.pdb,model.000.18.pdb,133E,19G,119V
model.000.26.pdb,model.000.19.pdb,No common_epitopes
model.000.26.pdb,model.000.20.pdb,No common_epitopes
model.000.26.pdb,model.000.21.pdb,124D,123Q,91Q,127K,126N,125Q,129S,112C,121N,92V,93T
model.000.26.pdb,model.000.22.pdb,104S,101L,107V,106P,87N,102D,103T,88E,108K,105N,2K
model.000.26.pdb,model.000.23.pdb,No common_epitopes
model.000.26.pdb,model.000.24.pdb,104S,110G,124D,100I,106P,125Q,102D,92V,109T,123Q,127K,105N,133E,121N,101L,107V,119V,111V,103T,2K,122V,120P,126N,19G,112C,108K
model.000.26.pdb,model.000.25.pdb,104S,119V,133E,19G,105N,2K
model.000.26.pdb,model.000.26.pdb,91Q,93T
model.000.26.pdb,model.000.27.pdb,101L,110G,100I,107V,106P,87N,88E,108K,103T,2K
model.000.26.pdb,model.000.28.pdb,2K
model.000.26.pdb,model.000.29.pdb,No common_epitopes
model.000.27.pdb,model.000.00.pdb,10K,35E,6D,34E,33N,7T,36T,8V,2K
model.000.27.pdb,model.000.01.pdb,51K,6D,39E,26E,12G,40K,7T,11R,8V
model.000.27.pdb,model.000.02.pdb,7T,6D,2K
model.000.27.pdb,model.000.03.pdb,50N,35E,37C,51K,10K,38E,12G,77Y,7T,58K,56F,75L,101L,34E,31L,32V,36T,2K,6D,39E,33N,11R,52P,8V,76G,74N
model.000.27.pdb,model.000.04.pdb,8V,7T,6D
model.000.27.pdb,model.000.05.pdb,37C,40K,56F,26E,31L
model.000.27.pdb,model.000.06.pdb,26E,12G,57S,37C,40K,32V,31L,56F
model.000.27.pdb,model.000.07.pdb,101L,10K,35E,6D,34E,33N,77Y,7T,74N,36T,2K,8V,56F,75L
model.000.27.pdb,model.000.08.pdb,101L,34E,6D,33N,77Y,76G,7T,32V,74N,2K,58K,56F,75L
model.000.27.pdb,model.000.09.pdb,10K,35E,6D,12G,37C,7T,11R,36T,8V,2K
model.000.27.pdb,model.000.10.pdb,40K,26E,31L
model.000.27.pdb,model.000.11.pdb,10K,51K,38E,26E,12G,47K,37C,40K,39E,11R
model.000.27.pdb,model.000.12.pdb,50N,35E,51K,10K,38E,26E,12G,77Y,7T,58K,56F,75L,101L,34E,73C,11R,72K,32V,36T,2K,6D,39E,57S,8V,33N,31L,52P,49V,60I,76G,74N
model.000.27.pdb,model.000.13.pdb,No common_epitopes
model.000.27.pdb,model.000.14.pdb,6D
model.000.27.pdb,model.000.15.pdb,51K,38E,39E,57S,47K,69Y,40K,11R,61K,52P,31L,46E,49V,48T,45D,56F
model.000.27.pdb,model.000.16.pdb,73C,39E,26E,57S,37C,69Y,40K,72K,11R,59C,31L,60I,70A,56F
model.000.27.pdb,model.000.17.pdb,50N,10K,35E,6D,38E,26E,12G,47K,37C,33N,40K,51K,11R,39E,7T,32V,34E,36T,8V,58K,2K
model.000.27.pdb,model.000.18.pdb,7T,6D
model.000.27.pdb,model.000.19.pdb,38E,39E,26E,40K,11R,31L,56F
model.000.27.pdb,model.000.20.pdb,No common_epitopes
model.000.27.pdb,model.000.21.pdb,No common_epitopes
model.000.27.pdb,model.000.22.pdb,101L,10K,35E,6D,34E,12G,33N,77Y,76G,7T,32V,74N,36T,2K,8V,58K,56F,75L
model.000.27.pdb,model.000.23.pdb,8V,7T,6D,12G
model.000.27.pdb,model.000.24.pdb,101L,7T,2K
model.000.27.pdb,model.000.25.pdb,7T,6D,2K
model.000.27.pdb,model.000.26.pdb,73C,57S,77Y,69Y,40K,72K,70A,59C,31L,62I,60I,58K
model.000.27.pdb,model.000.27.pdb,50N,35E,37C,51K,10K,38E,77Y,61K,7T,58K,56F,75L,101L,34E,73C,72K,32V,36T,2K,39E,8V,33N,11R,52P,49V,60I,76G,74N
model.000.27.pdb,model.000.28.pdb,10K,35E,6D,39E,26E,12G,37C,33N,11R,7T,34E,36T,8V,2K
model.000.27.pdb,model.000.29.pdb,10K,6D,38E,26E,12G,37C,39E,7T,32V,11R,36T,8V
model.000.28.pdb,model.000.00.pdb,138L,147C,141L,136C,140C,6D,4T,5V,135K,137S,7T,146T,139K
model.000.28.pdb,model.000.01.pdb,145E,141L,171T,5V,159K,169I,170C,143E,162F,144Q,6D,14L,142K,7T
model.000.28.pdb,model.000.02.pdb,138L,147C,141L,136C,145E,140C,6D,4T,5V,159K,169I,135K,137S,170C,143E,144Q,146T,139K,142K,7T
model.000.28.pdb,model.000.03.pdb,4T,5V,6D,7T
model.000.28.pdb,model.000.04.pdb,138L,147C,141L,136C,145E,140C,6D,4T,5V,159K,169I,135K,137S,170C,143E,162F,144Q,146T,139K,142K,7T
model.000.28.pdb,model.000.05.pdb,146T,170C,162F,159K
model.000.28.pdb,model.000.06.pdb,145E,142K,170C,162F,159K
model.000.28.pdb,model.000.07.pdb,138L,141L,136C,140C,6D,4T,5V,135K,137S,7T,139K
model.000.28.pdb,model.000.08.pdb,6D,4T,5V,137S,7T,139K
model.000.28.pdb,model.000.09.pdb,138L,145E,141L,136C,140C,6D,4T,5V,169I,135K,137S,7T,143E,139K,14L,142K
model.000.28.pdb,model.000.10.pdb,147C,162F,159K
model.000.28.pdb,model.000.11.pdb,159K,169I,170C,162F,14L,142K
model.000.28.pdb,model.000.12.pdb,4T,7T,6D
model.000.28.pdb,model.000.13.pdb,No common_epitopes
model.000.28.pdb,model.000.14.pdb,138L,147C,141L,136C,140C,6D,4T,5V,135K,137S,139K
model.000.28.pdb,model.000.15.pdb,No common_epitopes
model.000.28.pdb,model.000.16.pdb,170C,169I,171T
model.000.28.pdb,model.000.17.pdb,145E,139K,171T,4T,5V,169I,170C,6D,14L,142K,7T
model.000.28.pdb,model.000.18.pdb,138L,147C,141L,136C,145E,140C,6D,4T,5V,159K,135K,137S,7T,162F,144Q,146T,139K,142K
model.000.28.pdb,model.000.19.pdb,170C,162F,159K,169I
model.000.28.pdb,model.000.20.pdb,138L,147C,141L,136C,145E,140C,171T,159K,169I,135K,137S,170C,139K,162F,144Q,146T,172G,142K,143E
model.000.28.pdb,model.000.21.pdb,No common_epitopes
model.000.28.pdb,model.000.22.pdb,138L,145E,141L,140C,6D,4T,5V,137S,7T,139K,14L,142K
model.000.28.pdb,model.000.23.pdb,138L,147C,141L,136C,145E,5V,170C,162F,159K,135K,7T,14L,139K,140C,4T,169I,137S,144Q,146T,142K,6D,143E
model.000.28.pdb,model.000.24.pdb,135K,4T,7T,137S
model.000.28.pdb,model.000.25.pdb,138L,147C,141L,136C,145E,140C,6D,4T,5V,159K,135K,137S,7T,143E,144Q,146T,139K,142K
model.000.28.pdb,model.000.26.pdb,No common_epitopes
model.000.28.pdb,model.000.27.pdb,4T,7T
model.000.28.pdb,model.000.28.pdb,138L,145E,170C,141L,140C,6D,5V,169I,7T,143E,144Q,139K,14L,142K
model.000.28.pdb,model.000.29.pdb,145E,141L,140C,6D,4T,5V,159K,169I,7T,143E,162F,144Q,139K,14L,142K
model.000.29.pdb,model.000.00.pdb,10K,6D,9C,139K,141L,36T,8V
model.000.29.pdb,model.000.01.pdb,145E,51K,141L,13F,26E,12G,6D,9C,171T,29L,169I,39E,170C,143E,144Q,11R,8V,163I,14L,164I,142K
model.000.29.pdb,model.000.02.pdb,145E,141L,6D,169I,170C,143E,144Q,139K,142K
model.000.29.pdb,model.000.03.pdb,10K,51K,6D,38E,39E,12G,37C,11R,36T,8V,9C
model.000.29.pdb,model.000.04.pdb,145E,141L,6D,9C,169I,170C,143E,144Q,158C,139K,142K,8V
model.000.29.pdb,model.000.05.pdb,29L,13F,26E,25C,37C,24K,170C,163I,158C,164I
model.000.29.pdb,model.000.06.pdb,145E,29L,13F,26E,12G,25C,37C,24K,170C,163I,158C,142K,164I
model.000.29.pdb,model.000.07.pdb,10K,6D,139K,141L,36T,8V
model.000.29.pdb,model.000.08.pdb,6D,139K
model.000.29.pdb,model.000.09.pdb,145E,141L,13F,12G,10K,37C,169I,143E,11R,6D,139K,36T,8V,142K,9C,14L
model.000.29.pdb,model.000.10.pdb,158C,29L,24K,26E
model.000.29.pdb,model.000.11.pdb,10K,51K,38E,26E,12G,25C,37C,11R,29L,24K,169I,39E,170C,142K,163I,158C,14L,164I,9C,13F
model.000.29.pdb,model.000.12.pdb,10K,51K,6D,38E,26E,12G,9C,39E,11R,36T,8V
model.000.29.pdb,model.000.13.pdb,No common_epitopes
model.000.29.pdb,model.000.14.pdb,6D,139K,141L
model.000.29.pdb,model.000.15.pdb,51K,11R,29L,39E,38E
model.000.29.pdb,model.000.16.pdb,29L,13F,26E,171T,25C,37C,11R,24K,169I,39E,170C,163I,158C,164I
model.000.29.pdb,model.000.17.pdb,145E,51K,37C,29L,170C,164I,36T,10K,38E,26E,12G,9C,24K,14L,139K,171T,169I,142K,6D,13F,39E,25C,11R,8V
model.000.29.pdb,model.000.18.pdb,145E,141L,6D,144Q,158C,139K,142K
model.000.29.pdb,model.000.19.pdb,29L,38E,26E,25C,11R,24K,169I,39E,170C,163I,158C,164I,13F
model.000.29.pdb,model.000.20.pdb,145E,141L,171T,169I,170C,139K,144Q,163I,172G,142K,143E,158C
model.000.29.pdb,model.000.21.pdb,24K
model.000.29.pdb,model.000.22.pdb,145E,141L,8V,12G,10K,9C,6D,139K,36T,142K,14L
model.000.29.pdb,model.000.23.pdb,145E,141L,13F,12G,6D,9C,169I,170C,139K,144Q,8V,158C,14L,143E,164I,142K
model.000.29.pdb,model.000.24.pdb,No common_epitopes
model.000.29.pdb,model.000.25.pdb,145E,6D,143E,139K,144Q,141L,142K
model.000.29.pdb,model.000.26.pdb,25C,29L,24K
model.000.29.pdb,model.000.27.pdb,10K,51K,38E,39E,37C,11R,36T,8V
model.000.29.pdb,model.000.28.pdb,145E,29L,141L,39E,26E,10K,6D,37C,12G,169I,170C,142K,144Q,11R,8V,139K,36T,143E,164I,9C,14L
model.000.29.pdb,model.000.29.pdb,145E,29L,141L,38E,26E,10K,6D,37C,12G,39E,169I,13F,143E,144Q,11R,36T,139K,142K,8V,9C,14L
