1266,6b0h,Common_Epitopes
model.000.00.pdb,model.000.00.pdb,104S,138L,141L,136C,145E,5V,3V,102D,109T,135K,105N,20H,16Q,101L,139K,140C,4T,137S,111V,142K,19G,103T,2K,6D,126N,21L
model.000.00.pdb,model.000.01.pdb,138L,145E,141L,136C,140C,135K,137S,139K,142K
model.000.00.pdb,model.000.02.pdb,104S,110G,136C,5V,3V,102D,109T,135K,7T,105N,20H,16Q,139K,4T,137S,111V,21L,103T,2K,6D,126N,19G
model.000.00.pdb,model.000.03.pdb,No common_epitopes
model.000.00.pdb,model.000.04.pdb,104S,138L,141L,136C,5V,3V,102D,109T,135K,105N,20H,16Q,101L,34E,139K,140C,4T,137S,111V,19G,103T,2K,6D,126N,21L
model.000.00.pdb,model.000.05.pdb,No common_epitopes
model.000.00.pdb,model.000.06.pdb,104S,10K,35E,139K,34E,107V,108K,9C,33N,101L,3V,102D,7T,103T,109T,6D,36T,8V,4T,105N,2K
model.000.00.pdb,model.000.07.pdb,23C
model.000.00.pdb,model.000.08.pdb,104S,138L,141L,136C,5V,3V,102D,109T,135K,105N,20H,16Q,101L,139K,140C,4T,137S,111V,21L,103T,2K,6D,126N,19G
model.000.00.pdb,model.000.09.pdb,138L,145E,141L,136C,140C,6D,135K,137S,139K,142K
model.000.00.pdb,model.000.10.pdb,104S,110G,107V,111V,102D,126N,109T,108K,105N
model.000.00.pdb,model.000.11.pdb,104S,10K,35E,6D,34E,107V,108K,9C,33N,101L,3V,102D,7T,103T,36T,8V,4T,105N,2K
model.000.00.pdb,model.000.12.pdb,104S,138L,141L,136C,5V,3V,102D,135K,7T,105N,20H,16Q,101L,34E,139K,4T,137S,111V,19G,103T,2K,6D,126N,21L
model.000.00.pdb,model.000.13.pdb,No common_epitopes
model.000.00.pdb,model.000.14.pdb,No common_epitopes
model.000.00.pdb,model.000.15.pdb,104S,138L,136C,5V,3V,102D,109T,135K,105N,20H,16Q,101L,139K,107V,4T,137S,111V,19G,103T,2K,6D,126N,21L,108K
model.000.00.pdb,model.000.16.pdb,101L,10K,35E,139K,34E,107V,8V,9C,5V,33N,3V,7T,105N,6D,36T,108K,4T,103T,2K
model.000.00.pdb,model.000.17.pdb,104S,110G,107V,111V,101L,135K,102D,103T,126N,109T,20H,19G,105N,2K
model.000.00.pdb,model.000.18.pdb,138L,145E,35E,141L,10K,140C,6D,9C,5V,7T,36T,139K,142K,8V,14L,33N
model.000.00.pdb,model.000.19.pdb,145E,141L,8V,10K,140C,6D,9C,5V,7T,139K,14L,142K,4T
model.000.00.pdb,model.000.20.pdb,104S,10K,35E,139K,34E,107V,108K,9C,5V,101L,3V,102D,7T,105N,33N,6D,36T,8V,4T,103T,2K
model.000.00.pdb,model.000.21.pdb,104S,138L,136C,110G,5V,3V,102D,109T,135K,105N,20H,16Q,101L,34E,139K,4T,137S,111V,19G,103T,2K,6D,126N,21L
model.000.00.pdb,model.000.22.pdb,104S,10K,35E,139K,34E,107V,108K,4T,33N,101L,3V,102D,7T,105N,109T,6D,36T,8V,103T,2K
model.000.00.pdb,model.000.23.pdb,No common_epitopes
model.000.00.pdb,model.000.24.pdb,104S,35E,3V,102D,10K,9C,7T,105N,20H,101L,34E,107V,4T,36T,103T,2K,6D,8V,23C,33N,21L,108K
model.000.00.pdb,model.000.25.pdb,138L,145E,141L,136C,140C,135K,137S,139K,142K
model.000.00.pdb,model.000.26.pdb,138L,104S,141L,136C,5V,3V,102D,109T,135K,103T,20H,16Q,139K,140C,4T,137S,111V,19G,105N,2K,6D,126N,21L
model.000.00.pdb,model.000.27.pdb,104S,35E,5V,3V,102D,109T,10K,9C,7T,103T,101L,34E,139K,107V,4T,36T,105N,2K,6D,8V,33N,108K
model.000.00.pdb,model.000.28.pdb,145E,35E,141L,8V,10K,140C,6D,9C,5V,4T,7T,139K,36T,142K,14L,33N
model.000.00.pdb,model.000.29.pdb,No common_epitopes
model.000.01.pdb,model.000.00.pdb,No common_epitopes
model.000.01.pdb,model.000.01.pdb,No common_epitopes
model.000.01.pdb,model.000.02.pdb,115N,94C
model.000.01.pdb,model.000.03.pdb,82N,81N,79M,151D,40K,28D,24K,97G,115N,96N,94C,95G
model.000.01.pdb,model.000.04.pdb,No common_epitopes
model.000.01.pdb,model.000.05.pdb,29L,82N,42L,26E,151D,40K,28D,30V,97G,27N,115N,24K,25C,55D,96N,81N,94C,95G
model.000.01.pdb,model.000.06.pdb,51K,38E,11R
model.000.01.pdb,model.000.07.pdb,29L,82N,53C,54G,81N,151D,40K,28D,30V,97G,27N,115N,24K,25C,55D,96N,71C,94C,95G,42L
model.000.01.pdb,model.000.08.pdb,No common_epitopes
model.000.01.pdb,model.000.09.pdb,No common_epitopes
model.000.01.pdb,model.000.10.pdb,79M,94C
model.000.01.pdb,model.000.11.pdb,51K,38E,57S,59C,52P,11R
model.000.01.pdb,model.000.12.pdb,No common_epitopes
model.000.01.pdb,model.000.13.pdb,29L,82N,53C,151D,41V,24K,96N,164I,42L,26E,30V,115N,71C,54G,81N,40K,28D,97G,163I,95G,57S,25C,27N,55D
model.000.01.pdb,model.000.14.pdb,29L,43K,26E,47K,11R,40K,51K,27N,28D,39E,41V,42L,163I,44C,52P,45D,48T,164I,38E
model.000.01.pdb,model.000.15.pdb,No common_epitopes
model.000.01.pdb,model.000.16.pdb,51K,52P,38E,39E
model.000.01.pdb,model.000.17.pdb,No common_epitopes
model.000.01.pdb,model.000.18.pdb,51K,38E,39E,26E,52P,11R,13F
model.000.01.pdb,model.000.19.pdb,13F,26E,11R
model.000.01.pdb,model.000.20.pdb,52P
model.000.01.pdb,model.000.21.pdb,94C
model.000.01.pdb,model.000.22.pdb,No common_epitopes
model.000.01.pdb,model.000.23.pdb,82N,53C,43K,151D,41V,24K,164I,54G,26E,30V,44C,71C,42L,81N,40K,28D,97G,163I,79M,95G,13F,57S,25C,27N,55D
model.000.01.pdb,model.000.24.pdb,51K,48T,59C
model.000.01.pdb,model.000.25.pdb,No common_epitopes
model.000.01.pdb,model.000.26.pdb,No common_epitopes
model.000.01.pdb,model.000.27.pdb,No common_epitopes
model.000.01.pdb,model.000.28.pdb,51K,38E,26E,47K,40K,39E,41V,52P,11R
model.000.01.pdb,model.000.29.pdb,82N,81N,151D,28D,24K,97G,115N,27N,96N,94C,95G
model.000.02.pdb,model.000.00.pdb,104S,101L,139K,100I,6D,4T,5V,3V,102D,103T,109T,20H,21L,105N,2K
model.000.02.pdb,model.000.01.pdb,139K
model.000.02.pdb,model.000.02.pdb,104S,109T,139K,6D,4T,5V,3V,102D,7T,103T,20H,21L,105N,2K
model.000.02.pdb,model.000.03.pdb,No common_epitopes
model.000.02.pdb,model.000.04.pdb,104S,101L,139K,100I,34E,106P,4T,5V,3V,102D,103T,109T,6D,20H,21L,105N,2K
model.000.02.pdb,model.000.05.pdb,No common_epitopes
model.000.02.pdb,model.000.06.pdb,104S,50N,35E,86P,3V,102D,109T,10K,77Y,7T,103T,106P,58K,56F,75L,101L,34E,139K,107V,4T,87N,32V,36T,105N,2K,6D,8V,33N,108K,76G,74N
model.000.02.pdb,model.000.07.pdb,86P,56F,100I
model.000.02.pdb,model.000.08.pdb,104S,109T,139K,100I,106P,4T,5V,101L,3V,102D,103T,6D,20H,21L,105N,2K
model.000.02.pdb,model.000.09.pdb,6D,139K
model.000.02.pdb,model.000.10.pdb,104S,109T,107V,106P,77Y,87N,102D,108K,105N
model.000.02.pdb,model.000.11.pdb,104S,50N,35E,86P,3V,102D,10K,77Y,7T,105N,106P,58K,56F,75L,101L,34E,107V,4T,32V,36T,103T,2K,6D,8V,33N,108K,76G,74N
model.000.02.pdb,model.000.12.pdb,104S,101L,139K,100I,34E,106P,4T,5V,3V,102D,7T,103T,6D,20H,21L,105N,2K
model.000.02.pdb,model.000.13.pdb,No common_epitopes
model.000.02.pdb,model.000.14.pdb,50N
model.000.02.pdb,model.000.15.pdb,104S,101L,139K,100I,107V,106P,4T,5V,3V,102D,103T,109T,6D,20H,21L,108K,105N,2K
model.000.02.pdb,model.000.16.pdb,50N,35E,106P,5V,3V,10K,77Y,7T,103T,58K,56F,75L,101L,34E,139K,107V,4T,32V,36T,105N,2K,6D,8V,33N,108K,76G,74N
model.000.02.pdb,model.000.17.pdb,104S,109T,100I,107V,106P,101L,102D,103T,20H,105N,2K
model.000.02.pdb,model.000.18.pdb,50N,10K,35E,139K,5V,7T,32V,6D,36T,8V,33N
model.000.02.pdb,model.000.19.pdb,10K,6D,4T,5V,7T,139K,8V
model.000.02.pdb,model.000.20.pdb,104S,101L,35E,106P,5V,3V,102D,10K,77Y,7T,105N,86P,58K,56F,75L,50N,34E,139K,107V,4T,87N,32V,36T,103T,2K,6D,108K,33N,8V,76G,74N
model.000.02.pdb,model.000.21.pdb,104S,101L,139K,100I,34E,106P,4T,5V,3V,102D,103T,109T,6D,20H,21L,105N,2K
model.000.02.pdb,model.000.22.pdb,104S,101L,35E,86P,3V,102D,109T,10K,77Y,7T,105N,106P,56F,75L,50N,34E,139K,107V,4T,87N,32V,36T,103T,2K,6D,108K,33N,8V,76G,74N
model.000.02.pdb,model.000.23.pdb,No common_epitopes
model.000.02.pdb,model.000.24.pdb,104S,50N,35E,100I,86P,3V,102D,10K,77Y,7T,103T,106P,20H,58K,56F,75L,101L,34E,107V,4T,87N,32V,36T,105N,2K,6D,8V,33N,21L,108K,76G,74N
model.000.02.pdb,model.000.25.pdb,139K
model.000.02.pdb,model.000.26.pdb,104S,109T,139K,100I,6D,4T,5V,3V,102D,103T,20H,21L,105N,2K
model.000.02.pdb,model.000.27.pdb,104S,35E,106P,5V,3V,102D,109T,10K,7T,103T,101L,34E,139K,107V,4T,36T,105N,2K,6D,8V,33N,108K
model.000.02.pdb,model.000.28.pdb,50N,10K,35E,139K,4T,5V,7T,32V,6D,36T,8V,58K,33N
model.000.02.pdb,model.000.29.pdb,No common_epitopes
model.000.03.pdb,model.000.00.pdb,145E,139K,140C,6D,4T,5V,159K,144Q,141L,142K
model.000.03.pdb,model.000.01.pdb,170C,145E,139K,140C,159K,169I,143E,162F,144Q,141L,142K
model.000.03.pdb,model.000.02.pdb,6D,4T,5V,139K,7T
model.000.03.pdb,model.000.03.pdb,No common_epitopes
model.000.03.pdb,model.000.04.pdb,139K,140C,6D,4T,5V,141L
model.000.03.pdb,model.000.05.pdb,29L,27N,26E
model.000.03.pdb,model.000.06.pdb,10K,6D,9C,7T,11R,139K,8V,4T
model.000.03.pdb,model.000.07.pdb,29L,27N
model.000.03.pdb,model.000.08.pdb,139K,140C,6D,4T,5V,141L
model.000.03.pdb,model.000.09.pdb,170C,145E,141L,140C,6D,159K,169I,143E,139K,162F,144Q,158C,172G,142K
model.000.03.pdb,model.000.10.pdb,No common_epitopes
model.000.03.pdb,model.000.11.pdb,10K,6D,9C,7T,11R,8V,4T
model.000.03.pdb,model.000.12.pdb,6D,4T,5V,141L,7T,139K
model.000.03.pdb,model.000.13.pdb,29L,26E,171T,159K,27N,170C,162F,158C,163I,164I
model.000.03.pdb,model.000.14.pdb,29L,26E,39E,27N,169I,11R,163I,164I
model.000.03.pdb,model.000.15.pdb,6D,4T,5V,139K
model.000.03.pdb,model.000.16.pdb,10K,139K,39E,4T,5V,7T,6D,8V,9C
model.000.03.pdb,model.000.17.pdb,No common_epitopes
model.000.03.pdb,model.000.18.pdb,145E,141L,13F,26E,10K,140C,6D,9C,5V,169I,39E,170C,139K,144Q,11R,8V,12G,14L,143E,142K,7T
model.000.03.pdb,model.000.19.pdb,145E,141L,13F,26E,10K,140C,6D,9C,5V,169I,4T,170C,139K,11R,8V,12G,14L,143E,142K,7T
model.000.03.pdb,model.000.20.pdb,10K,139K,4T,5V,7T,6D,8V,9C
model.000.03.pdb,model.000.21.pdb,6D,4T,5V,139K
model.000.03.pdb,model.000.22.pdb,10K,6D,4T,7T,139K,8V
model.000.03.pdb,model.000.23.pdb,13F,26E,159K,27N,170C,162F,158C,163I,164I
model.000.03.pdb,model.000.24.pdb,10K,6D,9C,7T,8V,4T
model.000.03.pdb,model.000.25.pdb,145E,139K,140C,159K,162F,144Q,158C,141L,142K
model.000.03.pdb,model.000.26.pdb,139K,140C,6D,4T,5V,141L
model.000.03.pdb,model.000.27.pdb,10K,139K,4T,5V,7T,6D,8V,9C
model.000.03.pdb,model.000.28.pdb,145E,141L,39E,26E,12G,140C,10K,9C,5V,169I,7T,143E,11R,6D,139K,14L,8V,142K,4T
model.000.03.pdb,model.000.29.pdb,27N
model.000.04.pdb,model.000.00.pdb,No common_epitopes
model.000.04.pdb,model.000.01.pdb,170C,161G,169I,162F,160D
model.000.04.pdb,model.000.02.pdb,No common_epitopes
model.000.04.pdb,model.000.03.pdb,82N,83V,81N,151D,40K,28D,24K,152G,150V
model.000.04.pdb,model.000.04.pdb,No common_epitopes
model.000.04.pdb,model.000.05.pdb,29L,82N,83V,42L,26E,151D,31L,40K,28D,30V,27N,152G,150V,24K,25C,55D,155K,81N
model.000.04.pdb,model.000.06.pdb,11R
model.000.04.pdb,model.000.07.pdb,29L,152G,53C,42L,81N,151D,31L,40K,28D,30V,27N,82N,150V,24K,25C,55D,83V,71C,54G
model.000.04.pdb,model.000.08.pdb,No common_epitopes
model.000.04.pdb,model.000.09.pdb,169I,170C,162F,172G,158C,160D
model.000.04.pdb,model.000.10.pdb,No common_epitopes
model.000.04.pdb,model.000.11.pdb,11R
model.000.04.pdb,model.000.12.pdb,No common_epitopes
model.000.04.pdb,model.000.13.pdb,29L,82N,53C,151D,157D,41V,170C,24K,161G,155K,164I,160D,54G,26E,30V,71C,152G,83V,42L,81N,171T,40K,28D,150V,158C,25C,163I,27N,31L,55D,162F
model.000.04.pdb,model.000.14.pdb,29L,43K,26E,47K,40K,28D,27N,169I,39E,41V,11R,163I,164I,42L
model.000.04.pdb,model.000.15.pdb,No common_epitopes
model.000.04.pdb,model.000.16.pdb,39E
model.000.04.pdb,model.000.17.pdb,No common_epitopes
model.000.04.pdb,model.000.18.pdb,13F,26E,156C,169I,39E,170C,11R,157D
model.000.04.pdb,model.000.19.pdb,13F,26E,156C,169I,170C,11R,157D
model.000.04.pdb,model.000.20.pdb,31L
model.000.04.pdb,model.000.21.pdb,No common_epitopes
model.000.04.pdb,model.000.22.pdb,No common_epitopes
model.000.04.pdb,model.000.23.pdb,82N,53C,43K,151D,157D,41V,170C,24K,161G,155K,164I,160D,42L,26E,30V,71C,152G,83V,54G,81N,156C,40K,28D,150V,158C,13F,25C,163I,27N,55D,162F
model.000.04.pdb,model.000.24.pdb,No common_epitopes
model.000.04.pdb,model.000.25.pdb,161G,152G,162F,160D,158C
model.000.04.pdb,model.000.26.pdb,No common_epitopes
model.000.04.pdb,model.000.27.pdb,No common_epitopes
model.000.04.pdb,model.000.28.pdb,26E,39E,47K,40K,169I,41V,11R
model.000.04.pdb,model.000.29.pdb,82N,83V,81N,151D,28D,24K,152G,150V,27N
model.000.05.pdb,model.000.00.pdb,104S,138L,141L,136C,100I,147C,5V,145E,3V,102D,118K,109T,159K,135K,103T,133E,20H,16Q,132G,101L,139K,140C,4T,119V,18S,137S,144Q,111V,146T,142K,21L,105N,2K,122V,17M,6D,134T,120P,126N,19G,130K
model.000.05.pdb,model.000.01.pdb,138L,145E,141L,136C,147C,140C,134T,159K,154Y,135K,137S,139K,144Q,146T,142K
model.000.05.pdb,model.000.02.pdb,104S,136C,5V,3V,102D,118K,128C,109T,113S,135K,7T,105N,133E,20H,121N,16Q,126N,139K,4T,119V,18S,137S,111V,154Y,21L,103T,2K,122V,17M,6D,134T,120P,114C,132G,19G,112C,116I,130K
model.000.05.pdb,model.000.03.pdb,17M,118K,128C,121N,116I,130K
model.000.05.pdb,model.000.04.pdb,138L,104S,141L,136C,100I,5V,3V,102D,118K,109T,113S,135K,103T,133E,20H,121N,16Q,132G,101L,34E,139K,140C,4T,119V,18S,137S,111V,19G,105N,2K,122V,17M,6D,134T,120P,114C,126N,21L,112C,130K
model.000.05.pdb,model.000.05.pdb,17M,119V,118K,132G,128C,133E,121N,116I,130K
model.000.05.pdb,model.000.06.pdb,104S,109T,35E,139K,34E,4T,33N,101L,3V,102D,7T,103T,6D,105N,2K
model.000.05.pdb,model.000.07.pdb,17M,100I,114C,118K,128C,133E,130K,116I,132G
model.000.05.pdb,model.000.08.pdb,104S,147C,141L,136C,100I,5V,3V,102D,109T,138L,135K,103T,133E,20H,16Q,126N,101L,139K,140C,4T,119V,18S,137S,111V,146T,21L,105N,2K,17M,6D,134T,120P,132G,19G
model.000.05.pdb,model.000.09.pdb,138L,147C,141L,136C,145E,140C,6D,134T,159K,154Y,135K,137S,144Q,146T,133E,139K,142K,116I
model.000.05.pdb,model.000.10.pdb,104S,109T,122V,113S,120P,102D,126N,111V,112C,121N,105N
model.000.05.pdb,model.000.11.pdb,104S,101L,35E,6D,34E,4T,33N,3V,102D,7T,103T,105N,2K
model.000.05.pdb,model.000.12.pdb,138L,104S,141L,136C,100I,5V,3V,102D,113S,135K,7T,105N,133E,20H,121N,16Q,132G,101L,34E,139K,4T,154Y,18S,137S,111V,119V,19G,103T,2K,122V,17M,6D,134T,120P,114C,126N,21L,112C,130K
model.000.05.pdb,model.000.13.pdb,147C,116I,118K,159K,132G
model.000.05.pdb,model.000.14.pdb,No common_epitopes
model.000.05.pdb,model.000.15.pdb,104S,138L,136C,100I,5V,3V,102D,109T,135K,103T,133E,20H,121N,16Q,132G,101L,139K,4T,119V,18S,137S,111V,154Y,19G,105N,2K,122V,17M,6D,134T,120P,126N,21L,116I,130K
model.000.05.pdb,model.000.16.pdb,101L,34E,35E,139K,4T,5V,33N,3V,7T,105N,6D,103T,2K
model.000.05.pdb,model.000.17.pdb,104S,100I,102D,109T,135K,105N,133E,20H,121N,126N,101L,119V,18S,111V,103T,2K,122V,134T,120P,132G,19G,130K
model.000.05.pdb,model.000.18.pdb,138L,145E,35E,156C,141L,140C,6D,5V,7T,144Q,146T,139K,142K,33N
model.000.05.pdb,model.000.19.pdb,145E,156C,141L,140C,6D,4T,5V,7T,139K,142K
model.000.05.pdb,model.000.20.pdb,104S,101L,35E,139K,34E,4T,5V,33N,3V,102D,7T,105N,6D,103T,2K
model.000.05.pdb,model.000.21.pdb,104S,138L,136C,100I,5V,3V,102D,118K,128C,109T,113S,135K,105N,133E,20H,121N,16Q,126N,101L,34E,139K,4T,119V,18S,137S,111V,19G,103T,2K,122V,17M,6D,134T,120P,132G,21L,112C,116I,130K
model.000.05.pdb,model.000.22.pdb,104S,109T,35E,139K,34E,4T,33N,101L,3V,102D,7T,105N,6D,103T,2K
model.000.05.pdb,model.000.23.pdb,156C,159K
model.000.05.pdb,model.000.24.pdb,104S,101L,35E,6D,100I,34E,4T,33N,3V,102D,7T,103T,20H,21L,105N,2K
model.000.05.pdb,model.000.25.pdb,138L,147C,141L,136C,145E,140C,134T,159K,154Y,135K,137S,118K,144Q,146T,133E,139K,142K,116I,132G
model.000.05.pdb,model.000.26.pdb,138L,104S,141L,136C,100I,5V,3V,102D,109T,135K,105N,133E,20H,121N,16Q,126N,139K,140C,4T,119V,18S,137S,111V,19G,103T,2K,122V,17M,6D,134T,120P,132G,21L,112C,130K
model.000.05.pdb,model.000.27.pdb,104S,109T,35E,139K,34E,4T,5V,101L,3V,102D,7T,105N,33N,6D,103T,2K
model.000.05.pdb,model.000.28.pdb,145E,35E,141L,140C,6D,4T,5V,7T,139K,142K,33N
model.000.05.pdb,model.000.29.pdb,130K,121N,118K,128C,132G
model.000.06.pdb,model.000.00.pdb,136C,100I,5V,3V,102D,118K,135K,133E,20H,16Q,126N,139K,4T,119V,18S,137S,111V,21L,122V,17M,6D,134T,120P,132G,19G,130K
model.000.06.pdb,model.000.01.pdb,139K,136C,134T,154Y,135K,137S
model.000.06.pdb,model.000.02.pdb,136C,5V,3V,102D,118K,128C,117G,113S,135K,131D,111V,133E,20H,121N,16Q,126N,139K,4T,119V,18S,137S,125Q,154Y,21L,122V,17M,6D,134T,120P,114C,132G,19G,112C,116I,130K
model.000.06.pdb,model.000.03.pdb,17M,123Q,131D,118K,128C,125Q,121N,116I,130K
model.000.06.pdb,model.000.04.pdb,136C,100I,5V,3V,102D,118K,117G,113S,135K,131D,133E,20H,121N,16Q,126N,139K,4T,119V,18S,137S,111V,21L,122V,17M,6D,134T,120P,114C,132G,19G,112C,130K
model.000.06.pdb,model.000.05.pdb,17M,119V,117G,131D,118K,128C,133E,130K,121N,116I,132G
model.000.06.pdb,model.000.06.pdb,6D,102D,4T,139K,3V
model.000.06.pdb,model.000.07.pdb,17M,100I,117G,114C,131D,118K,128C,133E,130K,116I,132G
model.000.06.pdb,model.000.08.pdb,136C,100I,5V,3V,102D,135K,133E,20H,16Q,126N,139K,4T,119V,18S,137S,111V,21L,17M,6D,134T,120P,132G,19G
model.000.06.pdb,model.000.09.pdb,139K,136C,134T,154Y,135K,137S,133E,6D,116I
model.000.06.pdb,model.000.10.pdb,122V,123Q,113S,111V,120P,102D,126N,125Q,112C,121N
model.000.06.pdb,model.000.11.pdb,102D,4T,6D,3V
model.000.06.pdb,model.000.12.pdb,136C,100I,5V,3V,102D,123Q,113S,135K,131D,111V,133E,20H,121N,16Q,126N,139K,4T,119V,18S,137S,125Q,154Y,21L,122V,17M,6D,134T,120P,114C,132G,19G,112C,130K
model.000.06.pdb,model.000.13.pdb,117G,116I,131D,118K,132G
model.000.06.pdb,model.000.14.pdb,No common_epitopes
model.000.06.pdb,model.000.15.pdb,136C,100I,5V,3V,102D,135K,133E,20H,121N,16Q,126N,139K,4T,119V,18S,137S,111V,154Y,21L,122V,17M,6D,134T,120P,132G,19G,116I,130K
model.000.06.pdb,model.000.16.pdb,6D,4T,5V,139K,3V
model.000.06.pdb,model.000.17.pdb,122V,123Q,100I,18S,134T,120P,119V,135K,102D,131D,126N,111V,133E,20H,19G,130K,121N,132G
model.000.06.pdb,model.000.18.pdb,6D,5V,139K
model.000.06.pdb,model.000.19.pdb,6D,4T,5V,139K
model.000.06.pdb,model.000.20.pdb,6D,4T,5V,3V,102D,139K
model.000.06.pdb,model.000.21.pdb,136C,100I,5V,3V,102D,118K,128C,123Q,113S,135K,131D,133E,20H,121N,16Q,126N,139K,4T,119V,18S,137S,111V,21L,122V,17M,6D,134T,120P,125Q,132G,19G,112C,116I,130K
model.000.06.pdb,model.000.22.pdb,6D,102D,4T,139K,3V
model.000.06.pdb,model.000.23.pdb,No common_epitopes
model.000.06.pdb,model.000.24.pdb,6D,100I,4T,3V,102D,20H,21L
model.000.06.pdb,model.000.25.pdb,117G,139K,136C,134T,154Y,135K,137S,131D,118K,133E,116I,132G
model.000.06.pdb,model.000.26.pdb,136C,100I,5V,3V,102D,123Q,135K,131D,133E,20H,121N,16Q,126N,139K,4T,119V,18S,137S,111V,21L,122V,17M,6D,134T,120P,132G,19G,112C,130K
model.000.06.pdb,model.000.27.pdb,6D,4T,5V,3V,102D,139K
model.000.06.pdb,model.000.28.pdb,6D,4T,5V,139K
model.000.06.pdb,model.000.29.pdb,123Q,131D,118K,128C,125Q,130K,121N,132G
model.000.07.pdb,model.000.00.pdb,17M
model.000.07.pdb,model.000.01.pdb,148K,149A,160D
model.000.07.pdb,model.000.02.pdb,114C,17M,115N,116I
model.000.07.pdb,model.000.03.pdb,82N,151D,153I,78D,84C,96N,80V,149A,22E,24K,115N,99C,152G,83V,81N,40K,28D,97G,150V,79M,85I,95G,17M,98K,116I
model.000.07.pdb,model.000.04.pdb,114C,22E,17M
model.000.07.pdb,model.000.05.pdb,29L,82N,151D,153I,84C,24K,96N,80V,149A,26E,22E,30V,115N,152G,83V,42L,81N,40K,28D,97G,150V,85I,95G,17M,25C,27N,98K,31L,15I,55D,116I
model.000.07.pdb,model.000.06.pdb,58K,56F
model.000.07.pdb,model.000.07.pdb,29L,82N,53C,151D,153I,30V,96N,80V,54G,149A,114C,24K,115N,99C,71C,56F,152G,83V,42L,81N,40K,28D,97G,150V,85I,95G,17M,25C,27N,23C,98K,31L,55D,116I
model.000.07.pdb,model.000.08.pdb,17M
model.000.07.pdb,model.000.09.pdb,148K,149A,160D,116I
model.000.07.pdb,model.000.10.pdb,78D,79M
model.000.07.pdb,model.000.11.pdb,73C,57S,72K,59C,52P,58K,56F
model.000.07.pdb,model.000.12.pdb,114C,17M
model.000.07.pdb,model.000.13.pdb,29L,82N,53C,151D,153I,41V,84C,30V,96N,160D,42L,149A,26E,24K,80V,115N,71C,152G,83V,54G,81N,40K,28D,97G,150V,85I,95G,57S,25C,27N,148K,31L,55D,116I
model.000.07.pdb,model.000.14.pdb,29L,43K,26E,47K,40K,28D,27N,39E,41V,52P,44C,45D,42L
model.000.07.pdb,model.000.15.pdb,17M,116I
model.000.07.pdb,model.000.16.pdb,73C,39E,72K,52P,58K,56F
model.000.07.pdb,model.000.17.pdb,No common_epitopes
model.000.07.pdb,model.000.18.pdb,52P,39E,26E
model.000.07.pdb,model.000.19.pdb,26E
model.000.07.pdb,model.000.20.pdb,52P,58K,56F,31L
model.000.07.pdb,model.000.21.pdb,17M,116I
model.000.07.pdb,model.000.22.pdb,78D,85I,56F
model.000.07.pdb,model.000.23.pdb,82N,53C,43K,151D,153I,41V,84C,30V,80V,54G,149A,26E,98K,24K,160D,44C,71C,73C,152G,83V,42L,81N,40K,28D,97G,150V,79M,85I,95G,57S,25C,27N,148K,55D
model.000.07.pdb,model.000.24.pdb,73C,22E,72K,85I,98K,59C,23C,58K,56F
model.000.07.pdb,model.000.25.pdb,149A,152G,148K,153I,116I,160D
model.000.07.pdb,model.000.26.pdb,15I,17M
model.000.07.pdb,model.000.27.pdb,No common_epitopes
model.000.07.pdb,model.000.28.pdb,39E,26E,47K,40K,41V,52P,58K
model.000.07.pdb,model.000.29.pdb,82N,83V,81N,151D,28D,24K,97G,115N,150V,27N,152G,96N,80V,95G
model.000.08.pdb,model.000.00.pdb,145E,142K
model.000.08.pdb,model.000.01.pdb,145E,142K,170C,169I
model.000.08.pdb,model.000.02.pdb,No common_epitopes
model.000.08.pdb,model.000.03.pdb,40K,28D,24K
model.000.08.pdb,model.000.04.pdb,No common_epitopes
model.000.08.pdb,model.000.05.pdb,29L,42L,26E,25C,40K,28D,30V,27N,24K,155K
model.000.08.pdb,model.000.06.pdb,38E,11R
model.000.08.pdb,model.000.07.pdb,29L,42L,25C,40K,28D,24K,27N,30V
model.000.08.pdb,model.000.08.pdb,No common_epitopes
model.000.08.pdb,model.000.09.pdb,170C,145E,142K,169I,172G
model.000.08.pdb,model.000.10.pdb,No common_epitopes
model.000.08.pdb,model.000.11.pdb,38E,11R
model.000.08.pdb,model.000.12.pdb,No common_epitopes
model.000.08.pdb,model.000.13.pdb,29L,42L,26E,171T,25C,40K,28D,30V,157D,27N,41V,170C,24K,163I,155K,164I
model.000.08.pdb,model.000.14.pdb,29L,43K,26E,47K,40K,28D,27N,169I,39E,41V,42L,11R,44C,163I,45D,48T,164I,38E
model.000.08.pdb,model.000.15.pdb,No common_epitopes
model.000.08.pdb,model.000.16.pdb,38E,39E
model.000.08.pdb,model.000.17.pdb,No common_epitopes
model.000.08.pdb,model.000.18.pdb,145E,38E,26E,12G,156C,157D,39E,170C,11R,142K,169I,13F
model.000.08.pdb,model.000.19.pdb,145E,13F,26E,12G,156C,157D,170C,11R,142K,169I
model.000.08.pdb,model.000.20.pdb,No common_epitopes
model.000.08.pdb,model.000.21.pdb,No common_epitopes
model.000.08.pdb,model.000.22.pdb,No common_epitopes
model.000.08.pdb,model.000.23.pdb,43K,26E,25C,13F,156C,40K,28D,30V,157D,27N,41V,170C,24K,44C,163I,155K,164I,42L
model.000.08.pdb,model.000.24.pdb,48T
model.000.08.pdb,model.000.25.pdb,145E,142K
model.000.08.pdb,model.000.26.pdb,No common_epitopes
model.000.08.pdb,model.000.27.pdb,No common_epitopes
model.000.08.pdb,model.000.28.pdb,145E,38E,26E,12G,47K,40K,169I,39E,41V,11R,142K
model.000.08.pdb,model.000.29.pdb,27N,28D,24K
model.000.09.pdb,model.000.00.pdb,104S,138L,141L,136C,147C,5V,3V,102D,109T,135K,105N,133E,20H,16Q,101L,139K,140C,4T,119V,18S,137S,111V,146T,142K,19G,103T,2K,17M,6D,134T,132G,21L
model.000.09.pdb,model.000.01.pdb,138L,147C,141L,136C,140C,134T,135K,137S,139K,146T,142K
model.000.09.pdb,model.000.02.pdb,104S,136C,5V,3V,102D,109T,135K,7T,103T,133E,20H,16Q,139K,4T,119V,18S,137S,111V,19G,105N,2K,17M,6D,134T,132G,21L,116I
model.000.09.pdb,model.000.03.pdb,17M,116I
model.000.09.pdb,model.000.04.pdb,104S,138L,141L,136C,106P,5V,3V,102D,109T,135K,105N,133E,20H,16Q,101L,139K,140C,4T,119V,18S,137S,111V,19G,103T,2K,17M,6D,134T,132G,21L
model.000.09.pdb,model.000.05.pdb,133E,17M,116I,132G,119V
model.000.09.pdb,model.000.06.pdb,104S,109T,139K,107V,106P,4T,101L,3V,102D,7T,103T,6D,108K,8V,105N,2K
model.000.09.pdb,model.000.07.pdb,133E,17M,132G,116I
model.000.09.pdb,model.000.08.pdb,104S,147C,141L,136C,106P,5V,3V,102D,109T,138L,135K,103T,133E,20H,16Q,101L,139K,140C,4T,119V,18S,137S,111V,146T,21L,105N,2K,17M,6D,134T,132G,19G
model.000.09.pdb,model.000.09.pdb,138L,147C,141L,136C,140C,6D,134T,135K,137S,146T,133E,139K,142K,116I
model.000.09.pdb,model.000.10.pdb,104S,109T,107V,106P,102D,111V,108K,105N
model.000.09.pdb,model.000.11.pdb,104S,101L,6D,107V,106P,4T,3V,102D,7T,105N,108K,8V,103T,2K
model.000.09.pdb,model.000.12.pdb,104S,138L,141L,136C,106P,5V,3V,102D,135K,7T,105N,133E,20H,16Q,101L,139K,4T,119V,18S,137S,111V,19G,103T,2K,17M,6D,134T,132G,21L
model.000.09.pdb,model.000.13.pdb,147C,132G,116I
model.000.09.pdb,model.000.14.pdb,No common_epitopes
model.000.09.pdb,model.000.15.pdb,104S,138L,136C,106P,5V,3V,102D,109T,135K,103T,133E,20H,16Q,101L,139K,107V,4T,119V,18S,137S,111V,19G,105N,2K,17M,6D,134T,132G,21L,108K,116I
model.000.09.pdb,model.000.16.pdb,101L,139K,8V,107V,106P,4T,5V,3V,7T,105N,6D,108K,103T,2K
model.000.09.pdb,model.000.17.pdb,104S,109T,18S,107V,106P,101L,119V,135K,102D,132G,134T,103T,111V,133E,20H,19G,105N,2K
model.000.09.pdb,model.000.18.pdb,138L,141L,140C,6D,5V,7T,146T,139K,142K,8V,14L
model.000.09.pdb,model.000.19.pdb,139K,140C,6D,4T,5V,7T,141L,14L,8V,142K
model.000.09.pdb,model.000.20.pdb,104S,101L,139K,107V,106P,4T,5V,3V,102D,7T,105N,6D,108K,8V,103T,2K
model.000.09.pdb,model.000.21.pdb,104S,138L,136C,106P,5V,3V,102D,109T,135K,103T,133E,20H,16Q,101L,139K,4T,119V,18S,137S,111V,19G,105N,2K,17M,6D,134T,132G,21L,116I
model.000.09.pdb,model.000.22.pdb,104S,109T,139K,107V,106P,4T,101L,3V,102D,7T,105N,6D,108K,8V,103T,2K
model.000.09.pdb,model.000.23.pdb,No common_epitopes
model.000.09.pdb,model.000.24.pdb,104S,101L,6D,107V,106P,4T,3V,102D,7T,105N,108K,20H,21L,8V,103T,2K
model.000.09.pdb,model.000.25.pdb,138L,147C,141L,136C,140C,134T,135K,137S,132G,146T,133E,139K,142K,116I
model.000.09.pdb,model.000.26.pdb,138L,104S,141L,136C,5V,3V,102D,109T,135K,105N,133E,20H,16Q,139K,140C,4T,119V,18S,137S,111V,19G,103T,2K,17M,6D,134T,132G,21L
model.000.09.pdb,model.000.27.pdb,104S,109T,139K,107V,106P,4T,5V,101L,3V,102D,7T,105N,6D,108K,8V,103T,2K
model.000.09.pdb,model.000.28.pdb,139K,140C,6D,4T,5V,7T,141L,14L,8V,142K
model.000.09.pdb,model.000.29.pdb,132G
model.000.10.pdb,model.000.00.pdb,104S,109T,139K,4T,5V,101L,3V,102D,103T,6D,105N,2K
model.000.10.pdb,model.000.01.pdb,139K
model.000.10.pdb,model.000.02.pdb,104S,109T,139K,4T,5V,3V,102D,7T,105N,6D,103T,2K
model.000.10.pdb,model.000.03.pdb,78D,90K,89C,84C
model.000.10.pdb,model.000.04.pdb,104S,109T,139K,34E,106P,4T,5V,101L,3V,102D,103T,6D,105N,2K
model.000.10.pdb,model.000.05.pdb,84C
model.000.10.pdb,model.000.06.pdb,104S,101L,35E,106P,37C,3V,102D,51K,109T,10K,38E,77Y,7T,103T,86P,58K,56F,75L,50N,34E,139K,107V,4T,87N,32V,36T,105N,2K,6D,108K,33N,88E,8V,76G,74N
model.000.10.pdb,model.000.07.pdb,86P,89C,71C,56F
model.000.10.pdb,model.000.08.pdb,104S,109T,139K,106P,4T,5V,101L,3V,102D,103T,6D,105N,2K
model.000.10.pdb,model.000.09.pdb,6D,139K
model.000.10.pdb,model.000.10.pdb,104S,109T,107V,106P,77Y,78D,102D,89C,87N,88E,90K,108K,105N
model.000.10.pdb,model.000.11.pdb,104S,50N,35E,106P,37C,51K,102D,10K,38E,77Y,7T,103T,86P,58K,56F,75L,101L,34E,73C,107V,4T,60I,72K,3V,32V,36T,105N,2K,6D,8V,59C,33N,52P,108K,76G,74N
model.000.10.pdb,model.000.12.pdb,104S,101L,139K,34E,106P,4T,5V,3V,102D,7T,105N,6D,103T,2K
model.000.10.pdb,model.000.13.pdb,71C,84C
model.000.10.pdb,model.000.14.pdb,50N,51K,52P,38E,39E
model.000.10.pdb,model.000.15.pdb,104S,109T,139K,107V,106P,4T,5V,101L,3V,102D,103T,6D,108K,105N,2K
model.000.10.pdb,model.000.16.pdb,50N,35E,106P,37C,5V,3V,51K,10K,38E,77Y,7T,105N,58K,56F,75L,101L,34E,73C,139K,107V,4T,72K,32V,36T,103T,2K,6D,39E,8V,33N,52P,108K,76G,74N
model.000.10.pdb,model.000.17.pdb,104S,109T,107V,106P,101L,102D,103T,105N,2K
model.000.10.pdb,model.000.18.pdb,50N,10K,35E,139K,38E,39E,37C,5V,51K,52P,7T,32V,6D,36T,8V,33N
model.000.10.pdb,model.000.19.pdb,10K,6D,4T,5V,7T,139K,8V
model.000.10.pdb,model.000.20.pdb,104S,101L,35E,106P,5V,3V,102D,10K,77Y,7T,105N,86P,58K,56F,75L,50N,34E,139K,107V,4T,87N,32V,36T,103T,2K,6D,108K,33N,88E,52P,8V,76G,74N
model.000.10.pdb,model.000.21.pdb,104S,109T,139K,34E,106P,4T,5V,101L,3V,102D,105N,6D,103T,2K
model.000.10.pdb,model.000.22.pdb,104S,101L,35E,86P,3V,78D,102D,109T,10K,77Y,7T,105N,106P,56F,75L,50N,34E,139K,107V,4T,87N,32V,36T,103T,2K,6D,108K,33N,88E,8V,76G,74N
model.000.10.pdb,model.000.23.pdb,71C,73C,84C
model.000.10.pdb,model.000.24.pdb,104S,50N,35E,106P,3V,102D,51K,7T,10K,77Y,61K,89C,103T,86P,58K,56F,75L,101L,34E,73C,107V,4T,72K,87N,32V,36T,105N,2K,6D,8V,108K,59C,33N,88E,60I,76G,74N
model.000.10.pdb,model.000.25.pdb,139K
model.000.10.pdb,model.000.26.pdb,104S,109T,139K,4T,5V,3V,102D,105N,6D,103T,2K
model.000.10.pdb,model.000.27.pdb,104S,35E,106P,5V,3V,102D,109T,10K,7T,103T,101L,34E,139K,107V,4T,36T,105N,2K,6D,8V,33N,108K
model.000.10.pdb,model.000.28.pdb,50N,10K,35E,139K,38E,39E,8V,37C,5V,51K,4T,7T,52P,6D,36T,32V,58K,33N
model.000.10.pdb,model.000.29.pdb,No common_epitopes
model.000.11.pdb,model.000.00.pdb,126N,159K,118K,132G,133E,130K
model.000.11.pdb,model.000.01.pdb,149A,148K,159K,162F,161G,160D
model.000.11.pdb,model.000.02.pdb,131D,126N,130K,127K,116I,117G,114C,115N,118K,128C,125Q,133E,112C,121N,94C,132G
model.000.11.pdb,model.000.03.pdb,82N,124D,151D,127K,118K,128C,90K,96N,94C,92V,149A,80V,115N,89C,99C,131D,121N,152G,83V,81N,97G,150V,125Q,129S,79M,91Q,85I,95G,93T,98K,116I,130K
model.000.11.pdb,model.000.04.pdb,132G,130K,117G,114C,131D,118K,133E,112C,121N,126N
model.000.11.pdb,model.000.05.pdb,82N,151D,118K,128C,96N,80V,149A,94C,117G,115N,133E,131D,121N,152G,83V,81N,97G,150V,129S,85I,95G,93T,98K,132G,116I,130K
model.000.11.pdb,model.000.06.pdb,No common_epitopes
model.000.11.pdb,model.000.07.pdb,82N,151D,118K,128C,96N,80V,92V,149A,98K,94C,117G,115N,89C,99C,133E,131D,152G,83V,81N,97G,150V,129S,91Q,85I,95G,93T,114C,132G,116I,130K
model.000.11.pdb,model.000.08.pdb,133E,132G,126N
model.000.11.pdb,model.000.09.pdb,149A,148K,159K,116I,162F,133E,158C,160D
model.000.11.pdb,model.000.10.pdb,124D,91Q,89C,127K,126N,125Q,90K,79M,112C,121N,94C,92V,93T
model.000.11.pdb,model.000.11.pdb,No common_epitopes
model.000.11.pdb,model.000.12.pdb,130K,114C,131D,126N,125Q,133E,112C,121N,132G
model.000.11.pdb,model.000.13.pdb,82N,151D,157D,162F,161G,96N,80V,149A,159K,160D,117G,115N,131D,152G,83V,81N,97G,150V,158C,85I,95G,148K,132G,116I,118K
model.000.11.pdb,model.000.14.pdb,No common_epitopes
model.000.11.pdb,model.000.15.pdb,132G,126N,133E,121N,116I,130K
model.000.11.pdb,model.000.16.pdb,No common_epitopes
model.000.11.pdb,model.000.17.pdb,124D,131D,132G,133E,130K,121N,126N
model.000.11.pdb,model.000.18.pdb,157D
model.000.11.pdb,model.000.19.pdb,157D
model.000.11.pdb,model.000.20.pdb,No common_epitopes
model.000.11.pdb,model.000.21.pdb,132G,130K,127K,116I,131D,126N,128C,125Q,133E,112C,121N,94C,92V,118K
model.000.11.pdb,model.000.22.pdb,85I
model.000.11.pdb,model.000.23.pdb,149A,82N,83V,81N,148K,151D,159K,157D,97G,98K,152G,150V,162F,85I,158C,80V,161G,79M,160D,95G
model.000.11.pdb,model.000.24.pdb,98K,89C,85I
model.000.11.pdb,model.000.25.pdb,149A,152G,162F,148K,159K,116I,117G,131D,118K,158C,133E,161G,160D,132G
model.000.11.pdb,model.000.26.pdb,130K,131D,132G,133E,112C,121N,126N
model.000.11.pdb,model.000.27.pdb,No common_epitopes
model.000.11.pdb,model.000.28.pdb,No common_epitopes
model.000.11.pdb,model.000.29.pdb,82N,124D,151D,118K,128C,96N,94C,131D,80V,115N,127K,121N,152G,83V,81N,97G,150V,125Q,129S,95G,93T,132G,130K
model.000.12.pdb,model.000.00.pdb,No common_epitopes
model.000.12.pdb,model.000.01.pdb,149A
model.000.12.pdb,model.000.02.pdb,No common_epitopes
model.000.12.pdb,model.000.03.pdb,149A,82N,151D,40K,28D,24K,152G,150V
model.000.12.pdb,model.000.04.pdb,No common_epitopes
model.000.12.pdb,model.000.05.pdb,149A,29L,82N,42L,26E,151D,40K,28D,24K,152G,150V,27N
model.000.12.pdb,model.000.06.pdb,51K,38E,11R
model.000.12.pdb,model.000.07.pdb,149A,29L,82N,42L,151D,40K,28D,24K,152G,150V,27N
model.000.12.pdb,model.000.08.pdb,No common_epitopes
model.000.12.pdb,model.000.09.pdb,149A
model.000.12.pdb,model.000.10.pdb,No common_epitopes
model.000.12.pdb,model.000.11.pdb,59C,51K,38E,11R
model.000.12.pdb,model.000.12.pdb,No common_epitopes
model.000.12.pdb,model.000.13.pdb,149A,29L,82N,42L,26E,151D,40K,28D,24K,41V,152G,150V,27N
model.000.12.pdb,model.000.14.pdb,29L,43K,26E,47K,40K,51K,27N,28D,39E,41V,42L,11R,44C,48T,45D,38E
model.000.12.pdb,model.000.15.pdb,No common_epitopes
model.000.12.pdb,model.000.16.pdb,51K,38E,39E
model.000.12.pdb,model.000.17.pdb,No common_epitopes
model.000.12.pdb,model.000.18.pdb,39E,51K,38E,26E,11R
model.000.12.pdb,model.000.19.pdb,26E,11R
model.000.12.pdb,model.000.20.pdb,No common_epitopes
model.000.12.pdb,model.000.21.pdb,No common_epitopes
model.000.12.pdb,model.000.22.pdb,No common_epitopes
model.000.12.pdb,model.000.23.pdb,149A,82N,43K,26E,151D,40K,28D,24K,41V,152G,150V,27N,44C,42L
model.000.12.pdb,model.000.24.pdb,51K,48T,59C
model.000.12.pdb,model.000.25.pdb,149A,152G
model.000.12.pdb,model.000.26.pdb,No common_epitopes
model.000.12.pdb,model.000.27.pdb,No common_epitopes
model.000.12.pdb,model.000.28.pdb,51K,38E,26E,47K,40K,39E,41V,11R
model.000.12.pdb,model.000.29.pdb,82N,151D,28D,24K,152G,150V,27N
model.000.13.pdb,model.000.00.pdb,104S,138L,136C,5V,3V,102D,118K,109T,135K,105N,133E,20H,16Q,132G,4T,119V,18S,137S,111V,21L,103T,2K,122V,17M,6D,134T,120P,126N,19G,130K
model.000.13.pdb,model.000.01.pdb,138L,136C,134T,154Y,135K,137S
model.000.13.pdb,model.000.02.pdb,104S,136C,5V,3V,102D,118K,7T,109T,135K,117G,131D,103T,133E,20H,121N,16Q,132G,4T,154Y,18S,137S,111V,119V,19G,105N,2K,122V,17M,6D,134T,120P,125Q,126N,21L,112C,116I,130K
model.000.13.pdb,model.000.03.pdb,17M,123Q,131D,118K,125Q,129S,121N,116I,130K
model.000.13.pdb,model.000.04.pdb,104S,138L,136C,5V,3V,102D,118K,109T,135K,117G,131D,103T,133E,20H,121N,16Q,132G,4T,119V,18S,137S,111V,19G,105N,2K,122V,17M,6D,134T,120P,126N,21L,112C,130K
model.000.13.pdb,model.000.05.pdb,17M,119V,117G,131D,118K,133E,129S,130K,121N,116I,132G
model.000.13.pdb,model.000.06.pdb,104S,109T,6D,4T,3V,102D,7T,103T,8V,105N,2K
model.000.13.pdb,model.000.07.pdb,17M,117G,131D,118K,133E,129S,130K,116I,132G
model.000.13.pdb,model.000.08.pdb,104S,138L,136C,5V,3V,102D,109T,135K,105N,133E,20H,16Q,126N,4T,119V,18S,137S,111V,21L,103T,2K,17M,6D,134T,120P,132G,19G
model.000.13.pdb,model.000.09.pdb,138L,6D,136C,134T,154Y,135K,137S,133E,116I
model.000.13.pdb,model.000.10.pdb,104S,109T,123Q,122V,125Q,120P,102D,126N,111V,112C,121N,105N
model.000.13.pdb,model.000.11.pdb,104S,6D,4T,3V,102D,7T,103T,8V,105N,2K
model.000.13.pdb,model.000.12.pdb,104S,138L,136C,5V,3V,102D,7T,123Q,135K,131D,103T,133E,20H,121N,16Q,132G,4T,119V,18S,137S,111V,154Y,19G,105N,2K,122V,17M,6D,134T,120P,125Q,126N,21L,112C,130K
model.000.13.pdb,model.000.13.pdb,117G,116I,131D,118K,132G
model.000.13.pdb,model.000.14.pdb,No common_epitopes
model.000.13.pdb,model.000.15.pdb,104S,138L,136C,5V,3V,102D,109T,135K,105N,133E,20H,121N,16Q,132G,4T,119V,18S,137S,111V,154Y,19G,103T,2K,122V,17M,6D,134T,120P,126N,21L,116I,130K
model.000.13.pdb,model.000.16.pdb,6D,4T,5V,3V,7T,103T,8V,105N,2K
model.000.13.pdb,model.000.17.pdb,104S,102D,109T,123Q,135K,131D,105N,133E,20H,121N,126N,119V,18S,111V,103T,2K,122V,134T,120P,132G,19G,130K
model.000.13.pdb,model.000.18.pdb,138L,8V,5V,6D,7T
model.000.13.pdb,model.000.19.pdb,8V,4T,5V,6D,7T
model.000.13.pdb,model.000.20.pdb,104S,6D,4T,5V,3V,102D,7T,105N,8V,103T,2K
model.000.13.pdb,model.000.21.pdb,104S,138L,136C,5V,3V,102D,118K,109T,123Q,135K,131D,103T,133E,20H,121N,16Q,132G,4T,119V,18S,137S,111V,19G,105N,2K,122V,17M,6D,134T,120P,125Q,126N,21L,112C,116I,130K
model.000.13.pdb,model.000.22.pdb,104S,109T,6D,4T,3V,102D,7T,105N,8V,103T,2K
model.000.13.pdb,model.000.23.pdb,No common_epitopes
model.000.13.pdb,model.000.24.pdb,104S,6D,4T,3V,102D,7T,103T,20H,21L,8V,105N,2K
model.000.13.pdb,model.000.25.pdb,138L,117G,136C,134T,154Y,135K,137S,131D,118K,133E,116I,132G
model.000.13.pdb,model.000.26.pdb,138L,104S,136C,5V,3V,102D,109T,123Q,135K,131D,105N,133E,20H,121N,16Q,126N,4T,119V,18S,137S,111V,19G,103T,2K,122V,17M,6D,134T,120P,132G,21L,112C,130K
model.000.13.pdb,model.000.27.pdb,104S,109T,6D,4T,5V,3V,102D,7T,105N,8V,103T,2K
model.000.13.pdb,model.000.28.pdb,8V,4T,5V,6D,7T
model.000.13.pdb,model.000.29.pdb,123Q,131D,118K,125Q,129S,130K,121N,132G
model.000.14.pdb,model.000.00.pdb,17M
model.000.14.pdb,model.000.01.pdb,169I
model.000.14.pdb,model.000.02.pdb,17M,115N
model.000.14.pdb,model.000.03.pdb,40K,17M,82N,83V,81N,151D,22E,152G,28D,153I,85I,98K,115N,84C,24K,99C,150V,79M,80V
model.000.14.pdb,model.000.04.pdb,22E,17M
model.000.14.pdb,model.000.05.pdb,29L,82N,151D,153I,84C,24K,155K,80V,26E,22E,30V,115N,152G,83V,42L,81N,40K,28D,150V,85I,17M,25C,27N,98K,31L,15I,55D
model.000.14.pdb,model.000.06.pdb,56F,11R
model.000.14.pdb,model.000.07.pdb,29L,82N,53C,151D,153I,30V,80V,24K,115N,99C,71C,56F,152G,83V,42L,81N,40K,28D,150V,85I,17M,25C,27N,98K,31L,55D
model.000.14.pdb,model.000.08.pdb,17M
model.000.14.pdb,model.000.09.pdb,169I
model.000.14.pdb,model.000.10.pdb,79M
model.000.14.pdb,model.000.11.pdb,59C,72K,56F,11R
model.000.14.pdb,model.000.12.pdb,17M
model.000.14.pdb,model.000.13.pdb,29L,82N,53C,151D,153I,157D,41V,84C,30V,155K,164I,80V,26E,24K,115N,71C,152G,83V,42L,81N,40K,28D,150V,163I,85I,25C,27N,31L,55D
model.000.14.pdb,model.000.14.pdb,29L,43K,26E,45D,40K,28D,27N,169I,41V,11R,44C,163I,164I,42L
model.000.14.pdb,model.000.15.pdb,17M
model.000.14.pdb,model.000.16.pdb,72K,56F
model.000.14.pdb,model.000.17.pdb,No common_epitopes
model.000.14.pdb,model.000.18.pdb,13F,26E,12G,169I,11R,157D
model.000.14.pdb,model.000.19.pdb,13F,26E,12G,169I,11R,157D
model.000.14.pdb,model.000.20.pdb,56F,31L
model.000.14.pdb,model.000.21.pdb,17M
model.000.14.pdb,model.000.22.pdb,85I,56F
model.000.14.pdb,model.000.23.pdb,82N,53C,43K,151D,153I,157D,41V,84C,30V,155K,164I,80V,26E,24K,44C,71C,152G,83V,42L,81N,40K,28D,150V,163I,79M,85I,13F,25C,27N,98K,55D
model.000.14.pdb,model.000.24.pdb,67V,22E,72K,98K,59C,85I,56F
model.000.14.pdb,model.000.25.pdb,152G,153I
model.000.14.pdb,model.000.26.pdb,15I,17M
model.000.14.pdb,model.000.27.pdb,No common_epitopes
model.000.14.pdb,model.000.28.pdb,26E,12G,40K,169I,41V,11R
model.000.14.pdb,model.000.29.pdb,82N,83V,81N,151D,28D,24K,115N,152G,150V,27N,80V
model.000.15.pdb,model.000.00.pdb,104S,138L,141L,136C,100I,147C,5V,3V,102D,109T,135K,103T,133E,20H,16Q,101L,139K,140C,4T,119V,18S,137S,111V,21L,105N,2K,17M,6D,134T,120P,132G,19G
model.000.15.pdb,model.000.01.pdb,138L,147C,141L,136C,140C,134T,154Y,135K,137S,139K
model.000.15.pdb,model.000.02.pdb,104S,136C,5V,3V,102D,109T,113S,135K,7T,105N,133E,20H,16Q,139K,4T,119V,18S,137S,111V,154Y,21L,103T,2K,17M,6D,134T,120P,132G,19G,112C
model.000.15.pdb,model.000.03.pdb,98K,22E,17M
model.000.15.pdb,model.000.04.pdb,138L,104S,141L,136C,100I,5V,3V,102D,109T,113S,22E,135K,103T,133E,20H,16Q,101L,34E,139K,140C,4T,119V,18S,137S,111V,19G,105N,2K,17M,6D,134T,120P,132G,21L,112C
model.000.15.pdb,model.000.05.pdb,17M,22E,119V,98K,132G,31L,133E
model.000.15.pdb,model.000.06.pdb,104S,109T,35E,139K,34E,101L,4T,33N,77Y,3V,102D,7T,103T,56F,6D,105N,2K
model.000.15.pdb,model.000.07.pdb,17M,100I,23C,98K,132G,31L,133E,56F
model.000.15.pdb,model.000.08.pdb,104S,147C,141L,136C,100I,5V,3V,102D,109T,138L,135K,103T,133E,20H,16Q,101L,139K,140C,4T,119V,18S,137S,111V,21L,105N,2K,17M,6D,134T,120P,132G,19G
model.000.15.pdb,model.000.09.pdb,138L,147C,141L,136C,140C,6D,134T,154Y,135K,137S,133E,139K
model.000.15.pdb,model.000.10.pdb,104S,109T,113S,77Y,120P,102D,111V,112C,105N
model.000.15.pdb,model.000.11.pdb,104S,101L,35E,6D,34E,4T,33N,77Y,3V,102D,7T,103T,56F,105N,2K
model.000.15.pdb,model.000.12.pdb,138L,104S,141L,136C,100I,5V,3V,102D,113S,135K,7T,105N,133E,20H,16Q,101L,34E,139K,4T,154Y,18S,137S,111V,119V,19G,103T,2K,17M,6D,134T,120P,132G,21L,112C
model.000.15.pdb,model.000.13.pdb,147C,132G,31L
model.000.15.pdb,model.000.14.pdb,No common_epitopes
model.000.15.pdb,model.000.15.pdb,104S,138L,136C,100I,5V,3V,102D,109T,135K,103T,133E,20H,16Q,101L,139K,4T,119V,18S,137S,111V,154Y,19G,105N,2K,17M,6D,134T,120P,132G,21L
model.000.15.pdb,model.000.16.pdb,101L,34E,35E,139K,4T,5V,77Y,3V,7T,56F,33N,105N,6D,103T,2K
model.000.15.pdb,model.000.17.pdb,104S,109T,100I,18S,134T,101L,120P,119V,135K,102D,132G,103T,111V,133E,20H,19G,105N,2K
model.000.15.pdb,model.000.18.pdb,138L,35E,139K,140C,6D,5V,7T,141L,33N
model.000.15.pdb,model.000.19.pdb,139K,140C,6D,4T,5V,7T,141L
model.000.15.pdb,model.000.20.pdb,104S,101L,35E,139K,34E,4T,5V,77Y,3V,31L,102D,7T,56F,33N,105N,6D,103T,2K
model.000.15.pdb,model.000.21.pdb,104S,138L,136C,100I,5V,3V,102D,109T,113S,135K,103T,133E,20H,16Q,101L,34E,139K,4T,119V,18S,137S,111V,19G,105N,2K,17M,6D,134T,120P,132G,21L,112C
model.000.15.pdb,model.000.22.pdb,104S,109T,35E,139K,34E,101L,4T,33N,77Y,3V,102D,7T,56F,105N,6D,103T,2K
model.000.15.pdb,model.000.23.pdb,98K
model.000.15.pdb,model.000.24.pdb,104S,101L,35E,6D,100I,34E,22E,33N,77Y,3V,23C,102D,7T,103T,56F,20H,21L,98K,4T,105N,2K
model.000.15.pdb,model.000.25.pdb,138L,147C,141L,136C,140C,134T,154Y,135K,137S,132G,133E,139K
model.000.15.pdb,model.000.26.pdb,138L,104S,141L,136C,100I,5V,3V,102D,109T,135K,105N,133E,20H,16Q,139K,140C,4T,119V,18S,137S,111V,19G,103T,2K,17M,6D,134T,120P,132G,21L,112C
model.000.15.pdb,model.000.27.pdb,104S,109T,35E,139K,34E,4T,5V,101L,3V,102D,7T,105N,33N,6D,103T,2K
model.000.15.pdb,model.000.28.pdb,35E,139K,140C,6D,4T,5V,7T,141L,33N
model.000.15.pdb,model.000.29.pdb,132G
model.000.16.pdb,model.000.00.pdb,138L,147C,136C,145E,118K,159K,135K,133E,16Q,126N,139K,140C,119V,18S,137S,146T,122V,134T,120P,132G,19G,130K
model.000.16.pdb,model.000.01.pdb,138L,145E,139K,136C,147C,140C,134T,159K,154Y,135K,148K,137S,149A,146T,160D
model.000.16.pdb,model.000.02.pdb,136C,118K,117G,135K,115N,133E,131D,121N,16Q,126N,139K,154Y,18S,137S,119V,122V,134T,120P,132G,19G,116I,130K
model.000.16.pdb,model.000.03.pdb,149A,123Q,130K,115N,150V,118K,131D,121N,116I,124D
model.000.16.pdb,model.000.04.pdb,138L,135K,139K,136C,132G,122V,140C,134T,120P,119V,117G,18S,137S,131D,118K,133E,19G,130K,121N,16Q,126N
model.000.16.pdb,model.000.05.pdb,149A,130K,119V,117G,115N,150V,118K,133E,131D,121N,116I,132G
model.000.16.pdb,model.000.06.pdb,139K
model.000.16.pdb,model.000.07.pdb,149A,130K,117G,115N,150V,118K,133E,131D,116I,132G
model.000.16.pdb,model.000.08.pdb,138L,147C,139K,136C,140C,134T,120P,119V,135K,18S,137S,126N,133E,146T,19G,16Q,132G
model.000.16.pdb,model.000.09.pdb,138L,147C,139K,136C,149A,140C,134T,116I,145E,159K,154Y,135K,148K,137S,133E,146T,160D
model.000.16.pdb,model.000.10.pdb,122V,124D,120P,126N,121N,123Q
model.000.16.pdb,model.000.11.pdb,No common_epitopes
model.000.16.pdb,model.000.12.pdb,138L,122V,139K,136C,132G,130K,134T,120P,154Y,135K,18S,137S,131D,126N,133E,19G,119V,121N,16Q,123Q
model.000.16.pdb,model.000.13.pdb,147C,149A,148K,159K,116I,117G,115N,150V,118K,131D,160D,132G
model.000.16.pdb,model.000.14.pdb,No common_epitopes
model.000.16.pdb,model.000.15.pdb,138L,122V,139K,136C,130K,116I,134T,120P,154Y,135K,18S,137S,126N,133E,19G,119V,121N,16Q,132G
model.000.16.pdb,model.000.16.pdb,139K
model.000.16.pdb,model.000.17.pdb,122V,124D,132G,134T,120P,119V,135K,18S,131D,126N,133E,19G,130K,121N,123Q
model.000.16.pdb,model.000.18.pdb,138L,145E,140C,139K,146T
model.000.16.pdb,model.000.19.pdb,140C,145E,139K
model.000.16.pdb,model.000.20.pdb,139K
model.000.16.pdb,model.000.21.pdb,138L,122V,139K,123Q,132G,126N,116I,134T,120P,119V,135K,18S,137S,131D,118K,133E,19G,130K,121N,16Q,136C
model.000.16.pdb,model.000.22.pdb,139K
model.000.16.pdb,model.000.23.pdb,148K,149A,150V,160D,159K
model.000.16.pdb,model.000.24.pdb,No common_epitopes
model.000.16.pdb,model.000.25.pdb,138L,147C,139K,136C,145E,140C,116I,134T,159K,154Y,135K,148K,137S,117G,149A,118K,133E,146T,131D,160D,132G
model.000.16.pdb,model.000.26.pdb,138L,122V,139K,136C,132G,140C,134T,120P,119V,135K,18S,137S,131D,126N,133E,19G,130K,121N,16Q,123Q
model.000.16.pdb,model.000.27.pdb,139K
model.000.16.pdb,model.000.28.pdb,140C,145E,139K
model.000.16.pdb,model.000.29.pdb,132G,123Q,115N,131D,150V,118K,130K,121N,124D
model.000.17.pdb,model.000.00.pdb,104S,138L,141L,136C,100I,145E,5V,3V,102D,109T,135K,147C,103T,20H,16Q,101L,139K,140C,4T,18S,137S,142K,21L,105N,2K,17M,6D,19G
model.000.17.pdb,model.000.01.pdb,138L,145E,141L,136C,147C,140C,135K,137S,139K,142K
model.000.17.pdb,model.000.02.pdb,104S,109T,17M,139K,136C,18S,6D,4T,5V,3V,135K,102D,137S,7T,103T,20H,19G,21L,16Q,105N,2K
model.000.17.pdb,model.000.03.pdb,22E,17M
model.000.17.pdb,model.000.04.pdb,104S,138L,141L,136C,100I,106P,5V,3V,102D,109T,22E,135K,103T,20H,16Q,101L,139K,140C,4T,18S,137S,21L,105N,2K,17M,6D,19G
model.000.17.pdb,model.000.05.pdb,22E,17M
model.000.17.pdb,model.000.06.pdb,104S,109T,139K,106P,4T,101L,3V,102D,7T,103T,6D,8V,105N,2K
model.000.17.pdb,model.000.07.pdb,17M,100I
model.000.17.pdb,model.000.08.pdb,104S,138L,141L,136C,100I,147C,106P,5V,3V,102D,109T,135K,103T,20H,16Q,101L,139K,140C,4T,18S,137S,21L,105N,2K,17M,6D,19G
model.000.17.pdb,model.000.09.pdb,138L,147C,141L,136C,145E,140C,6D,135K,137S,139K,142K
model.000.17.pdb,model.000.10.pdb,104S,106P,109T,105N,102D
model.000.17.pdb,model.000.11.pdb,104S,101L,6D,106P,4T,3V,102D,7T,103T,8V,105N,2K
model.000.17.pdb,model.000.12.pdb,104S,138L,141L,136C,100I,106P,5V,3V,102D,135K,7T,105N,20H,16Q,101L,139K,4T,18S,137S,21L,103T,2K,17M,6D,19G
model.000.17.pdb,model.000.13.pdb,147C
model.000.17.pdb,model.000.14.pdb,No common_epitopes
model.000.17.pdb,model.000.15.pdb,104S,138L,136C,100I,106P,5V,3V,102D,109T,135K,105N,20H,16Q,101L,139K,4T,18S,137S,21L,103T,2K,17M,6D,19G
model.000.17.pdb,model.000.16.pdb,101L,139K,106P,4T,5V,3V,7T,103T,6D,8V,105N,2K
model.000.17.pdb,model.000.17.pdb,104S,109T,100I,18S,106P,101L,135K,102D,103T,20H,19G,105N,2K
model.000.17.pdb,model.000.18.pdb,138L,145E,141L,140C,6D,5V,7T,139K,142K,8V
model.000.17.pdb,model.000.19.pdb,145E,141L,140C,6D,4T,5V,7T,139K,142K,8V
model.000.17.pdb,model.000.20.pdb,104S,101L,139K,106P,4T,5V,3V,102D,7T,103T,6D,8V,105N,2K
model.000.17.pdb,model.000.21.pdb,104S,138L,136C,100I,106P,5V,3V,102D,109T,135K,105N,20H,16Q,101L,139K,4T,18S,137S,21L,103T,2K,17M,6D,19G
model.000.17.pdb,model.000.22.pdb,104S,109T,139K,106P,4T,101L,3V,102D,7T,103T,6D,8V,105N,2K
model.000.17.pdb,model.000.23.pdb,No common_epitopes
model.000.17.pdb,model.000.24.pdb,104S,101L,6D,100I,106P,22E,3V,102D,7T,103T,20H,21L,8V,4T,105N,2K
model.000.17.pdb,model.000.25.pdb,138L,147C,141L,136C,145E,140C,135K,137S,139K,142K
model.000.17.pdb,model.000.26.pdb,104S,138L,141L,136C,100I,5V,3V,102D,109T,135K,105N,20H,16Q,139K,140C,4T,18S,137S,21L,103T,2K,17M,6D,19G
model.000.17.pdb,model.000.27.pdb,104S,109T,139K,106P,4T,5V,101L,3V,102D,7T,105N,6D,8V,103T,2K
model.000.17.pdb,model.000.28.pdb,145E,141L,140C,6D,4T,5V,7T,139K,142K,8V
model.000.17.pdb,model.000.29.pdb,No common_epitopes
model.000.18.pdb,model.000.00.pdb,No common_epitopes
model.000.18.pdb,model.000.01.pdb,No common_epitopes
model.000.18.pdb,model.000.02.pdb,No common_epitopes
model.000.18.pdb,model.000.03.pdb,82N,83V,81N,151D,40K,28D,24K,84C,150V,79M
model.000.18.pdb,model.000.04.pdb,No common_epitopes
model.000.18.pdb,model.000.05.pdb,29L,82N,83V,42L,26E,151D,31L,40K,28D,30V,27N,84C,24K,25C,55D,150V,155K,81N
model.000.18.pdb,model.000.06.pdb,37C,51K,56F,58K
model.000.18.pdb,model.000.07.pdb,29L,82N,53C,42L,81N,151D,31L,40K,28D,30V,27N,150V,24K,25C,55D,83V,71C,56F,54G
model.000.18.pdb,model.000.08.pdb,No common_epitopes
model.000.18.pdb,model.000.09.pdb,No common_epitopes
model.000.18.pdb,model.000.10.pdb,79M
model.000.18.pdb,model.000.11.pdb,73C,57S,37C,72K,59C,52P,51K,58K,56F
model.000.18.pdb,model.000.12.pdb,No common_epitopes
model.000.18.pdb,model.000.13.pdb,29L,82N,53C,151D,41V,84C,24K,155K,164I,54G,26E,30V,71C,83V,42L,81N,40K,28D,150V,163I,57S,25C,27N,31L,55D
model.000.18.pdb,model.000.14.pdb,29L,43K,26E,47K,40K,51K,27N,28D,41V,52P,44C,163I,45D,48T,164I,42L
model.000.18.pdb,model.000.15.pdb,No common_epitopes
model.000.18.pdb,model.000.16.pdb,73C,37C,72K,52P,51K,58K,56F
model.000.18.pdb,model.000.17.pdb,No common_epitopes
model.000.18.pdb,model.000.18.pdb,37C,52P,51K,26E
model.000.18.pdb,model.000.19.pdb,26E
model.000.18.pdb,model.000.20.pdb,52P,58K,56F,31L
model.000.18.pdb,model.000.21.pdb,No common_epitopes
model.000.18.pdb,model.000.22.pdb,56F
model.000.18.pdb,model.000.23.pdb,82N,53C,43K,151D,41V,84C,24K,155K,164I,42L,26E,30V,44C,71C,73C,83V,54G,81N,40K,28D,150V,163I,79M,57S,25C,27N,55D
model.000.18.pdb,model.000.24.pdb,51K,67V,73C,72K,59C,48T,58K,56F
model.000.18.pdb,model.000.25.pdb,No common_epitopes
model.000.18.pdb,model.000.26.pdb,No common_epitopes
model.000.18.pdb,model.000.27.pdb,No common_epitopes
model.000.18.pdb,model.000.28.pdb,51K,26E,47K,37C,40K,41V,52P,58K
model.000.18.pdb,model.000.29.pdb,82N,83V,81N,151D,28D,24K,150V,27N
model.000.19.pdb,model.000.00.pdb,20H,17M,159K
model.000.19.pdb,model.000.01.pdb,149A,148K,159K,162F,161G,160D
model.000.19.pdb,model.000.02.pdb,17M,115N,127K,128C,125Q,20H,121N,94C
model.000.19.pdb,model.000.03.pdb,82N,124D,151D,127K,153I,84C,128C,96N,94C,149A,123Q,22E,24K,80V,115N,89C,99C,121N,152G,83V,81N,40K,28D,97G,150V,125Q,129S,91Q,85I,95G,93T,17M,98K
model.000.19.pdb,model.000.04.pdb,20H,22E,121N,17M
model.000.19.pdb,model.000.05.pdb,29L,82N,151D,153I,84C,24K,128C,96N,94C,149A,26E,22E,30V,80V,115N,121N,155K,152G,83V,42L,81N,40K,28D,97G,150V,129S,85I,95G,93T,17M,25C,27N,98K,31L,15I,55D
model.000.19.pdb,model.000.06.pdb,37C,56F
model.000.19.pdb,model.000.07.pdb,29L,82N,151D,153I,30V,128C,96N,80V,149A,24K,94C,115N,89C,99C,56F,152G,83V,42L,81N,40K,28D,97G,150V,129S,91Q,85I,95G,93T,17M,25C,27N,23C,98K,31L,55D
model.000.19.pdb,model.000.08.pdb,20H,17M
model.000.19.pdb,model.000.09.pdb,149A,148K,159K,162F,158C,160D
model.000.19.pdb,model.000.10.pdb,123Q,91Q,127K,89C,125Q,93T,121N,94C,124D
model.000.19.pdb,model.000.11.pdb,37C,56F
model.000.19.pdb,model.000.12.pdb,20H,17M,121N,123Q,125Q
model.000.19.pdb,model.000.13.pdb,29L,82N,151D,153I,157D,84C,30V,161G,96N,164I,160D,149A,26E,24K,80V,115N,95G,155K,152G,83V,42L,81N,40K,28D,97G,150V,163I,85I,158C,159K,148K,25C,27N,31L,55D,162F
model.000.19.pdb,model.000.14.pdb,29L,42L,26E,40K,28D,27N,163I,164I
model.000.19.pdb,model.000.15.pdb,20H,17M,121N
model.000.19.pdb,model.000.16.pdb,37C,56F
model.000.19.pdb,model.000.17.pdb,20H,121N,124D,123Q
model.000.19.pdb,model.000.18.pdb,37C,156C,13F,26E,157D
model.000.19.pdb,model.000.19.pdb,156C,13F,26E,157D
model.000.19.pdb,model.000.20.pdb,56F,31L
model.000.19.pdb,model.000.21.pdb,17M,123Q,127K,128C,125Q,20H,121N,94C
model.000.19.pdb,model.000.22.pdb,85I,56F
model.000.19.pdb,model.000.23.pdb,82N,151D,153I,157D,84C,24K,161G,155K,164I,80V,30V,149A,26E,159K,160D,152G,83V,42L,81N,156C,40K,28D,97G,150V,163I,85I,95G,13F,148K,25C,27N,98K,55D,158C,162F
model.000.19.pdb,model.000.24.pdb,22E,23C,98K,89C,20H,85I,56F
model.000.19.pdb,model.000.25.pdb,149A,152G,148K,159K,153I,158C,161G,160D,162F
model.000.19.pdb,model.000.26.pdb,15I,20H,17M,121N,123Q
model.000.19.pdb,model.000.27.pdb,No common_epitopes
model.000.19.pdb,model.000.28.pdb,37C,40K,26E
model.000.19.pdb,model.000.29.pdb,82N,124D,151D,128C,96N,94C,123Q,24K,80V,115N,127K,121N,152G,83V,81N,28D,97G,150V,125Q,129S,95G,93T,27N
model.000.20.pdb,model.000.00.pdb,17M,134T,159K,119V,135K,118K,133E,130K,132G
model.000.20.pdb,model.000.01.pdb,149A,148K,134T,159K,154Y,135K,170C,162F,161G,160D
model.000.20.pdb,model.000.02.pdb,135K,17M,130K,113S,154Y,134T,119V,117G,114C,115N,118K,133E,131D,116I,132G
model.000.20.pdb,model.000.03.pdb,82N,151D,153I,118K,96N,80V,149A,22E,24K,115N,131D,152G,83V,81N,40K,28D,97G,150V,79M,95G,17M,98K,116I,130K
model.000.20.pdb,model.000.04.pdb,135K,17M,113S,22E,134T,119V,117G,114C,131D,118K,133E,130K,132G
model.000.20.pdb,model.000.05.pdb,29L,82N,151D,153I,24K,96N,155K,149A,26E,22E,30V,80V,117G,115N,133E,131D,152G,83V,42L,81N,40K,28D,119V,97G,150V,95G,17M,25C,27N,98K,118K,132G,15I,55D,116I,130K
model.000.20.pdb,model.000.06.pdb,No common_epitopes
model.000.20.pdb,model.000.07.pdb,29L,82N,151D,153I,118K,96N,80V,54G,149A,114C,30V,117G,115N,133E,131D,152G,83V,42L,81N,40K,28D,97G,150V,95G,17M,25C,27N,98K,132G,55D,130K,116I,24K
model.000.20.pdb,model.000.08.pdb,17M,134T,119V,135K,132G,133E
model.000.20.pdb,model.000.09.pdb,149A,148K,116I,134T,159K,154Y,135K,170C,162F,133E,158C,160D
model.000.20.pdb,model.000.10.pdb,113S,79M
model.000.20.pdb,model.000.11.pdb,No common_epitopes
model.000.20.pdb,model.000.12.pdb,17M,113S,134T,119V,135K,114C,131D,132G,133E,154Y,130K
model.000.20.pdb,model.000.13.pdb,29L,82N,162F,151D,153I,157D,170C,30V,161G,96N,164I,160D,42L,149A,26E,24K,80V,117G,115N,95G,131D,155K,152G,83V,54G,81N,40K,28D,97G,150V,163I,158C,159K,148K,25C,27N,132G,55D,116I,118K
model.000.20.pdb,model.000.14.pdb,29L,42L,26E,40K,28D,27N,163I,164I
model.000.20.pdb,model.000.15.pdb,17M,134T,154Y,135K,132G,133E,119V,116I,130K
model.000.20.pdb,model.000.16.pdb,No common_epitopes
model.000.20.pdb,model.000.17.pdb,134T,119V,135K,131D,132G,133E,130K
model.000.20.pdb,model.000.18.pdb,170C,156C,13F,26E,157D
model.000.20.pdb,model.000.19.pdb,170C,156C,13F,26E,157D
model.000.20.pdb,model.000.20.pdb,No common_epitopes
model.000.20.pdb,model.000.21.pdb,17M,113S,134T,119V,135K,131D,118K,133E,130K,116I,132G
model.000.20.pdb,model.000.22.pdb,No common_epitopes
model.000.20.pdb,model.000.23.pdb,82N,151D,153I,157D,170C,24K,161G,155K,164I,80V,42L,149A,26E,98K,159K,160D,152G,83V,54G,81N,156C,40K,28D,97G,150V,163I,79M,95G,13F,148K,25C,27N,30V,55D,158C,162F
model.000.20.pdb,model.000.24.pdb,98K,22E
model.000.20.pdb,model.000.25.pdb,149A,159K,162F,148K,116I,134T,153I,154Y,135K,117G,118K,152G,158C,133E,161G,131D,160D,132G
model.000.20.pdb,model.000.26.pdb,17M,134T,119V,135K,15I,131D,132G,133E,130K
model.000.20.pdb,model.000.27.pdb,No common_epitopes
model.000.20.pdb,model.000.28.pdb,40K,26E
model.000.20.pdb,model.000.29.pdb,82N,83V,132G,81N,151D,28D,24K,97G,115N,131D,150V,118K,152G,96N,130K,80V,95G,27N
model.000.21.pdb,model.000.00.pdb,104S,136C,100I,5V,3V,102D,109T,135K,103T,20H,16Q,101L,139K,4T,18S,137S,111V,19G,105N,2K,17M,6D,21L
model.000.21.pdb,model.000.01.pdb,135K,137S,139K,136C
model.000.21.pdb,model.000.02.pdb,104S,136C,5V,3V,102D,109T,135K,7T,103T,20H,16Q,139K,4T,18S,137S,111V,19G,105N,2K,17M,6D,21L
model.000.21.pdb,model.000.03.pdb,17M
model.000.21.pdb,model.000.04.pdb,104S,136C,100I,106P,5V,3V,102D,109T,135K,103T,20H,16Q,101L,34E,139K,4T,18S,137S,111V,19G,105N,2K,17M,6D,21L
model.000.21.pdb,model.000.05.pdb,17M
model.000.21.pdb,model.000.06.pdb,104S,35E,106P,37C,3V,102D,109T,10K,38E,9C,7T,105N,101L,34E,139K,107V,4T,32V,36T,103T,2K,6D,108K,33N,88E,8V
model.000.21.pdb,model.000.07.pdb,17M,100I
model.000.21.pdb,model.000.08.pdb,104S,136C,100I,106P,5V,3V,102D,109T,135K,105N,20H,16Q,101L,139K,4T,18S,137S,111V,21L,103T,2K,17M,6D,19G
model.000.21.pdb,model.000.09.pdb,135K,6D,137S,139K,136C
model.000.21.pdb,model.000.10.pdb,104S,109T,107V,106P,102D,88E,111V,108K,105N
model.000.21.pdb,model.000.11.pdb,104S,35E,106P,37C,3V,102D,10K,38E,9C,7T,103T,101L,34E,107V,4T,32V,36T,105N,2K,6D,108K,33N,8V
model.000.21.pdb,model.000.12.pdb,104S,136C,100I,106P,5V,3V,102D,135K,7T,103T,20H,16Q,101L,34E,139K,4T,18S,137S,111V,19G,105N,2K,17M,6D,21L
model.000.21.pdb,model.000.13.pdb,No common_epitopes
model.000.21.pdb,model.000.14.pdb,38E
model.000.21.pdb,model.000.15.pdb,104S,136C,100I,106P,5V,3V,102D,109T,135K,105N,20H,16Q,101L,139K,107V,4T,18S,137S,111V,19G,103T,2K,17M,6D,21L,108K
model.000.21.pdb,model.000.16.pdb,35E,106P,37C,5V,3V,10K,38E,9C,7T,103T,101L,34E,139K,107V,4T,32V,36T,105N,2K,6D,8V,33N,108K
model.000.21.pdb,model.000.17.pdb,104S,109T,100I,18S,107V,106P,101L,135K,102D,103T,111V,20H,19G,105N,2K
model.000.21.pdb,model.000.18.pdb,10K,35E,139K,38E,9C,5V,7T,32V,6D,36T,8V,37C,33N
model.000.21.pdb,model.000.19.pdb,10K,139K,4T,5V,7T,6D,8V,9C
model.000.21.pdb,model.000.20.pdb,104S,35E,106P,5V,3V,102D,10K,9C,7T,103T,101L,34E,139K,107V,4T,32V,36T,105N,2K,6D,108K,33N,88E,8V
model.000.21.pdb,model.000.21.pdb,104S,136C,100I,106P,5V,3V,102D,109T,135K,103T,20H,16Q,101L,34E,139K,4T,18S,137S,111V,19G,105N,2K,17M,6D,21L
model.000.21.pdb,model.000.22.pdb,104S,35E,106P,3V,102D,109T,10K,7T,103T,101L,34E,139K,107V,4T,32V,36T,105N,2K,6D,108K,33N,88E,8V
model.000.21.pdb,model.000.23.pdb,No common_epitopes
model.000.21.pdb,model.000.24.pdb,104S,35E,100I,106P,3V,102D,10K,9C,7T,103T,20H,101L,34E,107V,4T,32V,36T,105N,2K,6D,108K,33N,88E,21L,8V
model.000.21.pdb,model.000.25.pdb,135K,137S,139K,136C
model.000.21.pdb,model.000.26.pdb,104S,136C,100I,5V,3V,102D,109T,135K,103T,20H,16Q,139K,4T,18S,137S,111V,19G,105N,2K,17M,6D,21L
model.000.21.pdb,model.000.27.pdb,104S,35E,106P,5V,3V,102D,109T,10K,9C,7T,103T,101L,34E,139K,107V,4T,36T,105N,2K,6D,108K,33N,8V
model.000.21.pdb,model.000.28.pdb,10K,35E,139K,38E,37C,5V,4T,7T,32V,6D,36T,8V,9C,33N
model.000.21.pdb,model.000.29.pdb,No common_epitopes
model.000.22.pdb,model.000.00.pdb,104S,138L,141L,136C,100I,147C,5V,3V,102D,118K,109T,159K,135K,103T,133E,20H,16Q,132G,101L,139K,140C,4T,119V,18S,137S,111V,146T,21L,105N,2K,122V,17M,6D,134T,120P,126N,19G,130K
model.000.22.pdb,model.000.01.pdb,138L,147C,141L,136C,140C,134T,159K,154Y,135K,137S,139K,146T
model.000.22.pdb,model.000.02.pdb,104S,136C,5V,3V,102D,118K,109T,117G,113S,135K,7T,105N,133E,20H,131D,121N,16Q,126N,139K,4T,119V,18S,137S,111V,154Y,21L,103T,2K,122V,17M,6D,134T,120P,132G,19G,112C,116I,130K
model.000.22.pdb,model.000.03.pdb,17M,123Q,98K,131D,118K,121N,116I,130K
model.000.22.pdb,model.000.04.pdb,138L,104S,141L,136C,100I,5V,3V,102D,118K,109T,117G,113S,135K,131D,103T,133E,20H,121N,16Q,132G,101L,34E,139K,140C,4T,119V,18S,137S,111V,19G,105N,2K,122V,17M,6D,134T,120P,126N,21L,112C,130K
model.000.22.pdb,model.000.05.pdb,17M,119V,117G,98K,131D,118K,132G,133E,121N,116I,130K
model.000.22.pdb,model.000.06.pdb,104S,109T,139K,34E,101L,86P,4T,33N,77Y,3V,102D,7T,103T,6D,105N,2K
model.000.22.pdb,model.000.07.pdb,17M,100I,86P,117G,98K,131D,118K,133E,130K,116I,132G
model.000.22.pdb,model.000.08.pdb,104S,147C,141L,136C,100I,5V,3V,102D,109T,138L,135K,103T,133E,20H,16Q,126N,101L,139K,140C,4T,119V,18S,137S,111V,146T,21L,105N,2K,17M,6D,134T,120P,132G,19G
model.000.22.pdb,model.000.09.pdb,138L,147C,141L,136C,140C,6D,134T,159K,154Y,135K,137S,146T,133E,139K,116I
model.000.22.pdb,model.000.10.pdb,104S,109T,123Q,122V,113S,77Y,120P,102D,126N,111V,112C,121N,105N
model.000.22.pdb,model.000.11.pdb,104S,101L,6D,34E,86P,4T,33N,77Y,3V,102D,7T,103T,105N,2K
model.000.22.pdb,model.000.12.pdb,138L,104S,141L,136C,100I,5V,3V,102D,7T,123Q,113S,135K,131D,105N,133E,20H,121N,16Q,132G,101L,34E,139K,4T,154Y,18S,137S,111V,119V,19G,103T,2K,122V,17M,6D,134T,120P,126N,21L,112C,130K
model.000.22.pdb,model.000.13.pdb,147C,159K,117G,131D,118K,116I,132G
model.000.22.pdb,model.000.14.pdb,No common_epitopes
model.000.22.pdb,model.000.15.pdb,104S,138L,136C,100I,5V,3V,102D,109T,135K,103T,133E,20H,121N,16Q,132G,101L,139K,4T,119V,18S,137S,111V,154Y,19G,105N,2K,122V,17M,6D,134T,120P,126N,21L,116I,130K
model.000.22.pdb,model.000.16.pdb,101L,34E,139K,4T,5V,77Y,3V,7T,105N,33N,6D,103T,2K
model.000.22.pdb,model.000.17.pdb,104S,100I,102D,109T,123Q,135K,131D,105N,133E,20H,121N,126N,101L,119V,18S,111V,103T,2K,122V,134T,120P,132G,19G,130K
model.000.22.pdb,model.000.18.pdb,138L,139K,140C,6D,5V,7T,146T,141L,33N
model.000.22.pdb,model.000.19.pdb,139K,140C,6D,4T,5V,7T,141L
model.000.22.pdb,model.000.20.pdb,104S,101L,139K,34E,86P,4T,5V,77Y,3V,102D,7T,105N,33N,6D,103T,2K
model.000.22.pdb,model.000.21.pdb,104S,138L,136C,100I,5V,3V,102D,118K,109T,123Q,113S,135K,131D,105N,133E,20H,121N,16Q,126N,101L,34E,139K,4T,119V,18S,137S,111V,19G,103T,2K,122V,17M,6D,134T,120P,132G,21L,112C,116I,130K
model.000.22.pdb,model.000.22.pdb,104S,109T,139K,34E,101L,86P,4T,33N,77Y,3V,102D,7T,105N,6D,103T,2K
model.000.22.pdb,model.000.23.pdb,98K,159K
model.000.22.pdb,model.000.24.pdb,104S,101L,6D,100I,34E,86P,4T,33N,77Y,3V,102D,7T,103T,20H,21L,98K,105N,2K
model.000.22.pdb,model.000.25.pdb,138L,147C,141L,136C,140C,134T,159K,154Y,135K,137S,117G,118K,146T,133E,139K,131D,116I,132G
model.000.22.pdb,model.000.26.pdb,138L,104S,141L,136C,100I,5V,3V,102D,109T,123Q,135K,131D,105N,133E,20H,121N,16Q,126N,139K,140C,4T,119V,18S,137S,111V,19G,103T,2K,122V,17M,6D,134T,120P,132G,21L,112C,130K
model.000.22.pdb,model.000.27.pdb,104S,109T,139K,34E,4T,5V,101L,3V,102D,7T,105N,33N,6D,103T,2K
model.000.22.pdb,model.000.28.pdb,139K,140C,6D,4T,5V,7T,141L,33N
model.000.22.pdb,model.000.29.pdb,123Q,131D,118K,132G,121N,130K
model.000.23.pdb,model.000.00.pdb,17M,118K
model.000.23.pdb,model.000.01.pdb,149A
model.000.23.pdb,model.000.02.pdb,17M,113S,116I,117G,114C,115N,118K,128C,94C
model.000.23.pdb,model.000.03.pdb,82N,151D,153I,84C,118K,128C,96N,94C,149A,22E,24K,80V,115N,99C,152G,83V,81N,40K,28D,97G,150V,79M,91Q,95G,93T,17M,98K,116I
model.000.23.pdb,model.000.04.pdb,17M,113S,22E,117G,114C,118K
model.000.23.pdb,model.000.05.pdb,29L,82N,151D,153I,84C,24K,128C,96N,94C,149A,22E,30V,80V,117G,115N,152G,83V,42L,81N,40K,28D,97G,150V,95G,93T,17M,25C,27N,98K,31L,55D,116I,118K
model.000.23.pdb,model.000.06.pdb,37C,32V,56F
model.000.23.pdb,model.000.07.pdb,29L,82N,53C,151D,153I,118K,128C,96N,80V,54G,149A,114C,30V,94C,117G,115N,99C,71C,56F,152G,83V,42L,81N,40K,28D,97G,150V,91Q,95G,93T,17M,25C,27N,23C,98K,31L,55D,116I,24K
model.000.23.pdb,model.000.08.pdb,17M
model.000.23.pdb,model.000.09.pdb,149A,116I
model.000.23.pdb,model.000.10.pdb,113S,79M,91Q,94C,93T
model.000.23.pdb,model.000.11.pdb,73C,57S,37C,72K,32V,52P,56F
model.000.23.pdb,model.000.12.pdb,113S,114C,17M
model.000.23.pdb,model.000.13.pdb,29L,82N,53C,151D,153I,41V,84C,30V,96N,80V,42L,149A,24K,117G,115N,71C,152G,83V,54G,81N,40K,28D,97G,150V,95G,57S,25C,27N,31L,55D,116I,118K
model.000.23.pdb,model.000.14.pdb,29L,43K,40K,28D,27N,41V,52P,44C,42L
model.000.23.pdb,model.000.15.pdb,17M,116I
model.000.23.pdb,model.000.16.pdb,73C,37C,72K,52P,32V,56F
model.000.23.pdb,model.000.17.pdb,No common_epitopes
model.000.23.pdb,model.000.18.pdb,52P,37C,32V
model.000.23.pdb,model.000.19.pdb,No common_epitopes
model.000.23.pdb,model.000.20.pdb,52P,32V,56F,31L
model.000.23.pdb,model.000.21.pdb,17M,113S,94C,118K,128C,116I
model.000.23.pdb,model.000.22.pdb,32V,56F
model.000.23.pdb,model.000.23.pdb,82N,53C,43K,151D,153I,41V,84C,30V,80V,54G,149A,24K,44C,71C,73C,152G,83V,42L,81N,40K,28D,97G,150V,79M,95G,57S,25C,27N,98K,55D
model.000.23.pdb,model.000.24.pdb,73C,67V,72K,23C,98K,32V,22E,56F
model.000.23.pdb,model.000.25.pdb,149A,152G,153I,117G,118K,116I
model.000.23.pdb,model.000.26.pdb,17M
model.000.23.pdb,model.000.27.pdb,No common_epitopes
model.000.23.pdb,model.000.28.pdb,52P,37C,32V,40K,41V
model.000.23.pdb,model.000.29.pdb,82N,83V,81N,151D,152G,28D,24K,94C,97G,27N,115N,150V,118K,128C,96N,80V,95G,93T
model.000.24.pdb,model.000.00.pdb,No common_epitopes
model.000.24.pdb,model.000.01.pdb,No common_epitopes
model.000.24.pdb,model.000.02.pdb,No common_epitopes
model.000.24.pdb,model.000.03.pdb,40K,28D
model.000.24.pdb,model.000.04.pdb,No common_epitopes
model.000.24.pdb,model.000.05.pdb,29L,42L,26E,40K,28D,27N
model.000.24.pdb,model.000.06.pdb,50N,10K,51K,38E,37C,35E,32V,11R,36T,8V,9C
model.000.24.pdb,model.000.07.pdb,29L,40K,42L,27N,28D
model.000.24.pdb,model.000.08.pdb,No common_epitopes
model.000.24.pdb,model.000.09.pdb,No common_epitopes
model.000.24.pdb,model.000.10.pdb,No common_epitopes
model.000.24.pdb,model.000.11.pdb,50N,10K,51K,38E,37C,35E,32V,11R,52P,36T,8V,9C,49V
model.000.24.pdb,model.000.12.pdb,No common_epitopes
model.000.24.pdb,model.000.13.pdb,29L,42L,26E,40K,28D,27N,41V
model.000.24.pdb,model.000.14.pdb,50N,29L,43K,26E,47K,40K,51K,27N,28D,39E,41V,42L,11R,44C,52P,49V,48T,45D,38E
model.000.24.pdb,model.000.15.pdb,No common_epitopes
model.000.24.pdb,model.000.16.pdb,50N,10K,51K,38E,39E,37C,35E,32V,52P,36T,8V,9C
model.000.24.pdb,model.000.17.pdb,No common_epitopes
model.000.24.pdb,model.000.18.pdb,50N,10K,51K,38E,26E,12G,37C,35E,39E,32V,11R,52P,36T,8V,9C
model.000.24.pdb,model.000.19.pdb,10K,26E,12G,9C,11R,8V
model.000.24.pdb,model.000.20.pdb,50N,10K,35E,9C,32V,52P,36T,8V
model.000.24.pdb,model.000.21.pdb,No common_epitopes
model.000.24.pdb,model.000.22.pdb,50N,10K,35E,32V,36T,8V
model.000.24.pdb,model.000.23.pdb,43K,26E,40K,28D,27N,41V,44C,42L
model.000.24.pdb,model.000.24.pdb,50N,10K,51K,9C,35E,32V,46E,36T,48T,8V,49V
model.000.24.pdb,model.000.25.pdb,No common_epitopes
model.000.24.pdb,model.000.26.pdb,No common_epitopes
model.000.24.pdb,model.000.27.pdb,36T,10K,35E,8V,9C
model.000.24.pdb,model.000.28.pdb,50N,10K,51K,38E,26E,12G,47K,37C,40K,35E,39E,41V,32V,11R,46E,52P,36T,8V,9C,49V
model.000.24.pdb,model.000.29.pdb,28D,27N
model.000.25.pdb,model.000.00.pdb,147C,159K,132G,118K,133E,130K
model.000.25.pdb,model.000.01.pdb,147C,149A,148K,159K,162F,161G,160D
model.000.25.pdb,model.000.02.pdb,131D,127K,116I,117G,115N,118K,128C,133E,130K,94C,132G
model.000.25.pdb,model.000.03.pdb,82N,124D,151D,127K,153I,118K,128C,96N,94C,92V,149A,24K,80V,115N,99C,131D,152G,83V,81N,40K,28D,97G,150V,129S,85I,95G,93T,98K,116I,130K
model.000.25.pdb,model.000.04.pdb,132G,117G,131D,118K,133E,130K
model.000.25.pdb,model.000.05.pdb,29L,82N,151D,153I,24K,128C,96N,94C,149A,26E,30V,80V,117G,115N,133E,131D,155K,152G,83V,42L,81N,40K,28D,97G,150V,129S,85I,95G,93T,25C,27N,98K,118K,132G,31L,55D,116I,130K
model.000.25.pdb,model.000.06.pdb,No common_epitopes
model.000.25.pdb,model.000.07.pdb,29L,82N,151D,153I,118K,128C,96N,80V,92V,149A,30V,94C,117G,115N,99C,133E,131D,152G,83V,42L,81N,40K,28D,97G,150V,129S,85I,95G,93T,25C,27N,98K,132G,31L,55D,130K,116I,24K
model.000.25.pdb,model.000.08.pdb,133E,147C,132G
model.000.25.pdb,model.000.09.pdb,147C,149A,148K,159K,116I,162F,133E,158C,160D
model.000.25.pdb,model.000.10.pdb,93T,127K,124D,92V,94C
model.000.25.pdb,model.000.11.pdb,No common_epitopes
model.000.25.pdb,model.000.12.pdb,133E,131D,132G,130K
model.000.25.pdb,model.000.13.pdb,147C,29L,82N,162F,151D,153I,157D,30V,161G,96N,164I,160D,149A,26E,24K,80V,117G,115N,95G,131D,155K,152G,83V,42L,81N,40K,28D,97G,150V,163I,85I,158C,159K,148K,25C,27N,132G,31L,55D,116I,118K
model.000.25.pdb,model.000.14.pdb,29L,42L,26E,40K,28D,27N,163I,164I
model.000.25.pdb,model.000.15.pdb,133E,130K,132G,116I
model.000.25.pdb,model.000.16.pdb,No common_epitopes
model.000.25.pdb,model.000.17.pdb,133E,131D,130K,124D,132G
model.000.25.pdb,model.000.18.pdb,156C,13F,26E,157D
model.000.25.pdb,model.000.19.pdb,156C,13F,26E,157D
model.000.25.pdb,model.000.20.pdb,31L
model.000.25.pdb,model.000.21.pdb,131D,116I,127K,118K,128C,133E,130K,94C,92V,132G
model.000.25.pdb,model.000.22.pdb,85I
model.000.25.pdb,model.000.23.pdb,82N,151D,153I,157D,24K,161G,155K,164I,80V,30V,149A,26E,159K,160D,152G,83V,42L,81N,156C,40K,28D,97G,150V,163I,85I,95G,13F,148K,25C,27N,98K,55D,158C,162F
model.000.25.pdb,model.000.24.pdb,98K,85I
model.000.25.pdb,model.000.25.pdb,147C,159K,162F,149A,148K,153I,116I,117G,131D,118K,152G,161G,133E,158C,160D,132G
model.000.25.pdb,model.000.26.pdb,133E,131D,132G,130K
model.000.25.pdb,model.000.27.pdb,No common_epitopes
model.000.25.pdb,model.000.28.pdb,40K,26E
model.000.25.pdb,model.000.29.pdb,82N,124D,151D,118K,128C,96N,94C,131D,24K,80V,115N,127K,152G,83V,81N,28D,97G,150V,129S,95G,93T,27N,132G,130K
model.000.26.pdb,model.000.00.pdb,104S,109T,100I,122V,126N,101L,120P,119V,102D,103T,111V,133E,19G,105N,2K
model.000.26.pdb,model.000.01.pdb,No common_epitopes
model.000.26.pdb,model.000.02.pdb,104S,110G,122V,126N,125Q,120P,119V,102D,127K,103T,111V,109T,133E,19G,112C,121N,105N,2K
model.000.26.pdb,model.000.03.pdb,124D,123Q,91Q,127K,125Q,129S,121N,92V,93T
model.000.26.pdb,model.000.04.pdb,104S,109T,100I,122V,106P,101L,120P,119V,102D,103T,126N,111V,133E,19G,112C,121N,105N,2K
model.000.26.pdb,model.000.05.pdb,133E,129S,119V,121N,93T
model.000.26.pdb,model.000.06.pdb,104S,109T,107V,106P,101L,87N,102D,103T,88E,108K,105N,2K
model.000.26.pdb,model.000.07.pdb,100I,133E,129S,91Q,92V,93T
model.000.26.pdb,model.000.08.pdb,104S,109T,100I,106P,101L,120P,119V,102D,103T,126N,111V,133E,19G,105N,2K
model.000.26.pdb,model.000.09.pdb,133E
model.000.26.pdb,model.000.10.pdb,104S,110G,124D,106P,111V,102D,92V,109T,123Q,127K,121N,107V,87N,125Q,91Q,105N,93T,122V,120P,126N,88E,112C,108K
model.000.26.pdb,model.000.11.pdb,104S,101L,107V,106P,102D,103T,108K,105N,2K
model.000.26.pdb,model.000.12.pdb,104S,101L,123Q,100I,122V,106P,111V,120P,119V,102D,103T,126N,125Q,133E,19G,112C,121N,105N,2K
model.000.26.pdb,model.000.13.pdb,No common_epitopes
model.000.26.pdb,model.000.14.pdb,No common_epitopes
model.000.26.pdb,model.000.15.pdb,104S,109T,100I,122V,107V,106P,101L,120P,119V,102D,103T,126N,111V,133E,19G,108K,121N,105N,2K
model.000.26.pdb,model.000.16.pdb,101L,107V,106P,105N,108K,103T,2K
model.000.26.pdb,model.000.17.pdb,104S,110G,124D,100I,122V,107V,106P,111V,101L,120P,119V,102D,103T,126N,109T,133E,19G,2K,121N,105N,123Q
model.000.26.pdb,model.000.18.pdb,No common_epitopes
model.000.26.pdb,model.000.19.pdb,No common_epitopes
model.000.26.pdb,model.000.20.pdb,104S,101L,107V,106P,87N,102D,103T,88E,108K,105N,2K
model.000.26.pdb,model.000.21.pdb,104S,110G,100I,106P,125Q,102D,92V,109T,123Q,127K,105N,133E,121N,101L,119V,111V,103T,2K,122V,120P,126N,19G,112C
model.000.26.pdb,model.000.22.pdb,104S,109T,107V,106P,101L,87N,102D,103T,88E,108K,105N,2K
model.000.26.pdb,model.000.23.pdb,No common_epitopes
model.000.26.pdb,model.000.24.pdb,104S,101L,100I,107V,106P,87N,102D,103T,88E,108K,105N,2K
model.000.26.pdb,model.000.25.pdb,133E
model.000.26.pdb,model.000.26.pdb,104S,109T,123Q,100I,122V,126N,120P,119V,102D,103T,111V,133E,19G,112C,121N,105N,2K
model.000.26.pdb,model.000.27.pdb,104S,109T,107V,106P,101L,102D,105N,108K,103T,2K
model.000.26.pdb,model.000.28.pdb,No common_epitopes
model.000.26.pdb,model.000.29.pdb,124D,127K,125Q,129S,93T,121N,123Q
model.000.27.pdb,model.000.00.pdb,101L,6D,2K
model.000.27.pdb,model.000.01.pdb,No common_epitopes
model.000.27.pdb,model.000.02.pdb,7T,6D,2K
model.000.27.pdb,model.000.03.pdb,40K
model.000.27.pdb,model.000.04.pdb,101L,34E,6D,2K
model.000.27.pdb,model.000.05.pdb,40K,26E,31L
model.000.27.pdb,model.000.06.pdb,101L,35E,37C,51K,10K,38E,77Y,7T,58K,56F,75L,50N,34E,32V,36T,2K,6D,33N,11R,8V,76G,74N
model.000.27.pdb,model.000.07.pdb,40K,56F,31L
model.000.27.pdb,model.000.08.pdb,101L,6D,2K
model.000.27.pdb,model.000.09.pdb,6D
model.000.27.pdb,model.000.10.pdb,77Y
model.000.27.pdb,model.000.11.pdb,50N,35E,37C,51K,10K,38E,77Y,7T,58K,56F,75L,101L,34E,73C,72K,32V,36T,2K,6D,57S,60I,59C,33N,11R,52P,49V,8V,76G,74N
model.000.27.pdb,model.000.12.pdb,101L,34E,7T,6D,2K
model.000.27.pdb,model.000.13.pdb,57S,40K,26E,31L
model.000.27.pdb,model.000.14.pdb,50N,51K,38E,26E,47K,40K,39E,52P,11R,49V,48T,45D
model.000.27.pdb,model.000.15.pdb,101L,6D,2K
model.000.27.pdb,model.000.16.pdb,50N,35E,37C,51K,10K,38E,77Y,7T,58K,56F,75L,101L,34E,73C,72K,32V,36T,2K,6D,39E,33N,52P,8V,76G,74N
model.000.27.pdb,model.000.17.pdb,101L,2K
model.000.27.pdb,model.000.18.pdb,50N,10K,35E,6D,38E,26E,12G,37C,33N,51K,39E,7T,32V,11R,52P,36T,8V
model.000.27.pdb,model.000.19.pdb,10K,6D,26E,12G,7T,11R,8V
model.000.27.pdb,model.000.20.pdb,50N,10K,35E,6D,34E,101L,33N,77Y,76G,7T,32V,74N,31L,52P,36T,2K,8V,58K,56F,75L
model.000.27.pdb,model.000.21.pdb,101L,34E,6D,2K
model.000.27.pdb,model.000.22.pdb,50N,10K,35E,6D,34E,101L,33N,77Y,7T,32V,74N,36T,2K,8V,76G,56F,75L
model.000.27.pdb,model.000.23.pdb,57S,73C,40K,26E
model.000.27.pdb,model.000.24.pdb,50N,35E,51K,10K,77Y,61K,7T,63D,46E,48T,58K,56F,75L,101L,34E,73C,72K,32V,36T,49V,2K,6D,8V,59C,33N,62I,60I,76G,74N
model.000.27.pdb,model.000.25.pdb,No common_epitopes
model.000.27.pdb,model.000.26.pdb,6D,2K
model.000.27.pdb,model.000.27.pdb,101L,10K,35E,6D,34E,33N,7T,36T,8V,2K
model.000.27.pdb,model.000.28.pdb,35E,47K,37C,51K,10K,38E,26E,12G,7T,46E,58K,50N,40K,52P,36T,6D,39E,33N,11R,32V,49V,8V
model.000.27.pdb,model.000.29.pdb,No common_epitopes
model.000.28.pdb,model.000.00.pdb,138L,147C,141L,136C,145E,140C,6D,4T,5V,159K,135K,137S,144Q,146T,139K,142K
model.000.28.pdb,model.000.01.pdb,138L,145E,170C,141L,136C,147C,140C,159K,169I,135K,137S,143E,139K,162F,144Q,146T,142K
model.000.28.pdb,model.000.02.pdb,139K,136C,4T,5V,135K,137S,7T,6D
model.000.28.pdb,model.000.03.pdb,No common_epitopes
model.000.28.pdb,model.000.04.pdb,138L,141L,136C,140C,6D,4T,5V,135K,137S,139K
model.000.28.pdb,model.000.05.pdb,No common_epitopes
model.000.28.pdb,model.000.06.pdb,6D,4T,7T,139K
model.000.28.pdb,model.000.07.pdb,No common_epitopes
model.000.28.pdb,model.000.08.pdb,138L,147C,141L,136C,140C,6D,4T,5V,135K,137S,146T,139K
model.000.28.pdb,model.000.09.pdb,138L,147C,141L,136C,145E,140C,6D,159K,169I,135K,137S,170C,139K,162F,144Q,146T,172G,142K,143E
model.000.28.pdb,model.000.10.pdb,No common_epitopes
model.000.28.pdb,model.000.11.pdb,4T,7T,6D
model.000.28.pdb,model.000.12.pdb,138L,141L,136C,6D,4T,5V,135K,137S,7T,139K
model.000.28.pdb,model.000.13.pdb,147C,170C,162F,159K,171T
model.000.28.pdb,model.000.14.pdb,169I
model.000.28.pdb,model.000.15.pdb,138L,139K,136C,4T,5V,135K,137S,6D
model.000.28.pdb,model.000.16.pdb,6D,4T,5V,139K,7T
model.000.28.pdb,model.000.17.pdb,135K
model.000.28.pdb,model.000.18.pdb,138L,145E,170C,141L,140C,6D,5V,169I,7T,143E,144Q,146T,139K,14L,142K
model.000.28.pdb,model.000.19.pdb,145E,141L,140C,6D,4T,5V,169I,170C,143E,139K,14L,142K,7T
model.000.28.pdb,model.000.20.pdb,6D,4T,5V,139K,7T
model.000.28.pdb,model.000.21.pdb,138L,139K,136C,4T,5V,135K,137S,6D
model.000.28.pdb,model.000.22.pdb,6D,4T,7T,139K
model.000.28.pdb,model.000.23.pdb,170C,162F,159K
model.000.28.pdb,model.000.24.pdb,4T,7T,6D
model.000.28.pdb,model.000.25.pdb,138L,147C,141L,136C,145E,140C,159K,135K,137S,162F,144Q,146T,139K,142K
model.000.28.pdb,model.000.26.pdb,138L,141L,136C,140C,6D,4T,5V,135K,137S,139K
model.000.28.pdb,model.000.27.pdb,6D,4T,5V,139K,7T
model.000.28.pdb,model.000.28.pdb,145E,141L,140C,6D,4T,5V,169I,7T,143E,139K,14L,142K
model.000.28.pdb,model.000.29.pdb,No common_epitopes
model.000.29.pdb,model.000.00.pdb,145E,6D,139K,144Q,141L,142K
model.000.29.pdb,model.000.01.pdb,170C,145E,141L,169I,143E,144Q,139K,142K
model.000.29.pdb,model.000.02.pdb,6D,139K
model.000.29.pdb,model.000.03.pdb,24K
model.000.29.pdb,model.000.04.pdb,6D,139K,141L
model.000.29.pdb,model.000.05.pdb,25C,29L,24K,26E
model.000.29.pdb,model.000.06.pdb,10K,51K,139K,38E,9C,11R,6D,36T,8V,37C
model.000.29.pdb,model.000.07.pdb,25C,29L,24K
model.000.29.pdb,model.000.08.pdb,6D,139K,141L
model.000.29.pdb,model.000.09.pdb,170C,145E,141L,6D,169I,143E,139K,144Q,158C,172G,142K
model.000.29.pdb,model.000.10.pdb,No common_epitopes
model.000.29.pdb,model.000.11.pdb,10K,51K,6D,38E,9C,11R,36T,8V,37C
model.000.29.pdb,model.000.12.pdb,6D,139K,141L
model.000.29.pdb,model.000.13.pdb,29L,26E,171T,25C,24K,170C,163I,158C,164I
model.000.29.pdb,model.000.14.pdb,29L,38E,26E,51K,169I,39E,11R,163I,164I
model.000.29.pdb,model.000.15.pdb,6D,139K
model.000.29.pdb,model.000.16.pdb,10K,51K,139K,38E,39E,9C,6D,36T,8V,37C
model.000.29.pdb,model.000.17.pdb,No common_epitopes
model.000.29.pdb,model.000.18.pdb,145E,51K,141L,37C,170C,142K,10K,38E,26E,12G,9C,14L,139K,169I,144Q,36T,6D,13F,39E,143E,11R,8V
model.000.29.pdb,model.000.19.pdb,145E,141L,13F,26E,12G,10K,9C,169I,170C,143E,11R,6D,139K,14L,8V,142K
model.000.29.pdb,model.000.20.pdb,10K,6D,9C,139K,36T,8V
model.000.29.pdb,model.000.21.pdb,6D,139K
model.000.29.pdb,model.000.22.pdb,6D,10K,36T,139K,8V
model.000.29.pdb,model.000.23.pdb,13F,26E,25C,24K,170C,163I,158C,164I
model.000.29.pdb,model.000.24.pdb,10K,51K,6D,9C,36T,8V
model.000.29.pdb,model.000.25.pdb,145E,141L,144Q,158C,139K,142K
model.000.29.pdb,model.000.26.pdb,6D,139K,141L
model.000.29.pdb,model.000.27.pdb,10K,6D,9C,139K,36T,8V
model.000.29.pdb,model.000.28.pdb,145E,51K,141L,38E,26E,10K,6D,37C,12G,169I,39E,143E,11R,8V,139K,36T,142K,9C,14L
model.000.29.pdb,model.000.29.pdb,24K
