6azz,6phf,Common_Epitopes
model.000.00.pdb,model.000.00.pdb,No common_epitopes
model.000.00.pdb,model.000.01.pdb,104S,107V,86P,77Y,87N,102D,88E,106P,108K,76G,105N,75L
model.000.00.pdb,model.000.02.pdb,80V,81N
model.000.00.pdb,model.000.03.pdb,104S,109T,107V,106P,102D,111V,108K,105N
model.000.00.pdb,model.000.04.pdb,104S,109T,123Q,122V,106P,111V,102D,127K,126N,125Q,112C,121N,105N,124D
model.000.00.pdb,model.000.05.pdb,80V,81N
model.000.00.pdb,model.000.06.pdb,No common_epitopes
model.000.00.pdb,model.000.07.pdb,104S,109T,123Q,122V,107V,106P,102D,126N,111V,112C,121N,105N
model.000.00.pdb,model.000.08.pdb,No common_epitopes
model.000.00.pdb,model.000.09.pdb,124D,81N,80V,127K,99C,125Q,94C,92V,93T
model.000.00.pdb,model.000.10.pdb,No common_epitopes
model.000.00.pdb,model.000.11.pdb,No common_epitopes
model.000.00.pdb,model.000.12.pdb,No common_epitopes
model.000.00.pdb,model.000.13.pdb,104S,109T,107V,106P,77Y,87N,102D,88E,90K,108K,76G,105N,75L
model.000.00.pdb,model.000.14.pdb,104S,110G,124D,106P,125Q,78D,90K,94C,92V,109T,123Q,77Y,89C,127K,86P,121N,75L,107V,87N,111V,91Q,105N,93T,122V,126N,88E,112C,108K,76G
model.000.00.pdb,model.000.15.pdb,104S,110G,124D,122V,107V,106P,88E,125Q,102D,127K,105N,126N,111V,109T,108K,112C,121N,92V,123Q
model.000.00.pdb,model.000.16.pdb,No common_epitopes
model.000.00.pdb,model.000.17.pdb,124D,81N,127K,125Q,90K,121N,94C,93T
model.000.00.pdb,model.000.18.pdb,78D,90K,80V,81N,93T
model.000.00.pdb,model.000.19.pdb,81N
model.000.00.pdb,model.000.20.pdb,77Y,75L
model.000.00.pdb,model.000.21.pdb,104S,110G,123Q,122V,111V,102D,126N,109T,112C,121N,105N
model.000.00.pdb,model.000.22.pdb,104S,109T,123Q,122V,102D,126N,111V,112C,121N,105N,124D
model.000.00.pdb,model.000.23.pdb,124D,81N,91Q,127K,80V,89C,99C,125Q,90K,112C,121N,94C,92V,93T
model.000.00.pdb,model.000.24.pdb,124D,81N,127K,99C,90K,91Q,94C,92V,93T
model.000.00.pdb,model.000.25.pdb,124D,81N,80V,127K,99C,125Q,121N,94C,92V,93T
model.000.00.pdb,model.000.26.pdb,81N,80V,99C,91Q,94C,92V,93T
model.000.00.pdb,model.000.27.pdb,No common_epitopes
model.000.00.pdb,model.000.28.pdb,104S,110G,122V,108K,111V,102D,126N,109T,112C,121N,105N
model.000.00.pdb,model.000.29.pdb,107V,86P,77Y,87N,102D,89C,88E,106P,90K,108K,76G,105N,75L
model.000.01.pdb,model.000.00.pdb,138L,139K,136C,140C,4T,5V,134T,135K,137S,133E,6D,21L,16Q
model.000.01.pdb,model.000.01.pdb,104S,107V,4T,3V,102D,103T,105N,2K
model.000.01.pdb,model.000.02.pdb,No common_epitopes
model.000.01.pdb,model.000.03.pdb,104S,138L,136C,5V,3V,102D,109T,135K,140C,105N,133E,20H,16Q,139K,107V,4T,119V,18S,137S,111V,19G,103T,2K,17M,6D,134T,120P,21L
model.000.01.pdb,model.000.04.pdb,104S,136C,5V,3V,102D,109T,123Q,135K,131D,103T,133E,20H,121N,16Q,132G,139K,4T,119V,18S,137S,111V,19G,105N,2K,122V,6D,134T,120P,126N,21L,112C,130K
model.000.01.pdb,model.000.05.pdb,117G,133E,131D,118K
model.000.01.pdb,model.000.06.pdb,138L,139K,140C,4T,5V,6D,2K
model.000.01.pdb,model.000.07.pdb,104S,5V,3V,102D,118K,109T,123Q,135K,131D,103T,133E,20H,121N,16Q,132G,139K,107V,4T,119V,18S,137S,111V,19G,105N,2K,122V,17M,6D,134T,120P,114C,126N,21L,112C,130K
model.000.01.pdb,model.000.08.pdb,138L,140C,5V,139K,6D
model.000.01.pdb,model.000.09.pdb,117G,18S,131D,118K,114C
model.000.01.pdb,model.000.10.pdb,140C
model.000.01.pdb,model.000.11.pdb,117G,136C,134T,119V,135K,137S,131D,118K,133E,130K,132G
model.000.01.pdb,model.000.12.pdb,138L,117G,139K,136C,140C,134T,119V,135K,137S,131D,118K,133E,6D,130K,132G
model.000.01.pdb,model.000.13.pdb,104S,109T,107V,4T,3V,102D,103T,105N,2K
model.000.01.pdb,model.000.14.pdb,104S,109T,123Q,122V,107V,120P,126N,111V,112C,121N,105N
model.000.01.pdb,model.000.15.pdb,104S,109T,17M,21L,123Q,18S,107V,126N,134T,120P,102D,103T,111V,20H,19G,112C,121N,16Q,105N,122V
model.000.01.pdb,model.000.16.pdb,No common_epitopes
model.000.01.pdb,model.000.17.pdb,131D,121N,118K
model.000.01.pdb,model.000.18.pdb,No common_epitopes
model.000.01.pdb,model.000.19.pdb,No common_epitopes
model.000.01.pdb,model.000.20.pdb,6D,4T,5V,3V,139K,2K
model.000.01.pdb,model.000.21.pdb,104S,138L,136C,5V,3V,102D,109T,123Q,135K,131D,103T,133E,20H,121N,16Q,132G,139K,4T,119V,18S,137S,111V,19G,105N,2K,122V,6D,134T,120P,114C,126N,21L,112C,130K
model.000.01.pdb,model.000.22.pdb,104S,136C,5V,3V,102D,118K,109T,123Q,135K,131D,103T,133E,20H,121N,16Q,132G,139K,4T,119V,18S,137S,111V,19G,105N,2K,122V,17M,6D,134T,120P,114C,126N,21L,112C,130K
model.000.01.pdb,model.000.23.pdb,112C,121N,118K,130K
model.000.01.pdb,model.000.24.pdb,135K,17M,136C,134T,117G,131D,118K,133E,130K,132G
model.000.01.pdb,model.000.25.pdb,17M,117G,131D,118K,121N,130K
model.000.01.pdb,model.000.26.pdb,118K
model.000.01.pdb,model.000.27.pdb,No common_epitopes
model.000.01.pdb,model.000.28.pdb,104S,138L,136C,5V,102D,118K,109T,135K,131D,105N,133E,20H,121N,16Q,132G,139K,4T,119V,18S,137S,111V,19G,103T,2K,122V,17M,134T,120P,126N,21L,112C,130K
model.000.01.pdb,model.000.29.pdb,6D,107V,4T,3V,102D,103T,105N,2K
model.000.02.pdb,model.000.00.pdb,No common_epitopes
model.000.02.pdb,model.000.01.pdb,57S
model.000.02.pdb,model.000.02.pdb,29L,82N,53C,151D,153I,84C,24K,80V,42L,26E,30V,115N,152G,83V,54G,81N,40K,28D,97G,150V,79M,95G,57S,25C,27N,15I,55D
model.000.02.pdb,model.000.03.pdb,98K
model.000.02.pdb,model.000.04.pdb,131D,124D,127K,125Q,130K,121N,123Q
model.000.02.pdb,model.000.05.pdb,29L,82N,151D,153I,84C,24K,96N,80V,26E,30V,115N,131D,152G,83V,42L,81N,40K,28D,150V,95G,25C,27N,55D,118K
model.000.02.pdb,model.000.06.pdb,27N,26E
model.000.02.pdb,model.000.07.pdb,123Q,131D,118K,128C,121N,130K
model.000.02.pdb,model.000.08.pdb,25C,29L,40K,27N,26E
model.000.02.pdb,model.000.09.pdb,29L,82N,53C,124D,151D,127K,84C,24K,128C,96N,80V,92V,42L,26E,30V,94C,115N,131D,99C,152G,83V,54G,81N,40K,28D,97G,125Q,129S,85I,95G,93T,25C,27N,98K,55D,118K
model.000.02.pdb,model.000.10.pdb,29L,42L,26E,25C,40K,28D,27N
model.000.02.pdb,model.000.11.pdb,152G,151D,153I,115N,131D,150V,118K,96N,130K
model.000.02.pdb,model.000.12.pdb,131D,118K,130K
model.000.02.pdb,model.000.13.pdb,57S,90K
model.000.02.pdb,model.000.14.pdb,124D,91Q,127K,89C,128C,125Q,90K,93T,121N,94C,92V,123Q
model.000.02.pdb,model.000.15.pdb,124D,127K,125Q,121N,92V,123Q
model.000.02.pdb,model.000.16.pdb,29L,152G,42L,26E,151D,40K,28D,24K,150V,27N,25C
model.000.02.pdb,model.000.17.pdb,29L,82N,53C,124D,151D,153I,84C,24K,128C,90K,96N,94C,42L,131D,26E,30V,115N,127K,121N,152G,83V,54G,81N,40K,28D,97G,150V,125Q,129S,79M,95G,93T,57S,25C,27N,55D,118K
model.000.02.pdb,model.000.18.pdb,29L,82N,53C,151D,153I,84C,24K,90K,96N,80V,54G,26E,30V,115N,152G,83V,42L,81N,40K,28D,97G,150V,79M,95G,93T,57S,25C,27N,55D
model.000.02.pdb,model.000.19.pdb,29L,82N,53C,54G,26E,57S,151D,40K,28D,153I,27N,42L,55D,84C,30V,25C,150V,83V,79M,81N,24K
model.000.02.pdb,model.000.20.pdb,29L,40K,42L,26E
model.000.02.pdb,model.000.21.pdb,131D,121N,123Q,130K
model.000.02.pdb,model.000.22.pdb,123Q,131D,118K,129S,130K,121N,124D
model.000.02.pdb,model.000.23.pdb,29L,82N,53C,124D,151D,127K,153I,84C,30V,128C,90K,96N,94C,92V,54G,26E,24K,80V,115N,89C,99C,121N,152G,83V,42L,81N,40K,28D,97G,150V,125Q,129S,79M,91Q,85I,95G,93T,25C,27N,98K,118K,55D,130K
model.000.02.pdb,model.000.24.pdb,82N,124D,151D,127K,153I,118K,128C,90K,96N,94C,92V,24K,115N,131D,99C,152G,83V,81N,97G,150V,129S,91Q,95G,93T,98K,130K
model.000.02.pdb,model.000.25.pdb,82N,124D,151D,127K,153I,118K,128C,96N,94C,92V,24K,80V,115N,131D,99C,121N,152G,83V,81N,40K,28D,97G,150V,125Q,129S,95G,93T,25C,27N,98K,130K
model.000.02.pdb,model.000.26.pdb,29L,82N,151D,153I,84C,24K,128C,96N,94C,92V,54G,26E,30V,80V,115N,99C,152G,83V,42L,81N,40K,28D,97G,150V,79M,91Q,85I,95G,93T,57S,25C,27N,98K,55D,118K
model.000.02.pdb,model.000.27.pdb,29L,40K,42L,26E
model.000.02.pdb,model.000.28.pdb,131D,121N,118K,130K
model.000.02.pdb,model.000.29.pdb,90K,89C
model.000.03.pdb,model.000.00.pdb,No common_epitopes
model.000.03.pdb,model.000.01.pdb,104S,101L,35E,106P,37C,3V,102D,51K,10K,38E,77Y,61K,105N,46E,58K,56F,75L,50N,34E,73C,107V,72K,32V,36T,103T,2K,39E,57S,108K,59C,33N,88E,52P,49V,60I,76G,74N
model.000.03.pdb,model.000.02.pdb,29L,57S,47K,37C,59C,31L,48T,45D,56F
model.000.03.pdb,model.000.03.pdb,104S,101L,8V,34E,107V,106P,3V,102D,105N,108K,103T,2K
model.000.03.pdb,model.000.04.pdb,104S,101L,106P,3V,102D,103T,105N,2K
model.000.03.pdb,model.000.05.pdb,29L,31L
model.000.03.pdb,model.000.06.pdb,10K,35E,11R,8V,2K
model.000.03.pdb,model.000.07.pdb,104S,101L,34E,107V,106P,3V,102D,105N,103T,2K
model.000.03.pdb,model.000.08.pdb,10K,51K,38E,39E,47K,37C,29L,11R,36T,8V
model.000.03.pdb,model.000.09.pdb,29L,31L
model.000.03.pdb,model.000.10.pdb,10K,51K,39E,47K,37C,29L,52P,11R,36T,8V
model.000.03.pdb,model.000.11.pdb,No common_epitopes
model.000.03.pdb,model.000.12.pdb,No common_epitopes
model.000.03.pdb,model.000.13.pdb,104S,101L,35E,106P,3V,102D,51K,10K,38E,77Y,61K,105N,58K,56F,75L,50N,34E,73C,107V,72K,32V,36T,103T,2K,57S,108K,33N,88E,52P,49V,60I,76G,74N
model.000.03.pdb,model.000.14.pdb,104S,101L,107V,106P,77Y,88E,108K,76G,105N,75L
model.000.03.pdb,model.000.15.pdb,104S,107V,106P,102D,105N,88E,108K,103T
model.000.03.pdb,model.000.16.pdb,29L,38E,39E,11R
model.000.03.pdb,model.000.17.pdb,57S,29L,69Y,31L
model.000.03.pdb,model.000.18.pdb,29L,57S,47K,69Y,73C,72K,59C,31L,48T,45D,58K
model.000.03.pdb,model.000.19.pdb,29L,39E,57S,47K,11R,48T,45D
model.000.03.pdb,model.000.20.pdb,35E,37C,51K,10K,38E,77Y,58K,56F,75L,50N,34E,29L,3V,32V,36T,2K,39E,33N,11R,52P,49V,8V,74N
model.000.03.pdb,model.000.21.pdb,104S,101L,3V,102D,103T,105N,2K
model.000.03.pdb,model.000.22.pdb,104S,34E,3V,102D,105N,103T,2K
model.000.03.pdb,model.000.23.pdb,29L,56F,31L
model.000.03.pdb,model.000.24.pdb,No common_epitopes
model.000.03.pdb,model.000.25.pdb,No common_epitopes
model.000.03.pdb,model.000.26.pdb,57S,29L,56F,31L
model.000.03.pdb,model.000.27.pdb,29L,38E,39E,47K,51K,59C,52P,11R,46E,48T,45D
model.000.03.pdb,model.000.28.pdb,104S,101L,102D,103T,108K,105N,2K
model.000.03.pdb,model.000.29.pdb,101L,51K,106P,3V,102D,10K,77Y,35E,61K,103T,58K,56F,75L,50N,34E,107V,52P,36T,105N,2K,108K,33N,88E,32V,49V,8V,76G,74N
model.000.04.pdb,model.000.00.pdb,138L,147C,141L,136C,145E,140C,6D,4T,5V,134T,159K,135K,137S,144Q,146T,133E,139K,142K,21L,16Q
model.000.04.pdb,model.000.01.pdb,104S,4T,7T,3V,105N
model.000.04.pdb,model.000.02.pdb,No common_epitopes
model.000.04.pdb,model.000.03.pdb,104S,138L,141L,136C,100I,5V,3V,113S,135K,7T,133E,20H,16Q,139K,140C,4T,119V,18S,137S,19G,105N,17M,6D,134T,120P,21L
model.000.04.pdb,model.000.04.pdb,104S,136C,100I,5V,3V,7T,113S,135K,131D,133E,20H,16Q,126N,139K,4T,119V,18S,137S,21L,105N,6D,134T,120P,132G,19G,112C,130K
model.000.04.pdb,model.000.05.pdb,133E,147C,131D,160D,159K
model.000.04.pdb,model.000.06.pdb,138L,145E,141L,140C,6D,4T,5V,159K,7T,143E,144Q,139K,142K
model.000.04.pdb,model.000.07.pdb,104S,100I,5V,3V,7T,113S,135K,131D,133E,20H,16Q,126N,139K,4T,119V,18S,137S,21L,105N,17M,6D,134T,120P,114C,132G,19G,112C,130K
model.000.04.pdb,model.000.08.pdb,138L,145E,141L,140C,6D,5V,7T,143E,144Q,146T,139K,142K
model.000.04.pdb,model.000.09.pdb,18S,131D,114C
model.000.04.pdb,model.000.10.pdb,145E,141L,140C,7T,143E,144Q,146T,142K
model.000.04.pdb,model.000.11.pdb,147C,136C,134T,159K,119V,135K,137S,131D,132G,133E,146T,160D,130K
model.000.04.pdb,model.000.12.pdb,138L,147C,141L,136C,145E,140C,6D,134T,159K,119V,135K,137S,131D,132G,144Q,146T,133E,139K,142K,160D,130K
model.000.04.pdb,model.000.13.pdb,104S,4T,7T,3V,105N
model.000.04.pdb,model.000.14.pdb,104S,112C,120P,105N,126N
model.000.04.pdb,model.000.15.pdb,104S,17M,21L,100I,113S,134T,120P,18S,126N,20H,19G,112C,16Q,105N
model.000.04.pdb,model.000.16.pdb,146T,160D,159K
model.000.04.pdb,model.000.17.pdb,131D
model.000.04.pdb,model.000.18.pdb,No common_epitopes
model.000.04.pdb,model.000.19.pdb,No common_epitopes
model.000.04.pdb,model.000.20.pdb,6D,4T,5V,3V,7T,139K
model.000.04.pdb,model.000.21.pdb,104S,138L,136C,100I,5V,3V,7T,113S,135K,131D,133E,20H,16Q,126N,139K,4T,119V,18S,137S,19G,105N,6D,134T,120P,114C,132G,21L,112C,130K
model.000.04.pdb,model.000.22.pdb,104S,136C,100I,5V,3V,113S,135K,131D,133E,20H,16Q,126N,139K,4T,119V,18S,137S,21L,105N,17M,6D,134T,120P,114C,132G,19G,112C,130K
model.000.04.pdb,model.000.23.pdb,112C,130K
model.000.04.pdb,model.000.24.pdb,147C,17M,136C,134T,159K,135K,131D,132G,133E,160D,130K
model.000.04.pdb,model.000.25.pdb,17M,131D,160D,159K,130K
model.000.04.pdb,model.000.26.pdb,160D,159K
model.000.04.pdb,model.000.27.pdb,No common_epitopes
model.000.04.pdb,model.000.28.pdb,104S,138L,136C,100I,5V,113S,135K,131D,133E,20H,16Q,132G,139K,4T,119V,18S,137S,19G,105N,17M,134T,120P,126N,21L,112C,130K
model.000.04.pdb,model.000.29.pdb,4T,7T,6D,3V,105N
model.000.05.pdb,model.000.00.pdb,138L,139K,136C,4T,5V,134T,135K,137S,133E,6D,21L,16Q
model.000.05.pdb,model.000.01.pdb,4T,3V
model.000.05.pdb,model.000.02.pdb,No common_epitopes
model.000.05.pdb,model.000.03.pdb,138L,17M,120P,139K,136C,6D,4T,5V,134T,3V,119V,135K,18S,137S,133E,20H,21L,19G,16Q
model.000.05.pdb,model.000.04.pdb,124D,5V,3V,136C,123Q,135K,131D,133E,20H,121N,16Q,132G,139K,4T,119V,18S,137S,125Q,19G,122V,6D,134T,120P,126N,21L,130K
model.000.05.pdb,model.000.05.pdb,117G,133E,131D,118K,116I
model.000.05.pdb,model.000.06.pdb,138L,6D,4T,5V,139K
model.000.05.pdb,model.000.07.pdb,5V,3V,118K,123Q,135K,131D,133E,20H,121N,16Q,132G,139K,4T,119V,18S,137S,19G,122V,17M,6D,134T,120P,114C,126N,21L,130K
model.000.05.pdb,model.000.08.pdb,138L,6D,5V,139K
model.000.05.pdb,model.000.09.pdb,124D,114C,117G,18S,131D,118K,125Q,116I
model.000.05.pdb,model.000.10.pdb,No common_epitopes
model.000.05.pdb,model.000.11.pdb,117G,136C,134T,119V,135K,137S,131D,118K,133E,130K,116I,132G
model.000.05.pdb,model.000.12.pdb,138L,117G,139K,136C,134T,119V,135K,137S,131D,118K,133E,6D,130K,116I,132G
model.000.05.pdb,model.000.13.pdb,4T,3V
model.000.05.pdb,model.000.14.pdb,122V,123Q,120P,126N,125Q,121N,124D
model.000.05.pdb,model.000.15.pdb,122V,17M,21L,124D,134T,120P,18S,126N,125Q,20H,19G,121N,16Q,123Q
model.000.05.pdb,model.000.16.pdb,No common_epitopes
model.000.05.pdb,model.000.17.pdb,131D,121N,118K,125Q,124D
model.000.05.pdb,model.000.18.pdb,No common_epitopes
model.000.05.pdb,model.000.19.pdb,No common_epitopes
model.000.05.pdb,model.000.20.pdb,6D,4T,5V,139K,3V
model.000.05.pdb,model.000.21.pdb,138L,136C,5V,3V,123Q,135K,131D,133E,20H,121N,16Q,132G,139K,4T,119V,18S,137S,19G,122V,6D,134T,120P,114C,126N,21L,130K
model.000.05.pdb,model.000.22.pdb,124D,5V,3V,118K,136C,123Q,135K,131D,133E,20H,121N,16Q,132G,139K,4T,119V,18S,137S,19G,122V,17M,6D,134T,120P,114C,126N,21L,130K
model.000.05.pdb,model.000.23.pdb,130K,125Q,121N,118K,124D
model.000.05.pdb,model.000.24.pdb,135K,17M,124D,132G,134T,117G,131D,118K,133E,130K,116I,136C
model.000.05.pdb,model.000.25.pdb,17M,124D,117G,131D,118K,125Q,121N,116I,130K
model.000.05.pdb,model.000.26.pdb,118K
model.000.05.pdb,model.000.27.pdb,No common_epitopes
model.000.05.pdb,model.000.28.pdb,138L,136C,5V,118K,135K,131D,133E,20H,121N,16Q,126N,139K,4T,119V,18S,137S,19G,122V,17M,134T,120P,132G,21L,130K
model.000.05.pdb,model.000.29.pdb,4T,6D,3V
model.000.06.pdb,model.000.00.pdb,6D
model.000.06.pdb,model.000.01.pdb,104S,101L,35E,106P,37C,51K,102D,10K,38E,77Y,61K,7T,63D,105N,46E,58K,56F,75L,50N,34E,73C,107V,72K,32V,36T,103T,2K,39E,108K,59C,33N,52P,49V,60I,76G,74N
model.000.06.pdb,model.000.02.pdb,37C,59C,56F,31L
model.000.06.pdb,model.000.03.pdb,104S,109T,6D,8V,34E,107V,106P,101L,102D,7T,105N,108K,103T,2K
model.000.06.pdb,model.000.04.pdb,104S,109T,6D,106P,101L,102D,7T,103T,105N,2K
model.000.06.pdb,model.000.05.pdb,31L
model.000.06.pdb,model.000.06.pdb,10K,35E,6D,9C,7T,11R,8V,2K
model.000.06.pdb,model.000.07.pdb,104S,109T,6D,34E,107V,106P,101L,102D,7T,105N,103T,2K
model.000.06.pdb,model.000.08.pdb,10K,51K,6D,38E,39E,9C,7T,11R,36T,8V,37C
model.000.06.pdb,model.000.09.pdb,31L
model.000.06.pdb,model.000.10.pdb,10K,51K,39E,9C,7T,52P,11R,36T,8V,37C
model.000.06.pdb,model.000.11.pdb,No common_epitopes
model.000.06.pdb,model.000.12.pdb,6D
model.000.06.pdb,model.000.13.pdb,104S,101L,35E,106P,51K,102D,109T,10K,38E,77Y,61K,7T,63D,105N,58K,56F,75L,50N,34E,73C,107V,72K,32V,36T,49V,103T,2K,108K,33N,52P,62I,60I,76G,74N
model.000.06.pdb,model.000.14.pdb,104S,101L,107V,106P,77Y,109T,108K,76G,105N,75L
model.000.06.pdb,model.000.15.pdb,104S,109T,107V,106P,102D,103T,108K,105N
model.000.06.pdb,model.000.16.pdb,38E,39E,11R
model.000.06.pdb,model.000.17.pdb,70A,31L
model.000.06.pdb,model.000.18.pdb,73C,72K,58K,59C,31L,62I,70A
model.000.06.pdb,model.000.19.pdb,39E,11R
model.000.06.pdb,model.000.20.pdb,35E,37C,51K,10K,38E,9C,77Y,7T,58K,56F,75L,50N,34E,32V,36T,2K,6D,39E,33N,11R,52P,49V,8V,74N
model.000.06.pdb,model.000.21.pdb,104S,101L,6D,102D,7T,105N,109T,103T,2K
model.000.06.pdb,model.000.22.pdb,104S,34E,6D,102D,105N,109T,103T,2K
model.000.06.pdb,model.000.23.pdb,56F,31L
model.000.06.pdb,model.000.24.pdb,No common_epitopes
model.000.06.pdb,model.000.25.pdb,No common_epitopes
model.000.06.pdb,model.000.26.pdb,56F,31L
model.000.06.pdb,model.000.27.pdb,51K,38E,39E,59C,52P,11R,46E
model.000.06.pdb,model.000.28.pdb,104S,101L,102D,103T,109T,108K,105N,2K
model.000.06.pdb,model.000.29.pdb,101L,51K,106P,35E,102D,10K,77Y,61K,7T,103T,58K,56F,75L,50N,34E,107V,52P,36T,105N,2K,6D,108K,33N,32V,49V,8V,76G,74N
model.000.07.pdb,model.000.00.pdb,No common_epitopes
model.000.07.pdb,model.000.01.pdb,50N,51K,38E,39E,52P,32V,49V,58K
model.000.07.pdb,model.000.02.pdb,29L,43K,26E,47K,40K,28D,27N,41V,45D,44C,48T,164I,42L
model.000.07.pdb,model.000.03.pdb,No common_epitopes
model.000.07.pdb,model.000.04.pdb,No common_epitopes
model.000.07.pdb,model.000.05.pdb,29L,42L,26E,40K,28D,27N,164I
model.000.07.pdb,model.000.06.pdb,26E,12G,27N,169I,11R,164I
model.000.07.pdb,model.000.07.pdb,No common_epitopes
model.000.07.pdb,model.000.08.pdb,51K,38E,26E,12G,47K,40K,29L,27N,169I,39E,41V,11R,164I
model.000.07.pdb,model.000.09.pdb,29L,43K,26E,40K,28D,27N,41V,44C,42L
model.000.07.pdb,model.000.10.pdb,51K,42L,26E,12G,47K,40K,29L,27N,28D,39E,41V,52P,11R,169I,164I
model.000.07.pdb,model.000.11.pdb,No common_epitopes
model.000.07.pdb,model.000.12.pdb,No common_epitopes
model.000.07.pdb,model.000.13.pdb,50N,51K,38E,32V,52P,49V,58K
model.000.07.pdb,model.000.14.pdb,No common_epitopes
model.000.07.pdb,model.000.15.pdb,No common_epitopes
model.000.07.pdb,model.000.16.pdb,29L,43K,26E,40K,28D,27N,169I,39E,41V,42L,11R,164I,38E
model.000.07.pdb,model.000.17.pdb,29L,43K,26E,40K,28D,27N,41V,44C,42L
model.000.07.pdb,model.000.18.pdb,29L,43K,26E,47K,40K,28D,27N,41V,44C,48T,45D,58K,42L
model.000.07.pdb,model.000.19.pdb,29L,43K,26E,47K,40K,28D,27N,39E,41V,45D,11R,44C,48T,164I,42L
model.000.07.pdb,model.000.20.pdb,50N,51K,38E,26E,12G,40K,29L,39E,41V,52P,11R,32V,49V,58K,42L
model.000.07.pdb,model.000.21.pdb,No common_epitopes
model.000.07.pdb,model.000.22.pdb,No common_epitopes
model.000.07.pdb,model.000.23.pdb,29L,43K,26E,40K,28D,27N,42L
model.000.07.pdb,model.000.24.pdb,164I
model.000.07.pdb,model.000.25.pdb,40K,164I,28D,27N
model.000.07.pdb,model.000.26.pdb,29L,42L,26E,40K,28D,27N,164I
model.000.07.pdb,model.000.27.pdb,29L,43K,26E,47K,40K,51K,42L,39E,41V,52P,11R,44C,48T,45D,38E
model.000.07.pdb,model.000.28.pdb,No common_epitopes
model.000.07.pdb,model.000.29.pdb,50N,51K,32V,52P,49V,58K
model.000.08.pdb,model.000.00.pdb,No common_epitopes
model.000.08.pdb,model.000.01.pdb,35E,37C,51K,10K,38E,77Y,61K,63D,46E,58K,75L,50N,34E,52P,36T,39E,59C,33N,32V,49V,60I,76G,74N
model.000.08.pdb,model.000.02.pdb,29L,26E,47K,37C,40K,59C,41V,48T
model.000.08.pdb,model.000.03.pdb,34E,8V
model.000.08.pdb,model.000.04.pdb,No common_epitopes
model.000.08.pdb,model.000.05.pdb,29L,40K,26E
model.000.08.pdb,model.000.06.pdb,10K,35E,26E,12G,9C,11R,8V
model.000.08.pdb,model.000.07.pdb,34E
model.000.08.pdb,model.000.08.pdb,10K,29L,38E,26E,12G,47K,37C,40K,51K,39E,41V,11R,36T,8V,9C
model.000.08.pdb,model.000.09.pdb,29L,40K,41V,26E
model.000.08.pdb,model.000.10.pdb,10K,51K,39E,26E,12G,47K,37C,40K,29L,41V,52P,11R,36T,8V,9C
model.000.08.pdb,model.000.11.pdb,No common_epitopes
model.000.08.pdb,model.000.12.pdb,No common_epitopes
model.000.08.pdb,model.000.13.pdb,50N,10K,35E,52P,38E,34E,77Y,51K,76G,62I,61K,33N,63D,74N,32V,36T,60I,58K,49V,75L
model.000.08.pdb,model.000.14.pdb,77Y,76G,75L
model.000.08.pdb,model.000.15.pdb,No common_epitopes
model.000.08.pdb,model.000.16.pdb,29L,26E,39E,40K,41V,11R,38E
model.000.08.pdb,model.000.17.pdb,29L,69Y,40K,41V,26E
model.000.08.pdb,model.000.18.pdb,29L,26E,47K,67V,69Y,40K,59C,41V,62I,48T,58K
model.000.08.pdb,model.000.19.pdb,29L,39E,26E,47K,40K,41V,11R,48T
model.000.08.pdb,model.000.20.pdb,35E,37C,51K,41V,10K,38E,26E,12G,9C,77Y,58K,75L,50N,34E,29L,40K,32V,36T,39E,33N,11R,52P,49V,8V,74N
model.000.08.pdb,model.000.21.pdb,No common_epitopes
model.000.08.pdb,model.000.22.pdb,34E
model.000.08.pdb,model.000.23.pdb,29L,40K,26E
model.000.08.pdb,model.000.24.pdb,No common_epitopes
model.000.08.pdb,model.000.25.pdb,40K
model.000.08.pdb,model.000.26.pdb,29L,40K,26E
model.000.08.pdb,model.000.27.pdb,29L,39E,26E,47K,40K,51K,59C,41V,11R,46E,52P,48T,38E
model.000.08.pdb,model.000.28.pdb,No common_epitopes
model.000.08.pdb,model.000.29.pdb,50N,10K,51K,49V,34E,77Y,35E,76G,61K,33N,52P,32V,36T,8V,58K,74N,75L
model.000.09.pdb,model.000.00.pdb,138L,147C,141L,136C,145E,140C,6D,5V,159K,135K,148K,137S,144Q,146T,139K,142K,16Q
model.000.09.pdb,model.000.01.pdb,7T
model.000.09.pdb,model.000.02.pdb,148K,158C,162F
model.000.09.pdb,model.000.03.pdb,138L,141L,136C,140C,6D,5V,135K,137S,7T,139K,8V,16Q
model.000.09.pdb,model.000.04.pdb,139K,136C,5V,135K,137S,7T,6D,16Q
model.000.09.pdb,model.000.05.pdb,147C,148K,159K,162F,158C,160D
model.000.09.pdb,model.000.06.pdb,138L,145E,141L,8V,140C,6D,9C,5V,159K,169I,143E,144Q,139K,14L,142K,7T
model.000.09.pdb,model.000.07.pdb,139K,5V,135K,137S,7T,6D,16Q
model.000.09.pdb,model.000.08.pdb,138L,145E,141L,8V,140C,6D,9C,5V,169I,143E,139K,144Q,146T,158C,14L,142K,7T
model.000.09.pdb,model.000.09.pdb,No common_epitopes
model.000.09.pdb,model.000.10.pdb,145E,141L,140C,8V,9C,169I,143E,144Q,146T,14L,142K,7T
model.000.09.pdb,model.000.11.pdb,147C,136C,148K,159K,135K,137S,162F,146T,158C,160D
model.000.09.pdb,model.000.12.pdb,138L,145E,141L,136C,147C,140C,6D,159K,135K,148K,137S,162F,144Q,146T,139K,142K,160D
model.000.09.pdb,model.000.13.pdb,7T
model.000.09.pdb,model.000.14.pdb,No common_epitopes
model.000.09.pdb,model.000.15.pdb,16Q
model.000.09.pdb,model.000.16.pdb,148K,159K,169I,162F,146T,158C,160D
model.000.09.pdb,model.000.17.pdb,No common_epitopes
model.000.09.pdb,model.000.18.pdb,No common_epitopes
model.000.09.pdb,model.000.19.pdb,158C,162F
model.000.09.pdb,model.000.20.pdb,6D,9C,5V,7T,139K,8V
model.000.09.pdb,model.000.21.pdb,138L,139K,136C,5V,135K,137S,7T,6D,16Q
model.000.09.pdb,model.000.22.pdb,139K,136C,5V,135K,137S,6D,16Q
model.000.09.pdb,model.000.23.pdb,No common_epitopes
model.000.09.pdb,model.000.24.pdb,147C,136C,148K,159K,135K,162F,158C,160D
model.000.09.pdb,model.000.25.pdb,148K,158C,162F,159K,160D
model.000.09.pdb,model.000.26.pdb,148K,158C,162F,159K,160D
model.000.09.pdb,model.000.27.pdb,No common_epitopes
model.000.09.pdb,model.000.28.pdb,138L,139K,136C,5V,135K,137S,16Q
model.000.09.pdb,model.000.29.pdb,8V,7T,6D
model.000.10.pdb,model.000.00.pdb,No common_epitopes
model.000.10.pdb,model.000.01.pdb,57S,73C,39E
model.000.10.pdb,model.000.02.pdb,29L,82N,53C,43K,47K,153I,157D,41V,84C,30V,155K,54G,26E,24K,115N,151D,44C,71C,152G,83V,42L,81N,40K,28D,150V,79M,57S,25C,27N,55D,45D
model.000.10.pdb,model.000.03.pdb,No common_epitopes
model.000.10.pdb,model.000.04.pdb,No common_epitopes
model.000.10.pdb,model.000.05.pdb,29L,82N,83V,42L,26E,151D,40K,28D,30V,157D,27N,115N,84C,153I,152G,25C,55D,150V,155K,81N,24K
model.000.10.pdb,model.000.06.pdb,27N,26E
model.000.10.pdb,model.000.07.pdb,No common_epitopes
model.000.10.pdb,model.000.08.pdb,29L,39E,26E,47K,40K,27N,41V,25C,155K
model.000.10.pdb,model.000.09.pdb,29L,82N,53C,43K,151D,41V,84C,24K,54G,26E,30V,115N,44C,152G,83V,42L,81N,40K,28D,25C,27N,55D
model.000.10.pdb,model.000.10.pdb,29L,42L,26E,47K,40K,28D,27N,39E,41V,25C
model.000.10.pdb,model.000.11.pdb,150V,151D,115N,152G,153I
model.000.10.pdb,model.000.12.pdb,155K,157D
model.000.10.pdb,model.000.13.pdb,57S,73C
model.000.10.pdb,model.000.14.pdb,No common_epitopes
model.000.10.pdb,model.000.15.pdb,No common_epitopes
model.000.10.pdb,model.000.16.pdb,29L,152G,43K,26E,151D,40K,28D,24K,157D,39E,41V,150V,27N,25C,155K,42L
model.000.10.pdb,model.000.17.pdb,29L,82N,53C,43K,151D,153I,41V,84C,30V,54G,26E,24K,115N,44C,71C,152G,83V,42L,81N,40K,28D,150V,79M,57S,25C,27N,55D
model.000.10.pdb,model.000.18.pdb,29L,82N,53C,43K,47K,153I,41V,84C,30V,54G,26E,24K,115N,151D,44C,71C,73C,152G,83V,42L,81N,40K,28D,150V,79M,57S,25C,27N,55D,45D
model.000.10.pdb,model.000.19.pdb,29L,82N,53C,43K,47K,153I,157D,41V,84C,30V,155K,54G,26E,24K,151D,44C,83V,42L,81N,40K,28D,150V,79M,39E,57S,25C,27N,55D,45D
model.000.10.pdb,model.000.20.pdb,29L,26E,39E,40K,41V,42L
model.000.10.pdb,model.000.21.pdb,No common_epitopes
model.000.10.pdb,model.000.22.pdb,No common_epitopes
model.000.10.pdb,model.000.23.pdb,29L,82N,53C,43K,151D,153I,84C,30V,155K,54G,26E,24K,115N,152G,83V,42L,81N,40K,28D,150V,79M,25C,27N,55D
model.000.10.pdb,model.000.24.pdb,82N,83V,81N,151D,24K,157D,115N,150V,153I,152G,155K
model.000.10.pdb,model.000.25.pdb,82N,83V,81N,151D,40K,28D,24K,157D,27N,115N,150V,153I,152G,25C,155K
model.000.10.pdb,model.000.26.pdb,29L,82N,151D,153I,157D,84C,24K,155K,42L,26E,30V,115N,152G,83V,54G,81N,40K,28D,150V,79M,57S,25C,27N,55D
model.000.10.pdb,model.000.27.pdb,29L,43K,26E,47K,40K,39E,41V,44C,45D,42L
model.000.10.pdb,model.000.28.pdb,No common_epitopes
model.000.10.pdb,model.000.29.pdb,No common_epitopes
model.000.11.pdb,model.000.00.pdb,No common_epitopes
model.000.11.pdb,model.000.01.pdb,73C,57S,72K,52P,46E,60I
model.000.11.pdb,model.000.02.pdb,29L,82N,53C,43K,151D,153I,41V,24K,155K,80V,54G,26E,30V,115N,44C,71C,152G,83V,42L,81N,40K,28D,97G,150V,79M,95G,13F,57S,25C,27N,31L,15I,55D,45D
model.000.11.pdb,model.000.03.pdb,98K,22E,17M
model.000.11.pdb,model.000.04.pdb,No common_epitopes
model.000.11.pdb,model.000.05.pdb,29L,82N,151D,153I,24K,96N,155K,26E,30V,80V,115N,152G,83V,42L,81N,40K,28D,150V,95G,13F,25C,27N,31L,55D
model.000.11.pdb,model.000.06.pdb,27N,13F,26E
model.000.11.pdb,model.000.07.pdb,17M
model.000.11.pdb,model.000.08.pdb,29L,13F,26E,25C,40K,27N,41V,155K
model.000.11.pdb,model.000.09.pdb,29L,82N,53C,43K,151D,41V,24K,96N,80V,54G,26E,30V,94C,115N,44C,152G,83V,42L,81N,40K,28D,97G,95G,93T,25C,27N,98K,31L,55D
model.000.11.pdb,model.000.10.pdb,29L,42L,26E,25C,40K,28D,27N,41V,52P,13F
model.000.11.pdb,model.000.11.pdb,152G,151D,153I,115N,150V,96N
model.000.11.pdb,model.000.12.pdb,155K
model.000.11.pdb,model.000.13.pdb,73C,57S,72K,52P,90K,62I,60I
model.000.11.pdb,model.000.14.pdb,90K,91Q,94C,93T
model.000.11.pdb,model.000.15.pdb,17M
model.000.11.pdb,model.000.16.pdb,29L,152G,43K,26E,151D,40K,28D,24K,13F,41V,150V,27N,25C,155K,42L
model.000.11.pdb,model.000.17.pdb,29L,82N,53C,43K,151D,153I,41V,30V,90K,96N,94C,54G,26E,24K,115N,44C,71C,152G,83V,42L,81N,69Y,40K,28D,97G,150V,79M,95G,93T,57S,25C,27N,31L,55D,70A
model.000.11.pdb,model.000.18.pdb,29L,82N,53C,43K,151D,72K,153I,41V,30V,90K,96N,80V,68S,42L,26E,67V,24K,115N,44C,71C,73C,152G,83V,54G,81N,69Y,40K,28D,97G,150V,79M,95G,93T,57S,25C,27N,66P,31L,55D,62I,45D,70A
model.000.11.pdb,model.000.19.pdb,29L,82N,53C,43K,151D,153I,41V,24K,155K,54G,26E,30V,44C,83V,42L,81N,40K,28D,150V,79M,13F,57S,25C,27N,55D,45D
model.000.11.pdb,model.000.20.pdb,29L,42L,26E,40K,41V,52P
model.000.11.pdb,model.000.21.pdb,No common_epitopes
model.000.11.pdb,model.000.22.pdb,22E,17M
model.000.11.pdb,model.000.23.pdb,29L,82N,53C,43K,151D,153I,30V,90K,96N,94C,54G,26E,22E,24K,80V,115N,155K,152G,83V,42L,81N,40K,28D,97G,150V,79M,91Q,95G,93T,13F,25C,27N,98K,31L,55D
model.000.11.pdb,model.000.24.pdb,17M,82N,83V,13F,81N,151D,24K,97G,98K,115N,150V,153I,152G,96N,90K,155K,91Q,94C,95G,93T
model.000.11.pdb,model.000.25.pdb,82N,151D,153I,155K,94C,24K,80V,115N,96N,152G,83V,81N,40K,28D,97G,150V,95G,93T,17M,13F,25C,27N,98K
model.000.11.pdb,model.000.26.pdb,29L,82N,151D,153I,24K,96N,80V,54G,26E,22E,30V,94C,115N,155K,152G,83V,42L,81N,40K,28D,97G,150V,79M,91Q,95G,93T,13F,57S,25C,27N,98K,31L,55D
model.000.11.pdb,model.000.27.pdb,29L,43K,26E,40K,46E,41V,52P,44C,45D,42L
model.000.11.pdb,model.000.28.pdb,17M
model.000.11.pdb,model.000.29.pdb,90K,52P
model.000.12.pdb,model.000.00.pdb,4T,6D
model.000.12.pdb,model.000.01.pdb,104S,101L,35E,86P,72K,102D,51K,10K,38E,77Y,7T,103T,106P,58K,56F,75L,50N,34E,73C,107V,4T,3V,87N,32V,36T,105N,2K,59C,33N,88E,52P,49V,108K,76G,74N
model.000.12.pdb,model.000.02.pdb,59C,56F
model.000.12.pdb,model.000.03.pdb,104S,109T,6D,8V,34E,107V,106P,4T,101L,3V,102D,7T,103T,108K,105N,2K
model.000.12.pdb,model.000.04.pdb,104S,109T,6D,106P,4T,101L,3V,102D,7T,103T,105N,2K
model.000.12.pdb,model.000.05.pdb,No common_epitopes
model.000.12.pdb,model.000.06.pdb,10K,35E,6D,4T,7T,8V,9C,2K
model.000.12.pdb,model.000.07.pdb,104S,109T,6D,34E,107V,106P,4T,101L,3V,102D,7T,103T,105N,2K
model.000.12.pdb,model.000.08.pdb,10K,51K,6D,38E,9C,7T,36T,8V
model.000.12.pdb,model.000.09.pdb,No common_epitopes
model.000.12.pdb,model.000.10.pdb,10K,51K,9C,7T,52P,36T,8V
model.000.12.pdb,model.000.11.pdb,No common_epitopes
model.000.12.pdb,model.000.12.pdb,6D
model.000.12.pdb,model.000.13.pdb,104S,101L,35E,106P,72K,102D,51K,109T,10K,38E,77Y,7T,103T,58K,56F,75L,50N,34E,73C,107V,4T,3V,87N,32V,36T,105N,2K,33N,88E,52P,49V,108K,76G,74N
model.000.12.pdb,model.000.14.pdb,104S,109T,101L,107V,106P,77Y,87N,88E,86P,108K,76G,105N,75L
model.000.12.pdb,model.000.15.pdb,104S,109T,107V,106P,102D,103T,88E,108K,105N
model.000.12.pdb,model.000.16.pdb,38E
model.000.12.pdb,model.000.17.pdb,No common_epitopes
model.000.12.pdb,model.000.18.pdb,59C,73C,72K,58K
model.000.12.pdb,model.000.19.pdb,No common_epitopes
model.000.12.pdb,model.000.20.pdb,35E,3V,51K,10K,38E,9C,77Y,7T,58K,56F,75L,50N,34E,4T,32V,36T,2K,6D,33N,52P,49V,8V,74N
model.000.12.pdb,model.000.21.pdb,104S,101L,6D,4T,3V,102D,7T,103T,109T,105N,2K
model.000.12.pdb,model.000.22.pdb,104S,34E,6D,4T,3V,102D,103T,109T,105N,2K
model.000.12.pdb,model.000.23.pdb,56F
model.000.12.pdb,model.000.24.pdb,No common_epitopes
model.000.12.pdb,model.000.25.pdb,No common_epitopes
model.000.12.pdb,model.000.26.pdb,56F
model.000.12.pdb,model.000.27.pdb,59C,52P,38E,51K
model.000.12.pdb,model.000.28.pdb,104S,101L,4T,102D,105N,109T,108K,103T,2K
model.000.12.pdb,model.000.29.pdb,101L,51K,106P,3V,102D,10K,77Y,35E,7T,103T,86P,58K,56F,75L,50N,34E,107V,4T,87N,52P,36T,105N,2K,6D,108K,33N,88E,32V,49V,8V,76G,74N
model.000.13.pdb,model.000.00.pdb,138L,141L,136C,6D,4T,5V,134T,154Y,135K,137S,133E,139K,21L,16Q
model.000.13.pdb,model.000.01.pdb,104S,101L,34E,107V,106P,4T,3V,102D,7T,105N,108K,103T,2K
model.000.13.pdb,model.000.02.pdb,No common_epitopes
model.000.13.pdb,model.000.03.pdb,104S,138L,141L,136C,100I,106P,5V,3V,102D,109T,113S,135K,7T,105N,133E,20H,16Q,101L,34E,139K,107V,4T,119V,18S,137S,111V,19G,103T,2K,17M,6D,134T,120P,21L,108K
model.000.13.pdb,model.000.04.pdb,104S,136C,100I,106P,5V,3V,102D,7T,109T,123Q,113S,135K,131D,103T,133E,20H,121N,16Q,101L,139K,4T,119V,18S,137S,111V,154Y,21L,105N,2K,122V,6D,134T,120P,132G,19G,130K
model.000.13.pdb,model.000.05.pdb,117G,133E,131D,118K,154Y
model.000.13.pdb,model.000.06.pdb,138L,139K,6D,4T,5V,7T,141L,2K
model.000.13.pdb,model.000.07.pdb,104S,100I,106P,5V,3V,102D,118K,109T,131D,123Q,113S,135K,7T,105N,133E,20H,121N,16Q,101L,34E,139K,107V,4T,119V,18S,137S,111V,19G,103T,2K,122V,17M,6D,134T,120P,132G,21L,130K
model.000.13.pdb,model.000.08.pdb,138L,139K,6D,5V,7T,141L
model.000.13.pdb,model.000.09.pdb,117G,18S,131D,118K
model.000.13.pdb,model.000.10.pdb,7T,141L
model.000.13.pdb,model.000.11.pdb,117G,136C,130K,134T,154Y,135K,137S,131D,118K,133E,119V,132G
model.000.13.pdb,model.000.12.pdb,138L,117G,141L,136C,130K,6D,134T,119V,135K,137S,131D,118K,133E,139K,154Y,132G
model.000.13.pdb,model.000.13.pdb,104S,109T,34E,107V,106P,4T,101L,3V,102D,7T,105N,108K,103T,2K
model.000.13.pdb,model.000.14.pdb,104S,101L,123Q,122V,107V,106P,111V,120P,108K,109T,121N,105N
model.000.13.pdb,model.000.15.pdb,104S,100I,106P,102D,109T,123Q,113S,105N,20H,121N,16Q,107V,18S,111V,19G,103T,122V,17M,134T,120P,21L,108K
model.000.13.pdb,model.000.16.pdb,No common_epitopes
model.000.13.pdb,model.000.17.pdb,131D,121N,118K
model.000.13.pdb,model.000.18.pdb,No common_epitopes
model.000.13.pdb,model.000.19.pdb,No common_epitopes
model.000.13.pdb,model.000.20.pdb,34E,139K,4T,5V,3V,7T,6D,2K
model.000.13.pdb,model.000.21.pdb,104S,138L,136C,100I,5V,3V,102D,7T,109T,123Q,113S,135K,131D,105N,133E,20H,121N,16Q,101L,139K,4T,119V,18S,137S,111V,154Y,19G,103T,2K,122V,6D,134T,120P,132G,21L,130K
model.000.13.pdb,model.000.22.pdb,104S,136C,100I,5V,3V,102D,118K,109T,123Q,113S,135K,131D,103T,133E,20H,121N,16Q,34E,139K,4T,119V,18S,137S,111V,154Y,21L,105N,2K,122V,17M,6D,134T,120P,132G,19G,130K
model.000.13.pdb,model.000.23.pdb,121N,118K,130K
model.000.13.pdb,model.000.24.pdb,117G,17M,136C,134T,154Y,135K,131D,118K,133E,130K,132G
model.000.13.pdb,model.000.25.pdb,17M,117G,131D,118K,121N,130K
model.000.13.pdb,model.000.26.pdb,118K
model.000.13.pdb,model.000.27.pdb,No common_epitopes
model.000.13.pdb,model.000.28.pdb,104S,138L,136C,100I,5V,102D,118K,109T,113S,135K,131D,105N,133E,20H,121N,16Q,101L,139K,4T,154Y,18S,137S,111V,119V,19G,103T,2K,122V,17M,134T,120P,132G,21L,108K,130K
model.000.13.pdb,model.000.29.pdb,101L,34E,6D,107V,106P,4T,3V,102D,7T,105N,108K,103T,2K
model.000.14.pdb,model.000.00.pdb,138L,145E,139K,136C,149A,6D,5V,134T,159K,154Y,135K,137S,133E,146T,16Q
model.000.14.pdb,model.000.01.pdb,No common_epitopes
model.000.14.pdb,model.000.02.pdb,149A
model.000.14.pdb,model.000.03.pdb,138L,139K,136C,5V,134T,119V,135K,18S,137S,133E,6D,16Q
model.000.14.pdb,model.000.04.pdb,139K,136C,5V,134T,154Y,135K,18S,137S,131D,132G,133E,6D,119V,16Q,130K
model.000.14.pdb,model.000.05.pdb,149A,159K,154Y,117G,131D,118K,133E,116I
model.000.14.pdb,model.000.06.pdb,138L,145E,139K,5V,159K,6D
model.000.14.pdb,model.000.07.pdb,139K,5V,134T,119V,135K,18S,137S,131D,118K,133E,6D,130K,16Q,132G
model.000.14.pdb,model.000.08.pdb,138L,145E,139K,5V,146T,6D
model.000.14.pdb,model.000.09.pdb,117G,18S,131D,118K,129S,116I
model.000.14.pdb,model.000.10.pdb,145E,146T
model.000.14.pdb,model.000.11.pdb,149A,136C,130K,134T,159K,154Y,135K,137S,117G,118K,119V,133E,146T,131D,116I,132G
model.000.14.pdb,model.000.12.pdb,138L,145E,130K,139K,136C,149A,6D,134T,159K,154Y,135K,137S,117G,118K,119V,133E,146T,131D,116I,132G
model.000.14.pdb,model.000.13.pdb,No common_epitopes
model.000.14.pdb,model.000.14.pdb,No common_epitopes
model.000.14.pdb,model.000.15.pdb,18S,134T,16Q
model.000.14.pdb,model.000.16.pdb,149A,159K,146T
model.000.14.pdb,model.000.17.pdb,129S,131D,118K
model.000.14.pdb,model.000.18.pdb,No common_epitopes
model.000.14.pdb,model.000.19.pdb,149A
model.000.14.pdb,model.000.20.pdb,6D,5V,139K
model.000.14.pdb,model.000.21.pdb,138L,139K,136C,5V,134T,154Y,135K,18S,137S,131D,132G,133E,6D,119V,16Q,130K
model.000.14.pdb,model.000.22.pdb,139K,136C,130K,6D,5V,134T,154Y,135K,18S,137S,131D,118K,133E,129S,119V,16Q,132G
model.000.14.pdb,model.000.23.pdb,129S,118K,130K
model.000.14.pdb,model.000.24.pdb,149A,136C,130K,134T,159K,154Y,135K,117G,118K,133E,129S,131D,116I,132G
model.000.14.pdb,model.000.25.pdb,149A,159K,117G,131D,118K,129S,116I,130K
model.000.14.pdb,model.000.26.pdb,149A,118K,159K
model.000.14.pdb,model.000.27.pdb,No common_epitopes
model.000.14.pdb,model.000.28.pdb,138L,139K,136C,130K,5V,134T,154Y,135K,18S,137S,131D,118K,133E,119V,16Q,132G
model.000.14.pdb,model.000.29.pdb,6D
model.000.15.pdb,model.000.00.pdb,138L,139K,136C,4T,5V,134T,154Y,135K,137S,6D,21L,16Q
model.000.15.pdb,model.000.01.pdb,104S,10K,35E,34E,101L,107V,106P,4T,33N,77Y,3V,102D,7T,32V,105N,74N,2K,108K,103T,75L
model.000.15.pdb,model.000.02.pdb,No common_epitopes
model.000.15.pdb,model.000.03.pdb,104S,138L,136C,100I,106P,5V,3V,102D,109T,113S,135K,7T,105N,20H,16Q,101L,34E,139K,107V,4T,119V,18S,137S,111V,19G,103T,2K,17M,6D,8V,134T,120P,21L,108K
model.000.15.pdb,model.000.04.pdb,104S,136C,100I,106P,5V,3V,102D,7T,109T,113S,135K,131D,103T,20H,16Q,101L,139K,4T,119V,18S,137S,111V,154Y,21L,105N,2K,122V,6D,134T,120P,126N,19G,130K
model.000.15.pdb,model.000.05.pdb,131D,154Y
model.000.15.pdb,model.000.06.pdb,138L,10K,35E,139K,4T,5V,7T,6D,8V,2K
model.000.15.pdb,model.000.07.pdb,104S,100I,106P,5V,3V,102D,109T,131D,113S,135K,7T,105N,20H,16Q,101L,34E,139K,107V,4T,119V,18S,137S,111V,19G,103T,2K,122V,17M,6D,134T,120P,126N,21L,130K
model.000.15.pdb,model.000.08.pdb,138L,10K,139K,5V,7T,6D,8V
model.000.15.pdb,model.000.09.pdb,18S,131D
model.000.15.pdb,model.000.10.pdb,10K,7T,8V
model.000.15.pdb,model.000.11.pdb,136C,134T,119V,135K,137S,131D,154Y,130K
model.000.15.pdb,model.000.12.pdb,138L,139K,136C,134T,119V,135K,137S,131D,6D,154Y,130K
model.000.15.pdb,model.000.13.pdb,104S,109T,35E,34E,10K,107V,106P,101L,33N,77Y,3V,102D,7T,32V,105N,74N,2K,108K,4T,103T,75L
model.000.15.pdb,model.000.14.pdb,104S,110G,122V,101L,107V,106P,111V,77Y,120P,126N,109T,108K,105N,75L
model.000.15.pdb,model.000.15.pdb,104S,110G,100I,106P,102D,109T,113S,105N,20H,16Q,107V,18S,111V,19G,103T,122V,17M,134T,120P,126N,21L,108K
model.000.15.pdb,model.000.16.pdb,No common_epitopes
model.000.15.pdb,model.000.17.pdb,131D
model.000.15.pdb,model.000.18.pdb,No common_epitopes
model.000.15.pdb,model.000.19.pdb,No common_epitopes
model.000.15.pdb,model.000.20.pdb,10K,35E,139K,34E,4T,5V,77Y,3V,7T,32V,74N,6D,2K,8V,33N,75L
model.000.15.pdb,model.000.21.pdb,104S,138L,136C,100I,110G,5V,3V,102D,7T,109T,113S,135K,131D,105N,20H,16Q,101L,139K,4T,119V,18S,137S,111V,154Y,19G,103T,2K,122V,6D,134T,120P,126N,21L,130K
model.000.15.pdb,model.000.22.pdb,104S,136C,100I,5V,3V,102D,109T,113S,135K,131D,103T,20H,16Q,34E,139K,4T,119V,18S,137S,111V,154Y,21L,105N,2K,122V,17M,6D,134T,120P,126N,19G,130K
model.000.15.pdb,model.000.23.pdb,130K
model.000.15.pdb,model.000.24.pdb,17M,136C,134T,154Y,135K,131D,130K
model.000.15.pdb,model.000.25.pdb,17M,131D,130K
model.000.15.pdb,model.000.26.pdb,No common_epitopes
model.000.15.pdb,model.000.27.pdb,No common_epitopes
model.000.15.pdb,model.000.28.pdb,104S,110G,136C,100I,5V,102D,109T,138L,113S,135K,131D,105N,20H,16Q,101L,139K,4T,154Y,18S,137S,111V,119V,19G,103T,2K,122V,17M,134T,120P,126N,21L,108K,130K
model.000.15.pdb,model.000.29.pdb,101L,10K,35E,6D,34E,107V,106P,4T,33N,77Y,3V,102D,7T,32V,105N,74N,108K,2K,8V,103T,75L
model.000.16.pdb,model.000.00.pdb,6D,4T,5V,139K
model.000.16.pdb,model.000.01.pdb,104S,50N,35E,106P,51K,102D,10K,77Y,61K,7T,105N,86P,58K,56F,75L,101L,34E,107V,4T,3V,87N,52P,36T,103T,2K,60I,59C,33N,88E,32V,49V,108K,76G,74N
model.000.16.pdb,model.000.02.pdb,59C,56F
model.000.16.pdb,model.000.03.pdb,104S,101L,139K,34E,107V,106P,4T,5V,3V,102D,7T,105N,6D,108K,8V,103T,2K
model.000.16.pdb,model.000.04.pdb,104S,101L,139K,106P,4T,5V,3V,102D,7T,105N,6D,103T,2K
model.000.16.pdb,model.000.05.pdb,No common_epitopes
model.000.16.pdb,model.000.06.pdb,10K,35E,139K,4T,5V,7T,6D,8V,2K
model.000.16.pdb,model.000.07.pdb,104S,101L,139K,34E,107V,106P,4T,5V,3V,102D,7T,105N,6D,103T,2K
model.000.16.pdb,model.000.08.pdb,10K,51K,139K,5V,7T,6D,36T,8V
model.000.16.pdb,model.000.09.pdb,85I
model.000.16.pdb,model.000.10.pdb,10K,51K,7T,52P,36T,8V
model.000.16.pdb,model.000.11.pdb,No common_epitopes
model.000.16.pdb,model.000.12.pdb,6D,139K
model.000.16.pdb,model.000.13.pdb,104S,50N,35E,106P,51K,102D,10K,77Y,61K,7T,105N,58K,56F,75L,101L,34E,107V,4T,3V,87N,52P,36T,103T,2K,60I,33N,88E,32V,49V,108K,76G,74N
model.000.16.pdb,model.000.14.pdb,104S,101L,107V,106P,77Y,87N,88E,86P,108K,76G,105N,75L
model.000.16.pdb,model.000.15.pdb,104S,107V,106P,102D,105N,88E,108K,103T
model.000.16.pdb,model.000.16.pdb,No common_epitopes
model.000.16.pdb,model.000.17.pdb,No common_epitopes
model.000.16.pdb,model.000.18.pdb,59C,58K
model.000.16.pdb,model.000.19.pdb,No common_epitopes
model.000.16.pdb,model.000.20.pdb,35E,5V,3V,51K,10K,77Y,7T,58K,56F,75L,50N,34E,139K,4T,52P,36T,2K,6D,33N,32V,49V,8V,74N
model.000.16.pdb,model.000.21.pdb,104S,101L,139K,4T,5V,3V,102D,7T,105N,6D,103T,2K
model.000.16.pdb,model.000.22.pdb,104S,34E,139K,4T,5V,3V,102D,105N,6D,103T,2K
model.000.16.pdb,model.000.23.pdb,85I,56F
model.000.16.pdb,model.000.24.pdb,No common_epitopes
model.000.16.pdb,model.000.25.pdb,No common_epitopes
model.000.16.pdb,model.000.26.pdb,85I,56F
model.000.16.pdb,model.000.27.pdb,59C,52P,51K
model.000.16.pdb,model.000.28.pdb,104S,101L,139K,4T,5V,102D,105N,108K,103T,2K
model.000.16.pdb,model.000.29.pdb,101L,51K,106P,3V,102D,10K,77Y,35E,61K,7T,105N,86P,58K,56F,75L,50N,34E,107V,4T,87N,52P,36T,103T,2K,6D,108K,33N,88E,32V,49V,8V,76G,74N
model.000.17.pdb,model.000.00.pdb,138L,141L,136C,140C,6D,4T,5V,134T,135K,137S,133E,139K,21L,16Q
model.000.17.pdb,model.000.01.pdb,104S,34E,106P,4T,3V,102D,7T,105N,103T,2K
model.000.17.pdb,model.000.02.pdb,No common_epitopes
model.000.17.pdb,model.000.03.pdb,104S,138L,141L,136C,106P,5V,3V,102D,109T,135K,7T,105N,133E,20H,16Q,34E,139K,140C,4T,119V,18S,137S,111V,19G,103T,2K,17M,6D,134T,120P,21L,8V
model.000.17.pdb,model.000.04.pdb,104S,136C,106P,5V,3V,102D,7T,109T,123Q,135K,131D,103T,133E,20H,121N,16Q,126N,139K,4T,119V,18S,137S,111V,21L,105N,2K,122V,6D,134T,120P,132G,19G,130K
model.000.17.pdb,model.000.05.pdb,117G,133E,131D,118K,116I
model.000.17.pdb,model.000.06.pdb,138L,139K,140C,6D,4T,5V,7T,141L,8V,2K
model.000.17.pdb,model.000.07.pdb,104S,106P,5V,3V,102D,118K,109T,131D,123Q,135K,7T,105N,133E,20H,121N,16Q,126N,34E,139K,4T,119V,18S,137S,111V,19G,103T,2K,122V,17M,6D,134T,120P,114C,132G,21L,130K
model.000.17.pdb,model.000.08.pdb,138L,139K,140C,6D,5V,7T,141L,8V
model.000.17.pdb,model.000.09.pdb,114C,117G,18S,131D,118K,116I
model.000.17.pdb,model.000.10.pdb,140C,8V,7T,141L
model.000.17.pdb,model.000.11.pdb,117G,136C,134T,119V,135K,137S,131D,118K,133E,130K,116I,132G
model.000.17.pdb,model.000.12.pdb,138L,117G,141L,136C,140C,6D,134T,119V,135K,137S,131D,118K,133E,139K,130K,116I,132G
model.000.17.pdb,model.000.13.pdb,104S,109T,34E,106P,4T,3V,102D,7T,105N,103T,2K
model.000.17.pdb,model.000.14.pdb,104S,109T,123Q,122V,106P,120P,126N,111V,121N,105N
model.000.17.pdb,model.000.15.pdb,104S,109T,17M,21L,123Q,18S,106P,134T,120P,102D,103T,126N,111V,20H,19G,121N,16Q,105N,122V
model.000.17.pdb,model.000.16.pdb,No common_epitopes
model.000.17.pdb,model.000.17.pdb,131D,121N,118K
model.000.17.pdb,model.000.18.pdb,No common_epitopes
model.000.17.pdb,model.000.19.pdb,No common_epitopes
model.000.17.pdb,model.000.20.pdb,34E,139K,4T,5V,3V,7T,6D,8V,2K
model.000.17.pdb,model.000.21.pdb,104S,138L,136C,5V,3V,102D,7T,109T,123Q,135K,131D,105N,133E,20H,121N,16Q,126N,139K,4T,119V,18S,137S,111V,19G,103T,2K,122V,6D,134T,120P,114C,132G,21L,130K
model.000.17.pdb,model.000.22.pdb,104S,136C,5V,3V,102D,118K,109T,123Q,135K,131D,103T,133E,20H,121N,16Q,132G,34E,139K,4T,119V,18S,137S,111V,21L,105N,2K,122V,17M,6D,134T,120P,114C,126N,19G,130K
model.000.17.pdb,model.000.23.pdb,121N,118K,130K
model.000.17.pdb,model.000.24.pdb,135K,17M,136C,134T,117G,131D,118K,133E,130K,116I,132G
model.000.17.pdb,model.000.25.pdb,17M,117G,131D,118K,121N,116I,130K
model.000.17.pdb,model.000.26.pdb,118K
model.000.17.pdb,model.000.27.pdb,No common_epitopes
model.000.17.pdb,model.000.28.pdb,104S,138L,136C,5V,102D,118K,109T,135K,131D,105N,133E,20H,121N,16Q,132G,139K,4T,119V,18S,137S,111V,19G,103T,2K,122V,17M,134T,120P,126N,21L,130K
model.000.17.pdb,model.000.29.pdb,34E,6D,106P,4T,3V,102D,7T,105N,8V,103T,2K
model.000.18.pdb,model.000.00.pdb,135K,133E,134T
model.000.18.pdb,model.000.01.pdb,104S,107V,106P,102D,105N,103T
model.000.18.pdb,model.000.02.pdb,No common_epitopes
model.000.18.pdb,model.000.03.pdb,104S,109T,107V,106P,134T,120P,119V,135K,102D,103T,111V,133E,105N
model.000.18.pdb,model.000.04.pdb,104S,124D,106P,125Q,102D,109T,131D,123Q,135K,127K,105N,133E,121N,126N,119V,111V,103T,122V,134T,120P,132G,112C,130K
model.000.18.pdb,model.000.05.pdb,133E,117G,131D
model.000.18.pdb,model.000.06.pdb,No common_epitopes
model.000.18.pdb,model.000.07.pdb,104S,109T,130K,123Q,122V,107V,106P,134T,120P,119V,135K,102D,131D,103T,132G,111V,133E,112C,121N,105N,126N
model.000.18.pdb,model.000.08.pdb,No common_epitopes
model.000.18.pdb,model.000.09.pdb,131D,124D,117G,127K,125Q,92V,93T
model.000.18.pdb,model.000.10.pdb,No common_epitopes
model.000.18.pdb,model.000.11.pdb,117G,134T,119V,135K,131D,132G,133E,130K
model.000.18.pdb,model.000.12.pdb,117G,134T,119V,135K,131D,132G,133E,130K
model.000.18.pdb,model.000.13.pdb,104S,109T,107V,106P,102D,103T,105N
model.000.18.pdb,model.000.14.pdb,104S,110G,112C,124D,122V,107V,106P,111V,120P,127K,105N,126N,125Q,109T,93T,121N,92V,123Q
model.000.18.pdb,model.000.15.pdb,104S,110G,124D,122V,107V,106P,111V,134T,120P,102D,127K,103T,105N,126N,125Q,109T,112C,121N,92V,123Q
model.000.18.pdb,model.000.16.pdb,No common_epitopes
model.000.18.pdb,model.000.17.pdb,124D,127K,131D,125Q,121N,93T
model.000.18.pdb,model.000.18.pdb,93T
model.000.18.pdb,model.000.19.pdb,No common_epitopes
model.000.18.pdb,model.000.20.pdb,No common_epitopes
model.000.18.pdb,model.000.21.pdb,104S,110G,130K,123Q,122V,111V,134T,120P,119V,135K,102D,131D,103T,132G,109T,133E,112C,121N,105N,126N
model.000.18.pdb,model.000.22.pdb,104S,109T,130K,123Q,122V,126N,134T,120P,119V,135K,102D,131D,103T,132G,111V,133E,112C,121N,105N,124D
model.000.18.pdb,model.000.23.pdb,124D,130K,127K,125Q,112C,121N,92V,93T
model.000.18.pdb,model.000.24.pdb,117G,124D,134T,127K,135K,131D,132G,133E,130K,92V,93T
model.000.18.pdb,model.000.25.pdb,131D,124D,117G,127K,125Q,130K,121N,92V,93T
model.000.18.pdb,model.000.26.pdb,92V,93T
model.000.18.pdb,model.000.27.pdb,No common_epitopes
model.000.18.pdb,model.000.28.pdb,104S,110G,130K,122V,111V,134T,120P,119V,135K,102D,131D,103T,132G,109T,133E,112C,121N,105N,126N
model.000.18.pdb,model.000.29.pdb,107V,106P,103T,105N,102D
model.000.19.pdb,model.000.00.pdb,136C,4T,134T,135K,137S,133E,16Q
model.000.19.pdb,model.000.01.pdb,104S,107V,106P,4T,102D,103T,108K,105N,2K
model.000.19.pdb,model.000.02.pdb,No common_epitopes
model.000.19.pdb,model.000.03.pdb,104S,136C,100I,106P,102D,109T,113S,135K,105N,133E,16Q,107V,4T,119V,18S,137S,111V,103T,2K,134T,120P,19G,108K
model.000.19.pdb,model.000.04.pdb,104S,136C,100I,106P,111V,102D,109T,131D,123Q,113S,135K,127K,103T,133E,121N,16Q,126N,4T,119V,18S,137S,125Q,105N,2K,122V,134T,120P,132G,19G,112C,130K
model.000.19.pdb,model.000.05.pdb,117G,133E,131D
model.000.19.pdb,model.000.06.pdb,4T,2K
model.000.19.pdb,model.000.07.pdb,104S,100I,106P,102D,109T,123Q,113S,135K,131D,103T,133E,121N,16Q,126N,107V,4T,119V,18S,137S,111V,105N,2K,122V,134T,120P,132G,19G,112C,130K
model.000.19.pdb,model.000.08.pdb,No common_epitopes
model.000.19.pdb,model.000.09.pdb,117G,18S,131D,127K,125Q
model.000.19.pdb,model.000.10.pdb,No common_epitopes
model.000.19.pdb,model.000.11.pdb,117G,136C,134T,119V,135K,137S,131D,132G,133E,130K
model.000.19.pdb,model.000.12.pdb,117G,136C,134T,119V,135K,137S,131D,132G,133E,130K
model.000.19.pdb,model.000.13.pdb,104S,109T,107V,106P,4T,102D,103T,108K,105N,2K
model.000.19.pdb,model.000.14.pdb,104S,110G,123Q,122V,107V,106P,111V,120P,127K,126N,125Q,109T,108K,112C,121N,105N
model.000.19.pdb,model.000.15.pdb,104S,110G,100I,106P,111V,102D,109T,123Q,113S,127K,105N,121N,16Q,107V,18S,125Q,103T,122V,134T,120P,126N,19G,112C,108K
model.000.19.pdb,model.000.16.pdb,No common_epitopes
model.000.19.pdb,model.000.17.pdb,131D,121N,127K,125Q
model.000.19.pdb,model.000.18.pdb,No common_epitopes
model.000.19.pdb,model.000.19.pdb,No common_epitopes
model.000.19.pdb,model.000.20.pdb,4T,2K
model.000.19.pdb,model.000.21.pdb,104S,110G,136C,100I,102D,109T,123Q,113S,135K,131D,103T,133E,121N,16Q,126N,4T,119V,18S,137S,111V,105N,2K,122V,134T,120P,132G,19G,112C,130K
model.000.19.pdb,model.000.22.pdb,104S,136C,100I,102D,109T,123Q,113S,135K,131D,103T,133E,121N,16Q,126N,4T,119V,18S,137S,111V,105N,2K,122V,134T,120P,132G,19G,112C,130K
model.000.19.pdb,model.000.23.pdb,130K,127K,121N,112C,125Q
model.000.19.pdb,model.000.24.pdb,117G,136C,134T,127K,135K,131D,132G,133E,130K
model.000.19.pdb,model.000.25.pdb,127K,117G,131D,125Q,121N,130K
model.000.19.pdb,model.000.26.pdb,No common_epitopes
model.000.19.pdb,model.000.27.pdb,No common_epitopes
model.000.19.pdb,model.000.28.pdb,104S,110G,136C,100I,102D,109T,113S,135K,131D,103T,133E,121N,16Q,126N,4T,119V,18S,137S,111V,105N,2K,122V,134T,120P,132G,19G,112C,108K,130K
model.000.19.pdb,model.000.29.pdb,107V,106P,4T,102D,103T,108K,105N,2K
model.000.20.pdb,model.000.00.pdb,4T,6D
model.000.20.pdb,model.000.01.pdb,104S,101L,51K,106P,3V,102D,10K,38E,77Y,35E,7T,103T,58K,75L,50N,34E,73C,107V,4T,72K,87N,32V,36T,105N,2K,39E,60I,33N,88E,108K,76G,74N
model.000.20.pdb,model.000.02.pdb,No common_epitopes
model.000.20.pdb,model.000.03.pdb,104S,101L,6D,34E,107V,106P,4T,3V,102D,7T,103T,108K,8V,105N,2K
model.000.20.pdb,model.000.04.pdb,104S,101L,6D,106P,4T,3V,102D,7T,103T,105N,2K
model.000.20.pdb,model.000.05.pdb,No common_epitopes
model.000.20.pdb,model.000.06.pdb,10K,35E,6D,4T,7T,11R,8V,9C,2K
model.000.20.pdb,model.000.07.pdb,104S,101L,6D,34E,107V,106P,4T,3V,102D,7T,103T,105N,2K
model.000.20.pdb,model.000.08.pdb,10K,51K,6D,38E,39E,9C,7T,11R,36T,8V
model.000.20.pdb,model.000.09.pdb,No common_epitopes
model.000.20.pdb,model.000.10.pdb,10K,51K,39E,9C,7T,11R,36T,8V
model.000.20.pdb,model.000.11.pdb,No common_epitopes
model.000.20.pdb,model.000.12.pdb,6D
model.000.20.pdb,model.000.13.pdb,104S,101L,51K,106P,3V,102D,10K,38E,77Y,35E,7T,103T,58K,75L,50N,34E,73C,107V,4T,72K,87N,32V,36T,105N,2K,60I,33N,88E,108K,76G,74N
model.000.20.pdb,model.000.14.pdb,104S,101L,107V,106P,77Y,87N,88E,108K,76G,105N,75L
model.000.20.pdb,model.000.15.pdb,104S,107V,106P,102D,105N,88E,108K,103T
model.000.20.pdb,model.000.16.pdb,38E,39E,11R
model.000.20.pdb,model.000.17.pdb,No common_epitopes
model.000.20.pdb,model.000.18.pdb,73C,58K,72K
model.000.20.pdb,model.000.19.pdb,39E,11R
model.000.20.pdb,model.000.20.pdb,35E,3V,51K,10K,38E,9C,77Y,7T,58K,75L,50N,34E,4T,32V,36T,2K,6D,39E,33N,11R,8V,74N
model.000.20.pdb,model.000.21.pdb,104S,101L,6D,4T,3V,102D,7T,103T,105N,2K
model.000.20.pdb,model.000.22.pdb,104S,34E,6D,4T,3V,102D,103T,105N,2K
model.000.20.pdb,model.000.23.pdb,No common_epitopes
model.000.20.pdb,model.000.24.pdb,No common_epitopes
model.000.20.pdb,model.000.25.pdb,No common_epitopes
model.000.20.pdb,model.000.26.pdb,No common_epitopes
model.000.20.pdb,model.000.27.pdb,51K,38E,39E,11R
model.000.20.pdb,model.000.28.pdb,104S,101L,4T,102D,105N,108K,103T,2K
model.000.20.pdb,model.000.29.pdb,101L,51K,106P,3V,102D,10K,77Y,35E,7T,103T,58K,75L,50N,34E,107V,4T,87N,32V,36T,105N,2K,6D,108K,33N,88E,8V,76G,74N
model.000.21.pdb,model.000.00.pdb,133E,149A,134T,148K,159K
model.000.21.pdb,model.000.01.pdb,No common_epitopes
model.000.21.pdb,model.000.02.pdb,29L,82N,151D,153I,24K,80V,42L,149A,26E,30V,115N,152G,83V,54G,81N,40K,28D,97G,150V,158C,79M,95G,148K,25C,27N,31L,55D
model.000.21.pdb,model.000.03.pdb,133E,98K,17M,134T
model.000.21.pdb,model.000.04.pdb,124D,134T,127K,131D,132G,133E,121N,130K
model.000.21.pdb,model.000.05.pdb,29L,82N,151D,153I,24K,158C,96N,160D,149A,26E,30V,80V,117G,115N,133E,131D,152G,83V,42L,81N,40K,28D,150V,161G,95G,159K,148K,25C,27N,31L,55D,116I,118K
model.000.21.pdb,model.000.06.pdb,27N,159K,26E
model.000.21.pdb,model.000.07.pdb,17M,134T,131D,118K,128C,133E,130K,121N,132G
model.000.21.pdb,model.000.08.pdb,29L,26E,25C,40K,27N,158C
model.000.21.pdb,model.000.09.pdb,29L,82N,124D,151D,127K,24K,128C,96N,80V,92V,42L,26E,30V,94C,117G,115N,131D,99C,152G,83V,54G,81N,40K,28D,97G,129S,95G,93T,25C,27N,98K,31L,55D,116I,118K
model.000.21.pdb,model.000.10.pdb,29L,42L,26E,25C,40K,28D,27N
model.000.21.pdb,model.000.11.pdb,149A,159K,130K,148K,151D,134T,153I,116I,117G,115N,150V,118K,152G,158C,133E,161G,96N,131D,160D,132G
model.000.21.pdb,model.000.12.pdb,149A,148K,134T,159K,116I,117G,131D,118K,133E,130K,160D,132G
model.000.21.pdb,model.000.13.pdb,No common_epitopes
model.000.21.pdb,model.000.14.pdb,124D,127K,128C,121N,94C,92V,93T
model.000.21.pdb,model.000.15.pdb,17M,124D,134T,127K,121N,92V
model.000.21.pdb,model.000.16.pdb,149A,29L,152G,42L,26E,148K,151D,40K,28D,24K,27N,150V,159K,161G,158C,160D,25C
model.000.21.pdb,model.000.17.pdb,29L,82N,124D,151D,153I,24K,128C,96N,94C,42L,131D,26E,30V,115N,127K,121N,152G,83V,54G,81N,40K,28D,97G,150V,129S,79M,95G,93T,25C,27N,31L,55D,118K
model.000.21.pdb,model.000.18.pdb,29L,82N,151D,153I,24K,96N,80V,42L,26E,30V,115N,152G,83V,54G,81N,40K,28D,97G,150V,79M,95G,93T,25C,27N,31L,55D
model.000.21.pdb,model.000.19.pdb,149A,29L,82N,83V,54G,26E,151D,40K,28D,30V,27N,42L,150V,153I,25C,55D,158C,79M,81N,24K
model.000.21.pdb,model.000.20.pdb,29L,40K,42L,26E
model.000.21.pdb,model.000.21.pdb,134T,131D,132G,133E,121N,130K
model.000.21.pdb,model.000.22.pdb,17M,124D,134T,131D,118K,133E,129S,130K,121N,132G
model.000.21.pdb,model.000.23.pdb,29L,82N,124D,151D,127K,153I,30V,128C,96N,94C,92V,54G,26E,24K,80V,115N,99C,121N,152G,83V,42L,81N,40K,28D,97G,150V,129S,79M,95G,93T,25C,27N,98K,118K,31L,55D,130K
model.000.21.pdb,model.000.24.pdb,82N,124D,151D,127K,153I,118K,128C,158C,96N,94C,92V,149A,24K,160D,117G,115N,131D,99C,133E,152G,83V,81N,97G,150V,161G,95G,93T,17M,159K,148K,134T,98K,129S,132G,116I,130K
model.000.21.pdb,model.000.25.pdb,82N,124D,151D,127K,153I,118K,128C,129S,160D,96N,80V,92V,149A,24K,94C,117G,115N,99C,131D,121N,152G,83V,81N,40K,28D,97G,150V,161G,95G,93T,17M,159K,148K,25C,27N,98K,158C,116I,130K
model.000.21.pdb,model.000.26.pdb,29L,82N,151D,153I,24K,128C,158C,160D,96N,80V,92V,42L,149A,26E,30V,94C,115N,99C,152G,83V,54G,81N,40K,28D,97G,150V,161G,79M,95G,93T,159K,148K,25C,27N,98K,31L,55D,118K
model.000.21.pdb,model.000.27.pdb,29L,40K,42L,26E
model.000.21.pdb,model.000.28.pdb,17M,134T,131D,118K,133E,130K,121N,132G
model.000.21.pdb,model.000.29.pdb,No common_epitopes
model.000.22.pdb,model.000.00.pdb,138L,141L,136C,6D,4T,5V,134T,135K,137S,133E,139K,142K,21L,16Q
model.000.22.pdb,model.000.01.pdb,104S,10K,35E,34E,106P,4T,33N,101L,3V,102D,7T,105N,36T,103T,2K
model.000.22.pdb,model.000.02.pdb,No common_epitopes
model.000.22.pdb,model.000.03.pdb,104S,138L,141L,136C,100I,106P,5V,3V,102D,109T,113S,22E,135K,7T,105N,133E,20H,16Q,101L,34E,139K,4T,119V,18S,137S,111V,19G,103T,2K,17M,6D,134T,120P,98K,21L,8V
model.000.22.pdb,model.000.04.pdb,104S,136C,100I,106P,5V,3V,102D,109T,123Q,113S,135K,7T,103T,133E,20H,121N,16Q,101L,139K,4T,119V,18S,137S,111V,21L,105N,2K,122V,6D,134T,120P,125Q,126N,19G,112C
model.000.22.pdb,model.000.05.pdb,133E
model.000.22.pdb,model.000.06.pdb,138L,10K,35E,141L,6D,4T,5V,7T,139K,142K,8V,2K
model.000.22.pdb,model.000.07.pdb,104S,100I,106P,5V,3V,102D,109T,123Q,113S,135K,7T,105N,133E,20H,121N,16Q,101L,34E,139K,4T,119V,18S,137S,111V,19G,103T,2K,122V,17M,6D,134T,120P,114C,126N,21L,112C
model.000.22.pdb,model.000.08.pdb,138L,10K,141L,6D,5V,7T,139K,36T,8V,142K
model.000.22.pdb,model.000.09.pdb,114C,98K,125Q,18S
model.000.22.pdb,model.000.10.pdb,10K,141L,7T,36T,8V,142K
model.000.22.pdb,model.000.11.pdb,136C,134T,119V,135K,137S,133E
model.000.22.pdb,model.000.12.pdb,138L,141L,136C,6D,134T,119V,135K,137S,133E,139K,142K
model.000.22.pdb,model.000.13.pdb,104S,109T,35E,34E,10K,106P,4T,33N,101L,3V,102D,7T,105N,36T,103T,2K
model.000.22.pdb,model.000.14.pdb,104S,109T,123Q,122V,106P,111V,101L,120P,126N,125Q,112C,121N,105N
model.000.22.pdb,model.000.15.pdb,104S,100I,106P,111V,102D,109T,123Q,113S,105N,20H,121N,16Q,18S,125Q,19G,103T,122V,17M,134T,120P,126N,21L,112C
model.000.22.pdb,model.000.16.pdb,No common_epitopes
model.000.22.pdb,model.000.17.pdb,121N,125Q
model.000.22.pdb,model.000.18.pdb,No common_epitopes
model.000.22.pdb,model.000.19.pdb,No common_epitopes
model.000.22.pdb,model.000.20.pdb,10K,35E,139K,34E,4T,5V,3V,7T,6D,36T,8V,33N,2K
model.000.22.pdb,model.000.21.pdb,104S,138L,136C,100I,5V,3V,102D,109T,123Q,113S,135K,7T,105N,133E,20H,121N,16Q,101L,139K,4T,119V,18S,137S,111V,19G,103T,2K,122V,6D,134T,120P,114C,126N,21L,112C
model.000.22.pdb,model.000.22.pdb,104S,136C,100I,5V,3V,102D,109T,123Q,113S,22E,135K,103T,133E,20H,121N,16Q,34E,139K,4T,119V,18S,137S,111V,21L,105N,2K,122V,17M,6D,134T,120P,114C,126N,19G,112C
model.000.22.pdb,model.000.23.pdb,98K,22E,112C,121N,125Q
model.000.22.pdb,model.000.24.pdb,17M,136C,134T,135K,98K,133E
model.000.22.pdb,model.000.25.pdb,98K,17M,121N,125Q
model.000.22.pdb,model.000.26.pdb,98K,22E
model.000.22.pdb,model.000.27.pdb,No common_epitopes
model.000.22.pdb,model.000.28.pdb,104S,138L,136C,100I,5V,102D,109T,113S,135K,105N,133E,20H,121N,16Q,101L,139K,4T,119V,18S,137S,111V,19G,103T,2K,122V,17M,134T,120P,126N,21L,112C
model.000.22.pdb,model.000.29.pdb,101L,10K,35E,6D,34E,106P,4T,33N,3V,102D,7T,105N,36T,8V,103T,2K
model.000.23.pdb,model.000.00.pdb,138L,147C,141L,136C,145E,140C,6D,4T,5V,134T,159K,154Y,135K,137S,146T,133E,139K,142K,21L,16Q
model.000.23.pdb,model.000.01.pdb,104S,4T,3V,102D,103T,105N,2K
model.000.23.pdb,model.000.02.pdb,No common_epitopes
model.000.23.pdb,model.000.03.pdb,104S,138L,141L,136C,100I,5V,3V,102D,109T,113S,135K,105N,133E,20H,16Q,139K,140C,4T,119V,18S,137S,111V,19G,103T,2K,17M,6D,134T,120P,21L
model.000.23.pdb,model.000.04.pdb,104S,136C,100I,5V,3V,102D,109T,113S,135K,131D,103T,133E,20H,16Q,126N,139K,4T,119V,18S,137S,111V,154Y,21L,105N,2K,122V,6D,134T,120P,132G,19G,112C,130K
model.000.23.pdb,model.000.05.pdb,147C,159K,154Y,117G,131D,118K,133E
model.000.23.pdb,model.000.06.pdb,138L,145E,139K,140C,6D,4T,5V,159K,141L,142K,2K
model.000.23.pdb,model.000.07.pdb,104S,100I,5V,3V,102D,118K,109T,113S,135K,131D,105N,133E,20H,16Q,126N,139K,4T,119V,18S,137S,111V,19G,103T,2K,122V,17M,6D,134T,120P,132G,21L,112C,130K
model.000.23.pdb,model.000.08.pdb,138L,145E,141L,140C,6D,5V,146T,139K,142K
model.000.23.pdb,model.000.09.pdb,117G,18S,131D,118K
model.000.23.pdb,model.000.10.pdb,140C,145E,142K,141L,146T
model.000.23.pdb,model.000.11.pdb,147C,136C,130K,134T,159K,154Y,135K,137S,117G,118K,119V,133E,146T,131D,132G
model.000.23.pdb,model.000.12.pdb,138L,147C,141L,136C,145E,118K,117G,159K,135K,131D,133E,139K,140C,154Y,137S,146T,142K,119V,6D,134T,132G,130K
model.000.23.pdb,model.000.13.pdb,104S,109T,4T,3V,102D,105N,103T,2K
model.000.23.pdb,model.000.14.pdb,104S,109T,122V,120P,126N,111V,112C,105N
model.000.23.pdb,model.000.15.pdb,104S,109T,17M,21L,100I,18S,113S,126N,134T,120P,102D,103T,111V,20H,19G,112C,16Q,105N,122V
model.000.23.pdb,model.000.16.pdb,146T,159K
model.000.23.pdb,model.000.17.pdb,131D,118K
model.000.23.pdb,model.000.18.pdb,No common_epitopes
model.000.23.pdb,model.000.19.pdb,No common_epitopes
model.000.23.pdb,model.000.20.pdb,6D,4T,5V,3V,139K,2K
model.000.23.pdb,model.000.21.pdb,104S,138L,136C,100I,5V,3V,102D,109T,113S,135K,131D,105N,133E,20H,16Q,126N,139K,4T,119V,18S,137S,111V,154Y,19G,103T,2K,122V,6D,134T,120P,132G,21L,112C,130K
model.000.23.pdb,model.000.22.pdb,104S,136C,100I,5V,3V,102D,118K,109T,113S,135K,131D,103T,133E,20H,16Q,132G,139K,4T,119V,18S,137S,111V,154Y,21L,105N,2K,122V,17M,6D,134T,120P,126N,19G,112C,130K
model.000.23.pdb,model.000.23.pdb,112C,118K,130K
model.000.23.pdb,model.000.24.pdb,147C,17M,136C,130K,134T,159K,135K,117G,131D,118K,133E,154Y,132G
model.000.23.pdb,model.000.25.pdb,17M,159K,117G,131D,118K,130K
model.000.23.pdb,model.000.26.pdb,118K,159K
model.000.23.pdb,model.000.27.pdb,No common_epitopes
model.000.23.pdb,model.000.28.pdb,104S,138L,136C,100I,5V,102D,118K,109T,113S,135K,131D,105N,133E,20H,16Q,132G,139K,4T,154Y,18S,137S,111V,119V,19G,103T,2K,122V,17M,134T,120P,126N,21L,112C,130K
model.000.23.pdb,model.000.29.pdb,6D,4T,3V,102D,103T,105N,2K
model.000.24.pdb,model.000.00.pdb,4T
model.000.24.pdb,model.000.01.pdb,104S,101L,35E,106P,3V,102D,51K,10K,38E,77Y,61K,63D,105N,46E,58K,56F,75L,50N,34E,73C,107V,4T,72K,87N,32V,36T,103T,2K,108K,59C,33N,88E,49V,60I,76G,74N
model.000.24.pdb,model.000.02.pdb,47K,59C,48T,45D,56F
model.000.24.pdb,model.000.03.pdb,104S,109T,8V,34E,107V,106P,4T,101L,3V,102D,105N,108K,103T,2K
model.000.24.pdb,model.000.04.pdb,104S,109T,106P,4T,101L,3V,102D,103T,105N,2K
model.000.24.pdb,model.000.05.pdb,No common_epitopes
model.000.24.pdb,model.000.06.pdb,10K,35E,8V,4T,2K
model.000.24.pdb,model.000.07.pdb,104S,109T,34E,107V,106P,4T,101L,3V,102D,105N,103T,2K
model.000.24.pdb,model.000.08.pdb,10K,51K,38E,47K,36T,8V
model.000.24.pdb,model.000.09.pdb,No common_epitopes
model.000.24.pdb,model.000.10.pdb,47K,51K,8V,36T,10K
model.000.24.pdb,model.000.11.pdb,No common_epitopes
model.000.24.pdb,model.000.12.pdb,No common_epitopes
model.000.24.pdb,model.000.13.pdb,104S,101L,35E,106P,3V,102D,51K,109T,10K,38E,77Y,61K,63D,105N,58K,56F,75L,50N,34E,73C,107V,4T,72K,87N,32V,36T,49V,103T,2K,108K,33N,88E,62I,60I,76G,74N
model.000.24.pdb,model.000.14.pdb,104S,101L,107V,106P,77Y,87N,88E,109T,108K,76G,105N,75L
model.000.24.pdb,model.000.15.pdb,104S,109T,107V,106P,102D,103T,88E,108K,105N
model.000.24.pdb,model.000.16.pdb,38E
model.000.24.pdb,model.000.17.pdb,No common_epitopes
model.000.24.pdb,model.000.18.pdb,73C,47K,72K,59C,62I,48T,45D,58K
model.000.24.pdb,model.000.19.pdb,47K,48T,45D
model.000.24.pdb,model.000.20.pdb,50N,10K,35E,38E,49V,34E,4T,77Y,3V,33N,32V,74N,51K,36T,2K,8V,58K,56F,75L
model.000.24.pdb,model.000.21.pdb,104S,101L,4T,3V,102D,105N,109T,103T,2K
model.000.24.pdb,model.000.22.pdb,104S,34E,4T,3V,102D,103T,109T,105N,2K
model.000.24.pdb,model.000.23.pdb,56F
model.000.24.pdb,model.000.24.pdb,No common_epitopes
model.000.24.pdb,model.000.25.pdb,No common_epitopes
model.000.24.pdb,model.000.26.pdb,56F
model.000.24.pdb,model.000.27.pdb,51K,38E,47K,59C,46E,48T,45D
model.000.24.pdb,model.000.28.pdb,104S,101L,4T,102D,105N,109T,108K,103T,2K
model.000.24.pdb,model.000.29.pdb,101L,51K,106P,3V,102D,10K,77Y,35E,61K,103T,58K,56F,75L,50N,34E,107V,4T,87N,32V,36T,105N,2K,108K,33N,88E,49V,8V,76G,74N
model.000.25.pdb,model.000.00.pdb,No common_epitopes
model.000.25.pdb,model.000.01.pdb,57S,72K,59C,63D,60I,58K
model.000.25.pdb,model.000.02.pdb,29L,82N,53C,43K,41V,84C,80V,54G,30V,44C,71C,83V,42L,81N,40K,28D,79M,57S,27N,59C,31L,55D,45D
model.000.25.pdb,model.000.03.pdb,No common_epitopes
model.000.25.pdb,model.000.04.pdb,No common_epitopes
model.000.25.pdb,model.000.05.pdb,29L,82N,83V,42L,81N,40K,28D,30V,84C,27N,31L,55D,80V
model.000.25.pdb,model.000.06.pdb,27N
model.000.25.pdb,model.000.07.pdb,No common_epitopes
model.000.25.pdb,model.000.08.pdb,29L,40K,41V,27N
model.000.25.pdb,model.000.09.pdb,29L,82N,53C,43K,42L,40K,28D,30V,41V,55D,84C,27N,31L,44C,83V,93T,81N,80V,54G
model.000.25.pdb,model.000.10.pdb,29L,42L,40K,28D,27N,41V
model.000.25.pdb,model.000.11.pdb,No common_epitopes
model.000.25.pdb,model.000.12.pdb,No common_epitopes
model.000.25.pdb,model.000.13.pdb,57S,72K,63D,90K,62I,60I,58K
model.000.25.pdb,model.000.14.pdb,78D,90K,91Q,93T
model.000.25.pdb,model.000.15.pdb,No common_epitopes
model.000.25.pdb,model.000.16.pdb,29L,43K,40K,28D,27N,41V,42L
model.000.25.pdb,model.000.17.pdb,29L,82N,53C,43K,41V,84C,90K,54G,30V,44C,71C,83V,42L,81N,69Y,40K,28D,79M,93T,57S,27N,31L,55D,70A
model.000.25.pdb,model.000.18.pdb,29L,82N,53C,43K,72K,78D,41V,84C,90K,80V,68S,54G,67V,30V,44C,71C,58K,83V,42L,81N,69Y,40K,28D,79M,93T,57S,27N,66P,59C,31L,55D,62I,45D,70A
model.000.25.pdb,model.000.19.pdb,29L,82N,53C,43K,42L,57S,45D,40K,28D,30V,41V,84C,27N,55D,44C,83V,79M,81N,54G
model.000.25.pdb,model.000.20.pdb,41V,29L,40K,58K,42L
model.000.25.pdb,model.000.21.pdb,No common_epitopes
model.000.25.pdb,model.000.22.pdb,No common_epitopes
model.000.25.pdb,model.000.23.pdb,29L,82N,53C,43K,81N,40K,28D,30V,42L,55D,84C,27N,31L,83V,90K,79M,93T,91Q,80V,54G
model.000.25.pdb,model.000.24.pdb,82N,83V,81N,90K,91Q,93T
model.000.25.pdb,model.000.25.pdb,82N,83V,81N,40K,28D,27N,80V,93T
model.000.25.pdb,model.000.26.pdb,29L,82N,83V,54G,81N,57S,40K,28D,30V,84C,27N,31L,55D,79M,93T,91Q,80V,42L
model.000.25.pdb,model.000.27.pdb,29L,43K,40K,41V,59C,44C,45D,42L
model.000.25.pdb,model.000.28.pdb,No common_epitopes
model.000.25.pdb,model.000.29.pdb,90K,58K
model.000.26.pdb,model.000.00.pdb,No common_epitopes
model.000.26.pdb,model.000.01.pdb,73C,57S,72K,61K,46E,60I,58K
model.000.26.pdb,model.000.02.pdb,82N,83V,43K,81N,57S,47K,45D,84C,44C,79M,71C,80V,42L
model.000.26.pdb,model.000.03.pdb,No common_epitopes
model.000.26.pdb,model.000.04.pdb,No common_epitopes
model.000.26.pdb,model.000.05.pdb,82N,83V,42L,81N,84C,80V
model.000.26.pdb,model.000.06.pdb,No common_epitopes
model.000.26.pdb,model.000.07.pdb,No common_epitopes
model.000.26.pdb,model.000.08.pdb,47K
model.000.26.pdb,model.000.09.pdb,82N,83V,43K,81N,84C,44C,80V,42L
model.000.26.pdb,model.000.10.pdb,47K,42L
model.000.26.pdb,model.000.11.pdb,No common_epitopes
model.000.26.pdb,model.000.12.pdb,No common_epitopes
model.000.26.pdb,model.000.13.pdb,73C,57S,72K,61K,90K,62I,60I,58K
model.000.26.pdb,model.000.14.pdb,90K
model.000.26.pdb,model.000.15.pdb,No common_epitopes
model.000.26.pdb,model.000.16.pdb,43K,42L
model.000.26.pdb,model.000.17.pdb,82N,83V,43K,81N,57S,69Y,84C,44C,90K,79M,71C,70A,42L
model.000.26.pdb,model.000.18.pdb,82N,43K,47K,72K,84C,90K,80V,68S,67V,44C,71C,58K,73C,83V,42L,81N,69Y,79M,57S,66P,62I,45D,70A
model.000.26.pdb,model.000.19.pdb,82N,83V,43K,81N,57S,47K,84C,44C,79M,45D,42L
model.000.26.pdb,model.000.20.pdb,58K,42L
model.000.26.pdb,model.000.21.pdb,No common_epitopes
model.000.26.pdb,model.000.22.pdb,No common_epitopes
model.000.26.pdb,model.000.23.pdb,82N,83V,43K,81N,84C,90K,79M,80V,42L
model.000.26.pdb,model.000.24.pdb,90K,82N,83V,81N
model.000.26.pdb,model.000.25.pdb,82N,83V,80V,81N
model.000.26.pdb,model.000.26.pdb,82N,83V,42L,81N,57S,84C,79M,80V
model.000.26.pdb,model.000.27.pdb,42L,47K,46E,44C,45D,43K
model.000.26.pdb,model.000.28.pdb,No common_epitopes
model.000.26.pdb,model.000.29.pdb,90K,58K,61K
model.000.27.pdb,model.000.00.pdb,138L,147C,141L,136C,149A,140C,6D,156C,145E,159K,154Y,135K,148K,137S,134T,144Q,146T,133E,139K,142K
model.000.27.pdb,model.000.01.pdb,No common_epitopes
model.000.27.pdb,model.000.02.pdb,149A,152G,148K,151D,150V,162F,158C
model.000.27.pdb,model.000.03.pdb,138L,141L,136C,140C,6D,134T,135K,137S,133E,139K
model.000.27.pdb,model.000.04.pdb,139K,136C,134T,154Y,135K,137S,132G,133E,6D
model.000.27.pdb,model.000.05.pdb,147C,152G,149A,148K,151D,156C,159K,154Y,150V,162F,116I,158C,133E,161G,160D
model.000.27.pdb,model.000.06.pdb,138L,145E,139K,140C,6D,156C,159K,169I,170C,143E,144Q,141L,142K
model.000.27.pdb,model.000.07.pdb,139K,134T,135K,137S,132G,133E,6D
model.000.27.pdb,model.000.08.pdb,138L,145E,170C,141L,140C,6D,156C,169I,143E,146T,144Q,158C,139K,142K
model.000.27.pdb,model.000.09.pdb,151D,152G,116I
model.000.27.pdb,model.000.10.pdb,170C,145E,141L,140C,156C,169I,143E,144Q,146T,142K
model.000.27.pdb,model.000.11.pdb,147C,152G,136C,149A,148K,151D,116I,134T,159K,154Y,135K,137S,150V,162F,146T,133E,161G,160D,158C,132G
model.000.27.pdb,model.000.12.pdb,138L,147C,141L,136C,145E,162F,160D,149A,159K,135K,133E,139K,140C,154Y,137S,144Q,146T,142K,6D,148K,134T,132G,116I
model.000.27.pdb,model.000.13.pdb,No common_epitopes
model.000.27.pdb,model.000.14.pdb,No common_epitopes
model.000.27.pdb,model.000.15.pdb,134T
model.000.27.pdb,model.000.16.pdb,149A,152G,148K,151D,156C,159K,169I,170C,150V,162F,146T,161G,158C,160D
model.000.27.pdb,model.000.17.pdb,151D,152G,150V
model.000.27.pdb,model.000.18.pdb,151D,152G,150V
model.000.27.pdb,model.000.19.pdb,150V,151D,149A,162F,158C
model.000.27.pdb,model.000.20.pdb,6D,139K
model.000.27.pdb,model.000.21.pdb,138L,139K,136C,134T,154Y,135K,137S,132G,133E,6D
model.000.27.pdb,model.000.22.pdb,139K,136C,134T,154Y,135K,137S,132G,133E,6D
model.000.27.pdb,model.000.23.pdb,151D,152G,150V
model.000.27.pdb,model.000.24.pdb,147C,152G,136C,149A,148K,151D,116I,134T,159K,154Y,135K,150V,162F,158C,133E,161G,160D,132G
model.000.27.pdb,model.000.25.pdb,149A,152G,148K,151D,159K,116I,150V,162F,161G,158C,160D
model.000.27.pdb,model.000.26.pdb,149A,152G,148K,151D,156C,159K,150V,162F,161G,158C,160D
model.000.27.pdb,model.000.27.pdb,No common_epitopes
model.000.27.pdb,model.000.28.pdb,138L,139K,136C,134T,154Y,135K,137S,132G,133E
model.000.27.pdb,model.000.29.pdb,6D
model.000.28.pdb,model.000.00.pdb,136C,4T,5V,134T,135K,137S,133E,21L,16Q
model.000.28.pdb,model.000.01.pdb,104S,101L,107V,106P,4T,3V,102D,7T,105N,108K,103T,2K
model.000.28.pdb,model.000.02.pdb,No common_epitopes
model.000.28.pdb,model.000.03.pdb,104S,136C,100I,106P,5V,3V,102D,109T,113S,135K,7T,105N,133E,20H,16Q,101L,107V,4T,119V,18S,137S,111V,19G,103T,2K,17M,134T,120P,21L,108K
model.000.28.pdb,model.000.04.pdb,104S,136C,100I,106P,5V,3V,102D,109T,123Q,113S,135K,7T,105N,133E,20H,121N,16Q,101L,4T,119V,18S,137S,111V,19G,103T,2K,122V,134T,120P,125Q,126N,21L,112C,127K,130K
model.000.28.pdb,model.000.05.pdb,133E
model.000.28.pdb,model.000.06.pdb,4T,5V,7T,2K
model.000.28.pdb,model.000.07.pdb,104S,100I,106P,5V,3V,102D,109T,123Q,113S,135K,7T,105N,133E,20H,121N,16Q,101L,107V,4T,119V,18S,137S,111V,19G,103T,2K,122V,17M,134T,120P,126N,21L,112C,130K
model.000.28.pdb,model.000.08.pdb,5V,7T
model.000.28.pdb,model.000.09.pdb,18S,127K,125Q
model.000.28.pdb,model.000.10.pdb,7T
model.000.28.pdb,model.000.11.pdb,136C,134T,119V,135K,137S,133E,130K
model.000.28.pdb,model.000.12.pdb,136C,134T,119V,135K,137S,133E,130K
model.000.28.pdb,model.000.13.pdb,104S,109T,107V,106P,4T,101L,3V,102D,7T,105N,108K,103T,2K
model.000.28.pdb,model.000.14.pdb,104S,110G,123Q,122V,107V,106P,111V,101L,120P,127K,126N,125Q,109T,108K,112C,121N,105N
model.000.28.pdb,model.000.15.pdb,104S,110G,100I,106P,111V,102D,109T,123Q,113S,127K,105N,20H,121N,16Q,107V,18S,125Q,21L,103T,122V,17M,134T,120P,126N,19G,112C,108K
model.000.28.pdb,model.000.16.pdb,No common_epitopes
model.000.28.pdb,model.000.17.pdb,127K,121N,125Q
model.000.28.pdb,model.000.18.pdb,No common_epitopes
model.000.28.pdb,model.000.19.pdb,No common_epitopes
model.000.28.pdb,model.000.20.pdb,4T,5V,3V,7T,2K
model.000.28.pdb,model.000.21.pdb,104S,110G,136C,100I,5V,3V,102D,109T,123Q,113S,135K,7T,105N,133E,20H,121N,16Q,101L,4T,119V,18S,137S,111V,19G,103T,2K,122V,134T,120P,126N,21L,112C,130K
model.000.28.pdb,model.000.22.pdb,104S,136C,100I,5V,3V,102D,109T,123Q,113S,135K,103T,133E,20H,121N,16Q,4T,119V,18S,137S,111V,19G,105N,2K,122V,17M,134T,120P,126N,21L,112C,130K
model.000.28.pdb,model.000.23.pdb,130K,112C,121N,127K,125Q
model.000.28.pdb,model.000.24.pdb,17M,136C,134T,135K,127K,133E,130K
model.000.28.pdb,model.000.25.pdb,130K,17M,127K,121N,125Q
model.000.28.pdb,model.000.26.pdb,No common_epitopes
model.000.28.pdb,model.000.27.pdb,No common_epitopes
model.000.28.pdb,model.000.28.pdb,104S,110G,136C,100I,5V,102D,109T,113S,135K,105N,133E,20H,121N,16Q,101L,4T,119V,18S,137S,111V,19G,103T,2K,122V,17M,134T,120P,126N,21L,112C,108K,130K
model.000.28.pdb,model.000.29.pdb,101L,107V,106P,4T,3V,102D,7T,105N,108K,103T,2K
model.000.29.pdb,model.000.00.pdb,149A
model.000.29.pdb,model.000.01.pdb,No common_epitopes
model.000.29.pdb,model.000.02.pdb,149A,82N,83V,81N,151D,24K,97G,115N,150V,153I,152G,79M,80V,95G
model.000.29.pdb,model.000.03.pdb,98K,17M
model.000.29.pdb,model.000.04.pdb,124D,127K,131D,126N,125Q,130K,121N,123Q
model.000.29.pdb,model.000.05.pdb,149A,82N,83V,81N,151D,153I,116I,115N,150V,118K,152G,96N,131D,80V,95G,24K
model.000.29.pdb,model.000.06.pdb,No common_epitopes
model.000.29.pdb,model.000.07.pdb,17M,123Q,131D,118K,128C,130K,121N,126N
model.000.29.pdb,model.000.08.pdb,No common_epitopes
model.000.29.pdb,model.000.09.pdb,82N,124D,151D,127K,118K,128C,96N,80V,92V,24K,94C,115N,131D,99C,152G,83V,81N,97G,125Q,129S,85I,95G,93T,98K,116I
model.000.29.pdb,model.000.10.pdb,No common_epitopes
model.000.29.pdb,model.000.11.pdb,149A,152G,151D,153I,115N,150V,118K,96N,131D,116I,130K
model.000.29.pdb,model.000.12.pdb,149A,131D,130K,118K,116I
model.000.29.pdb,model.000.13.pdb,90K
model.000.29.pdb,model.000.14.pdb,124D,91Q,127K,126N,128C,125Q,90K,93T,121N,94C,92V,123Q
model.000.29.pdb,model.000.15.pdb,17M,124D,127K,126N,125Q,121N,92V,123Q
model.000.29.pdb,model.000.16.pdb,151D,152G,150V,24K,149A
model.000.29.pdb,model.000.17.pdb,82N,124D,151D,127K,153I,118K,128C,90K,96N,94C,24K,115N,131D,121N,152G,83V,81N,97G,150V,125Q,129S,79M,95G,93T
model.000.29.pdb,model.000.18.pdb,82N,83V,81N,79M,151D,24K,97G,115N,150V,153I,152G,90K,96N,80V,95G,93T
model.000.29.pdb,model.000.19.pdb,149A,82N,83V,81N,151D,24K,150V,153I,79M
model.000.29.pdb,model.000.20.pdb,No common_epitopes
model.000.29.pdb,model.000.21.pdb,130K,131D,121N,123Q,126N
model.000.29.pdb,model.000.22.pdb,17M,123Q,126N,131D,118K,129S,130K,121N,124D
model.000.29.pdb,model.000.23.pdb,82N,124D,151D,153I,118K,128C,90K,96N,80V,92V,24K,94C,115N,127K,99C,121N,152G,83V,81N,97G,150V,125Q,129S,79M,91Q,85I,95G,93T,98K,130K
model.000.29.pdb,model.000.24.pdb,82N,124D,151D,153I,118K,128C,90K,96N,94C,92V,149A,24K,115N,127K,99C,131D,152G,83V,81N,97G,150V,129S,91Q,95G,93T,17M,98K,116I,130K
model.000.29.pdb,model.000.25.pdb,82N,124D,151D,153I,118K,128C,96N,80V,92V,149A,24K,94C,115N,127K,99C,131D,121N,152G,83V,81N,97G,150V,125Q,129S,95G,93T,17M,98K,116I,130K
model.000.29.pdb,model.000.26.pdb,82N,151D,153I,118K,128C,96N,80V,92V,149A,24K,94C,115N,99C,152G,83V,81N,97G,150V,79M,91Q,85I,95G,93T,98K
model.000.29.pdb,model.000.27.pdb,No common_epitopes
model.000.29.pdb,model.000.28.pdb,17M,126N,131D,118K,121N,130K
model.000.29.pdb,model.000.29.pdb,90K
