6b0a,6phc,Common_Epitopes
model.000.00.pdb,model.000.00.pdb,10K,35E,141L,34E,6D,9C,5V,7T,139K,36T,8V,4T,33N,2K
model.000.00.pdb,model.000.01.pdb,29L,141L,13F,26E,12G,9C,5V,40K,51K,27N,39E,41V,7T,11R,6D,14L,8V,142K
model.000.00.pdb,model.000.02.pdb,139K,6D,4T,5V,7T,141L,142K,2K
model.000.00.pdb,model.000.03.pdb,51K,37C,5V,35E,10K,38E,12G,9C,77Y,7T,58K,56F,75L,50N,34E,4T,11R,52P,36T,2K,6D,39E,33N,31L,32V,8V,74N
model.000.00.pdb,model.000.04.pdb,139K,6D,4T,5V,7T,141L,142K,8V,9C
model.000.00.pdb,model.000.05.pdb,29L,54G,26E,37C,40K,27N,31L,56F,13F
model.000.00.pdb,model.000.06.pdb,29L,54G,26E,12G,57S,37C,40K,27N,41V,32V,31L,142K,56F,13F
model.000.00.pdb,model.000.07.pdb,10K,35E,141L,34E,6D,4T,5V,77Y,7T,74N,33N,139K,36T,2K,8V,56F,75L
model.000.00.pdb,model.000.08.pdb,34E,139K,4T,5V,77Y,7T,32V,74N,33N,6D,2K,58K,56F,75L
model.000.00.pdb,model.000.09.pdb,10K,35E,141L,13F,12G,6D,37C,5V,4T,7T,11R,8V,139K,36T,2K,142K,9C,14L
model.000.00.pdb,model.000.10.pdb,29L,54G,26E,40K,27N,31L
model.000.00.pdb,model.000.11.pdb,10K,51K,38E,26E,12G,37C,40K,29L,27N,39E,41V,11R,14L,142K,9C,13F
model.000.00.pdb,model.000.12.pdb,51K,35E,10K,38E,26E,12G,9C,77Y,7T,58K,56F,75L,50N,34E,54G,4T,11R,72K,52P,36T,2K,6D,39E,57S,33N,31L,32V,8V,74N
model.000.00.pdb,model.000.13.pdb,No common_epitopes
model.000.00.pdb,model.000.14.pdb,6D,139K,4T,5V,141L
model.000.00.pdb,model.000.15.pdb,51K,38E,39E,57S,11R,40K,29L,27N,41V,52P,31L,56F,54G
model.000.00.pdb,model.000.16.pdb,29L,54G,26E,57S,37C,11R,40K,72K,27N,39E,41V,31L,56F,13F
model.000.00.pdb,model.000.17.pdb,29L,37C,5V,51K,41V,142K,10K,38E,26E,12G,9C,35E,7T,14L,58K,50N,34E,139K,4T,40K,32V,36T,2K,6D,13F,39E,27N,33N,11R,8V
model.000.00.pdb,model.000.18.pdb,6D,4T,5V,141L,7T,139K,142K
model.000.00.pdb,model.000.19.pdb,29L,38E,26E,11R,40K,27N,39E,41V,31L,56F,13F
model.000.00.pdb,model.000.20.pdb,139K,142K,141L
model.000.00.pdb,model.000.21.pdb,No common_epitopes
model.000.00.pdb,model.000.22.pdb,35E,141L,5V,142K,10K,12G,9C,77Y,7T,14L,58K,56F,75L,34E,139K,4T,32V,36T,2K,6D,33N,8V,74N
model.000.00.pdb,model.000.23.pdb,141L,13F,12G,6D,9C,5V,7T,8V,139K,14L,142K,4T
model.000.00.pdb,model.000.24.pdb,4T,7T,2K
model.000.00.pdb,model.000.25.pdb,139K,6D,4T,5V,7T,141L,142K,2K
model.000.00.pdb,model.000.26.pdb,29L,54G,57S,77Y,40K,72K,27N,31L,58K
model.000.00.pdb,model.000.27.pdb,51K,37C,35E,10K,38E,77Y,7T,58K,56F,75L,50N,34E,4T,72K,52P,36T,2K,39E,33N,11R,32V,8V,74N
model.000.00.pdb,model.000.28.pdb,35E,141L,37C,5V,29L,142K,10K,26E,12G,9C,7T,14L,34E,139K,36T,2K,6D,39E,27N,33N,11R,8V
model.000.00.pdb,model.000.29.pdb,29L,141L,37C,5V,142K,10K,38E,26E,12G,9C,7T,14L,139K,4T,32V,36T,6D,13F,39E,27N,11R,8V
model.000.01.pdb,model.000.00.pdb,15I,17M
model.000.01.pdb,model.000.01.pdb,29L,42L,26E,40K,51K,27N,28D,39E,41V,11R,163I,169I,164I,13F
model.000.01.pdb,model.000.02.pdb,17M,169I
model.000.01.pdb,model.000.03.pdb,51K,39E,37C,11R,31L,85I,56F
model.000.01.pdb,model.000.04.pdb,169I
model.000.01.pdb,model.000.05.pdb,29L,82N,53C,151D,37C,84C,24K,164I,80V,42L,26E,22E,30V,99C,71C,56F,83V,54G,81N,40K,28D,97G,163I,79M,85I,95G,17M,13F,25C,27N,23C,98K,31L,15I,55D
model.000.01.pdb,model.000.06.pdb,29L,82N,43K,151D,37C,41V,84C,24K,164I,80V,54G,26E,22E,30V,99C,44C,56F,83V,42L,81N,40K,28D,97G,163I,95G,17M,13F,57S,25C,27N,23C,98K,31L,15I,55D
model.000.01.pdb,model.000.07.pdb,22E,56F
model.000.01.pdb,model.000.08.pdb,85I,56F
model.000.01.pdb,model.000.09.pdb,17M,13F,37C,169I,11R,15I
model.000.01.pdb,model.000.10.pdb,29L,82N,53C,151D,84C,24K,80V,42L,26E,22E,30V,99C,83V,54G,81N,40K,28D,97G,85I,95G,17M,27N,98K,31L,15I,55D
model.000.01.pdb,model.000.11.pdb,51K,43K,26E,47K,37C,11R,40K,29L,24K,28D,13F,41V,27N,39E,151D,163I,169I,164I,25C,42L
model.000.01.pdb,model.000.12.pdb,51K,53C,54G,26E,98K,57S,11R,39E,31L,55D,85I,56F
model.000.01.pdb,model.000.13.pdb,98K,99C
model.000.01.pdb,model.000.14.pdb,17M
model.000.01.pdb,model.000.15.pdb,29L,82N,53C,43K,47K,51K,41V,84C,68S,54G,67V,30V,44C,48T,56F,83V,42L,81N,69Y,40K,28D,79M,39E,57S,27N,11R,31L,55D,45D
model.000.01.pdb,model.000.16.pdb,29L,82N,53C,43K,151D,37C,41V,84C,24K,164I,80V,54G,26E,11R,30V,44C,71C,56F,83V,42L,81N,69Y,40K,28D,169I,163I,79M,85I,13F,39E,57S,25C,27N,23C,31L,55D,70A
model.000.01.pdb,model.000.17.pdb,51K,42L,26E,47K,37C,11R,40K,29L,24K,28D,39E,41V,27N,25C,169I,164I,13F
model.000.01.pdb,model.000.18.pdb,No common_epitopes
model.000.01.pdb,model.000.19.pdb,29L,82N,53C,43K,151D,41V,84C,24K,164I,26E,22E,30V,56F,83V,42L,81N,11R,40K,28D,169I,163I,79M,85I,17M,13F,39E,25C,27N,98K,31L,15I,55D
model.000.01.pdb,model.000.20.pdb,163I,169I
model.000.01.pdb,model.000.21.pdb,17M,82N,83V,81N,151D,24K,85I,97G,98K,99C,55D,80V,95G
model.000.01.pdb,model.000.22.pdb,56F
model.000.01.pdb,model.000.23.pdb,164I,13F,169I
model.000.01.pdb,model.000.24.pdb,17M
model.000.01.pdb,model.000.25.pdb,17M
model.000.01.pdb,model.000.26.pdb,29L,82N,53C,151D,84C,30V,80V,68S,42L,24K,71C,83V,54G,81N,69Y,40K,28D,97G,79M,95G,17M,57S,25C,27N,98K,31L,55D,70A
model.000.01.pdb,model.000.27.pdb,51K,39E,37C,80V,11R,79M,85I,56F
model.000.01.pdb,model.000.28.pdb,29L,26E,39E,37C,27N,169I,11R,164I
model.000.01.pdb,model.000.29.pdb,29L,13F,39E,37C,26E,27N,169I,11R
model.000.02.pdb,model.000.00.pdb,104S,35E,141L,136C,100I,5V,3V,10K,9C,135K,7T,20H,16Q,34E,139K,4T,18S,137S,36T,19G,103T,2K,6D,33N,21L,8V
model.000.02.pdb,model.000.01.pdb,6D,9C,5V,7T,141L,14L,8V
model.000.02.pdb,model.000.02.pdb,19G,141L,136C,6D,4T,5V,3V,135K,18S,137S,7T,139K,20H,21L,16Q,2K
model.000.02.pdb,model.000.03.pdb,104S,35E,100I,5V,3V,102D,109T,10K,9C,7T,20H,101L,34E,4T,111V,36T,19G,103T,2K,6D,33N,21L,8V
model.000.02.pdb,model.000.04.pdb,141L,136C,4T,6D,9C,5V,135K,137S,7T,139K,8V,16Q
model.000.02.pdb,model.000.05.pdb,No common_epitopes
model.000.02.pdb,model.000.06.pdb,16Q
model.000.02.pdb,model.000.07.pdb,104S,35E,141L,136C,100I,5V,3V,102D,109T,10K,135K,7T,105N,20H,16Q,101L,34E,139K,4T,137S,36T,19G,103T,2K,6D,33N,21L,8V
model.000.02.pdb,model.000.08.pdb,104S,109T,139K,34E,6D,4T,5V,101L,3V,102D,137S,7T,105N,33N,20H,21L,16Q,103T,2K
model.000.02.pdb,model.000.09.pdb,10K,35E,141L,136C,4T,6D,9C,5V,3V,135K,8V,137S,7T,139K,36T,20H,14L,19G,21L,16Q,2K
model.000.02.pdb,model.000.10.pdb,No common_epitopes
model.000.02.pdb,model.000.11.pdb,10K,9C,14L
model.000.02.pdb,model.000.12.pdb,104S,10K,35E,6D,21L,100I,34E,9C,33N,101L,3V,102D,7T,105N,20H,36T,8V,4T,103T,2K
model.000.02.pdb,model.000.13.pdb,109T,120P,100I,111V
model.000.02.pdb,model.000.14.pdb,19G,141L,136C,6D,4T,5V,3V,120P,135K,18S,137S,139K,20H,21L,16Q
model.000.02.pdb,model.000.15.pdb,No common_epitopes
model.000.02.pdb,model.000.16.pdb,No common_epitopes
model.000.02.pdb,model.000.17.pdb,10K,35E,139K,34E,9C,5V,3V,7T,36T,6D,14L,8V,4T,33N,2K
model.000.02.pdb,model.000.18.pdb,19G,141L,136C,6D,4T,5V,3V,135K,18S,137S,7T,139K,20H,21L,16Q
model.000.02.pdb,model.000.19.pdb,20H
model.000.02.pdb,model.000.20.pdb,135K,139K,137S,141L,136C
model.000.02.pdb,model.000.21.pdb,18S
model.000.02.pdb,model.000.22.pdb,104S,35E,141L,5V,3V,102D,10K,9C,7T,103T,14L,101L,34E,139K,4T,137S,36T,105N,2K,6D,33N,21L,8V
model.000.02.pdb,model.000.23.pdb,141L,136C,4T,6D,9C,5V,135K,137S,7T,8V,139K,14L,21L,16Q
model.000.02.pdb,model.000.24.pdb,104S,109T,19G,100I,18S,4T,101L,3V,120P,135K,102D,137S,7T,105N,111V,20H,21L,16Q,103T,2K
model.000.02.pdb,model.000.25.pdb,104S,19G,141L,136C,6D,4T,5V,3V,135K,18S,137S,7T,139K,20H,21L,16Q,105N,2K
model.000.02.pdb,model.000.26.pdb,No common_epitopes
model.000.02.pdb,model.000.27.pdb,101L,10K,35E,100I,34E,4T,33N,3V,7T,36T,8V,103T,2K
model.000.02.pdb,model.000.28.pdb,10K,35E,141L,34E,6D,9C,5V,3V,7T,139K,36T,8V,14L,33N,2K
model.000.02.pdb,model.000.29.pdb,10K,141L,6D,9C,5V,7T,36T,139K,14L,8V,4T
model.000.03.pdb,model.000.00.pdb,104S,34E,17M,6D,21L,4T,5V,3V,18S,33N,20H,19G,16Q,103T,2K
model.000.03.pdb,model.000.01.pdb,5V,6D
model.000.03.pdb,model.000.02.pdb,17M,6D,21L,4T,5V,3V,18S,20H,19G,16Q,2K
model.000.03.pdb,model.000.03.pdb,104S,86P,5V,3V,102D,77Y,20H,58K,56F,75L,101L,34E,4T,87N,32V,19G,103T,2K,6D,33N,21L,108K,76G,74N
model.000.03.pdb,model.000.04.pdb,4T,5V,6D,16Q
model.000.03.pdb,model.000.05.pdb,22E,17M,56F
model.000.03.pdb,model.000.06.pdb,17M,22E,32V,16Q,56F
model.000.03.pdb,model.000.07.pdb,104S,106P,5V,3V,102D,22E,77Y,103T,86P,20H,16Q,56F,75L,101L,34E,107V,4T,21L,105N,2K,6D,33N,19G,108K,74N
model.000.03.pdb,model.000.08.pdb,104S,106P,5V,3V,102D,77Y,103T,86P,20H,58K,56F,75L,101L,34E,107V,4T,87N,32V,105N,2K,6D,16Q,33N,21L,108K,76G,74N
model.000.03.pdb,model.000.09.pdb,17M,6D,21L,4T,5V,3V,20H,19G,16Q,2K
model.000.03.pdb,model.000.10.pdb,22E,17M
model.000.03.pdb,model.000.11.pdb,No common_epitopes
model.000.03.pdb,model.000.12.pdb,104S,86P,3V,102D,77Y,103T,20H,58K,56F,75L,101L,34E,4T,87N,32V,105N,2K,6D,33N,21L,108K,76G,74N
model.000.03.pdb,model.000.13.pdb,107V,87N,108K
model.000.03.pdb,model.000.14.pdb,17M,6D,21L,4T,5V,3V,18S,20H,19G,16Q
model.000.03.pdb,model.000.15.pdb,56F
model.000.03.pdb,model.000.16.pdb,56F
model.000.03.pdb,model.000.17.pdb,34E,6D,4T,5V,3V,33N,32V,58K,2K
model.000.03.pdb,model.000.18.pdb,6D,21L,4T,5V,3V,18S,20H,19G,16Q
model.000.03.pdb,model.000.19.pdb,20H,22E,17M,56F
model.000.03.pdb,model.000.20.pdb,No common_epitopes
model.000.03.pdb,model.000.21.pdb,18S,17M
model.000.03.pdb,model.000.22.pdb,104S,106P,5V,3V,102D,77Y,103T,58K,56F,75L,101L,34E,107V,4T,87N,32V,105N,2K,6D,33N,21L,108K,76G,74N
model.000.03.pdb,model.000.23.pdb,21L,4T,5V,6D,16Q
model.000.03.pdb,model.000.24.pdb,104S,101L,17M,21L,18S,107V,106P,4T,3V,102D,105N,20H,19G,108K,16Q,103T,2K
model.000.03.pdb,model.000.25.pdb,104S,17M,6D,21L,4T,5V,3V,18S,20H,19G,16Q,105N,2K
model.000.03.pdb,model.000.26.pdb,17M,77Y,58K
model.000.03.pdb,model.000.27.pdb,101L,34E,107V,106P,4T,77Y,3V,76G,87N,33N,32V,103T,86P,74N,2K,108K,58K,56F,75L
model.000.03.pdb,model.000.28.pdb,34E,6D,5V,3V,33N,2K
model.000.03.pdb,model.000.29.pdb,6D,4T,5V,32V
model.000.04.pdb,model.000.00.pdb,138L,147C,141L,136C,140C,6D,4T,5V,134T,3V,154Y,135K,137S,7T,146T,139K,21L,116I
model.000.04.pdb,model.000.01.pdb,145E,156C,141L,5V,159K,157D,7T,143E,162F,144Q,6D,142K,169I
model.000.04.pdb,model.000.02.pdb,138L,147C,141L,136C,145E,5V,3V,157D,143E,159K,135K,7T,133E,139K,140C,4T,156C,169I,137S,144Q,146T,142K,6D,148K,134T,132G,21L
model.000.04.pdb,model.000.03.pdb,6D,4T,5V,3V,7T,21L
model.000.04.pdb,model.000.04.pdb,138L,145E,141L,136C,147C,5V,143E,162F,158C,160D,159K,135K,7T,139K,140C,4T,156C,169I,137S,144Q,146T,142K,154Y,6D,148K
model.000.04.pdb,model.000.05.pdb,149A,116I,148K,156C,159K,157D,162F,146T,158C,154Y,160D
model.000.04.pdb,model.000.06.pdb,145E,148K,156C,159K,157D,162F,158C,142K,132G
model.000.04.pdb,model.000.07.pdb,138L,141L,136C,140C,6D,4T,5V,3V,135K,137S,7T,139K,21L
model.000.04.pdb,model.000.08.pdb,139K,4T,5V,3V,137S,7T,6D,21L
model.000.04.pdb,model.000.09.pdb,138L,145E,156C,141L,136C,140C,6D,4T,5V,3V,169I,135K,137S,143E,139K,142K,21L,7T
model.000.04.pdb,model.000.10.pdb,147C,149A,148K,116I,134T,159K,157D,162F,133E,158C,154Y,160D,132G
model.000.04.pdb,model.000.11.pdb,148K,156C,159K,157D,162F,158C,142K,169I,160D
model.000.04.pdb,model.000.12.pdb,21L,4T,7T,6D,3V
model.000.04.pdb,model.000.13.pdb,No common_epitopes
model.000.04.pdb,model.000.14.pdb,138L,147C,141L,136C,149A,140C,6D,4T,5V,134T,3V,154Y,135K,148K,137S,132G,133E,139K,21L,116I
model.000.04.pdb,model.000.15.pdb,No common_epitopes
model.000.04.pdb,model.000.16.pdb,158C,156C,169I,157D
model.000.04.pdb,model.000.17.pdb,145E,139K,4T,5V,3V,169I,7T,6D,142K
model.000.04.pdb,model.000.18.pdb,138L,147C,141L,136C,145E,5V,3V,162F,158C,160D,149A,159K,135K,7T,133E,139K,140C,4T,154Y,137S,144Q,146T,142K,6D,148K,134T,132G,21L,116I
model.000.04.pdb,model.000.19.pdb,149A,148K,156C,159K,157D,162F,158C,169I,160D
model.000.04.pdb,model.000.20.pdb,138L,147C,141L,136C,145E,157D,143E,162F,158C,160D,149A,159K,135K,139K,140C,156C,154Y,137S,144Q,146T,142K,169I,148K
model.000.04.pdb,model.000.21.pdb,149A,116I,132G,154Y
model.000.04.pdb,model.000.22.pdb,138L,145E,156C,141L,140C,6D,4T,5V,3V,137S,7T,139K,142K,21L
model.000.04.pdb,model.000.23.pdb,138L,145E,141L,136C,147C,5V,157D,143E,162F,158C,159K,135K,7T,139K,140C,4T,169I,137S,144Q,146T,142K,6D,21L
model.000.04.pdb,model.000.24.pdb,4T,134T,3V,135K,137S,7T,133E,21L
model.000.04.pdb,model.000.25.pdb,138L,147C,141L,136C,145E,5V,3V,143E,159K,135K,7T,133E,139K,140C,4T,156C,137S,144Q,146T,142K,6D,134T,132G,21L,116I
model.000.04.pdb,model.000.26.pdb,116I
model.000.04.pdb,model.000.27.pdb,4T,7T,3V
model.000.04.pdb,model.000.28.pdb,138L,145E,156C,141L,140C,6D,5V,3V,169I,143E,144Q,139K,142K,7T
model.000.04.pdb,model.000.29.pdb,145E,156C,141L,140C,6D,4T,5V,159K,169I,143E,162F,144Q,139K,142K,7T
model.000.05.pdb,model.000.00.pdb,104S,100I,18S,20H,19G,103T
model.000.05.pdb,model.000.01.pdb,No common_epitopes
model.000.05.pdb,model.000.02.pdb,119V,18S,132G,133E,20H,19G
model.000.05.pdb,model.000.03.pdb,104S,109T,100I,102D,88E,111V,20H,19G,108K,103T
model.000.05.pdb,model.000.04.pdb,No common_epitopes
model.000.05.pdb,model.000.05.pdb,131D,99C,93T
model.000.05.pdb,model.000.06.pdb,124D,127K,131D,132G,99C,125Q,130K,121N,94C,93T
model.000.05.pdb,model.000.07.pdb,104S,109T,100I,107V,102D,105N,20H,19G,108K,103T
model.000.05.pdb,model.000.08.pdb,104S,109T,107V,102D,105N,88E,20H,108K,103T
model.000.05.pdb,model.000.09.pdb,20H,19G
model.000.05.pdb,model.000.10.pdb,89C,131D,132G,99C,133E,90K,94C,92V,93T
model.000.05.pdb,model.000.11.pdb,No common_epitopes
model.000.05.pdb,model.000.12.pdb,104S,100I,102D,103T,20H,108K,105N
model.000.05.pdb,model.000.13.pdb,110G,124D,100I,125Q,127K,90K,94C,92V,109T,123Q,89C,99C,121N,107V,111V,91Q,93T,122V,120P,126N,88E,112C,108K,130K
model.000.05.pdb,model.000.14.pdb,122V,120P,119V,18S,131D,126N,133E,20H,19G,130K,132G
model.000.05.pdb,model.000.15.pdb,No common_epitopes
model.000.05.pdb,model.000.16.pdb,No common_epitopes
model.000.05.pdb,model.000.17.pdb,No common_epitopes
model.000.05.pdb,model.000.18.pdb,119V,18S,131D,132G,133E,20H,19G,130K
model.000.05.pdb,model.000.19.pdb,20H
model.000.05.pdb,model.000.20.pdb,No common_epitopes
model.000.05.pdb,model.000.21.pdb,131D,112C,124D,132G,91Q,130K,89C,18S,127K,126N,99C,125Q,90K,93T,121N,94C,92V,123Q
model.000.05.pdb,model.000.22.pdb,104S,107V,102D,103T,88E,108K,105N
model.000.05.pdb,model.000.23.pdb,No common_epitopes
model.000.05.pdb,model.000.24.pdb,104S,110G,124D,100I,125Q,102D,92V,109T,123Q,127K,103T,133E,20H,121N,107V,119V,18S,111V,105N,122V,120P,126N,19G,112C,108K
model.000.05.pdb,model.000.25.pdb,104S,119V,18S,132G,133E,20H,19G,105N
model.000.05.pdb,model.000.26.pdb,90K,89C,91Q,93T
model.000.05.pdb,model.000.27.pdb,110G,100I,107V,89C,88E,90K,108K,103T
model.000.05.pdb,model.000.28.pdb,No common_epitopes
model.000.05.pdb,model.000.29.pdb,No common_epitopes
model.000.06.pdb,model.000.00.pdb,104S,138L,141L,136C,100I,5V,3V,113S,135K,7T,20H,16Q,34E,139K,140C,4T,18S,137S,21L,103T,2K,17M,6D,134T,19G
model.000.06.pdb,model.000.01.pdb,6D,142K,5V,141L,7T
model.000.06.pdb,model.000.02.pdb,138L,141L,136C,5V,3V,135K,7T,133E,20H,16Q,139K,140C,4T,119V,18S,137S,142K,19G,2K,17M,6D,134T,132G,21L
model.000.06.pdb,model.000.03.pdb,104S,109T,6D,100I,34E,4T,5V,101L,3V,102D,7T,111V,20H,19G,21L,103T,2K
model.000.06.pdb,model.000.04.pdb,138L,141L,136C,140C,6D,4T,5V,135K,137S,7T,139K,142K,16Q
model.000.06.pdb,model.000.05.pdb,113S,17M
model.000.06.pdb,model.000.06.pdb,17M,113S,132G,142K,16Q,130K
model.000.06.pdb,model.000.07.pdb,104S,138L,141L,136C,100I,5V,3V,102D,109T,135K,7T,103T,20H,16Q,101L,34E,139K,140C,4T,137S,19G,105N,2K,6D,21L
model.000.06.pdb,model.000.08.pdb,104S,109T,139K,34E,6D,4T,5V,101L,3V,102D,137S,7T,105N,20H,21L,16Q,103T,2K
model.000.06.pdb,model.000.09.pdb,138L,17M,141L,136C,140C,6D,4T,5V,3V,135K,137S,7T,139K,20H,142K,19G,21L,16Q,2K
model.000.06.pdb,model.000.10.pdb,17M,113S,134T,114C,132G,133E
model.000.06.pdb,model.000.11.pdb,142K
model.000.06.pdb,model.000.12.pdb,104S,101L,6D,100I,34E,4T,3V,102D,7T,103T,20H,21L,105N,2K
model.000.06.pdb,model.000.13.pdb,109T,100I,113S,120P,126N,111V,112C,130K
model.000.06.pdb,model.000.14.pdb,138L,141L,136C,5V,3V,113S,135K,133E,20H,16Q,126N,139K,140C,4T,119V,18S,137S,19G,17M,6D,134T,120P,132G,21L,130K
model.000.06.pdb,model.000.15.pdb,No common_epitopes
model.000.06.pdb,model.000.16.pdb,No common_epitopes
model.000.06.pdb,model.000.17.pdb,34E,139K,4T,5V,3V,7T,6D,142K,2K
model.000.06.pdb,model.000.18.pdb,138L,141L,136C,5V,3V,135K,7T,133E,20H,16Q,139K,140C,4T,119V,18S,137S,142K,21L,6D,134T,132G,19G,130K
model.000.06.pdb,model.000.19.pdb,20H,17M
model.000.06.pdb,model.000.20.pdb,138L,141L,136C,140C,135K,137S,139K,142K
model.000.06.pdb,model.000.21.pdb,17M,114C,113S,130K,18S,132G,112C,126N
model.000.06.pdb,model.000.22.pdb,138L,104S,141L,34E,140C,6D,4T,5V,101L,3V,102D,137S,7T,103T,139K,142K,21L,105N,2K
model.000.06.pdb,model.000.23.pdb,138L,141L,136C,140C,6D,4T,5V,135K,137S,7T,139K,142K,21L,16Q
model.000.06.pdb,model.000.24.pdb,104S,100I,3V,102D,109T,113S,135K,7T,105N,133E,20H,16Q,101L,4T,119V,18S,137S,111V,19G,103T,2K,17M,134T,120P,114C,126N,21L,112C
model.000.06.pdb,model.000.25.pdb,138L,104S,141L,136C,5V,3V,135K,7T,133E,20H,16Q,139K,140C,4T,119V,18S,137S,142K,21L,105N,2K,17M,6D,134T,132G,19G
model.000.06.pdb,model.000.26.pdb,17M
model.000.06.pdb,model.000.27.pdb,101L,34E,100I,4T,3V,7T,103T,2K
model.000.06.pdb,model.000.28.pdb,138L,34E,141L,140C,6D,5V,3V,7T,139K,142K,2K
model.000.06.pdb,model.000.29.pdb,139K,140C,6D,4T,5V,7T,141L,142K
model.000.07.pdb,model.000.00.pdb,10K,35E,141L,34E,6D,9C,5V,33N,3V,7T,139K,36T,8V,4T,103T,2K
model.000.07.pdb,model.000.01.pdb,145E,29L,141L,13F,26E,12G,8V,9C,5V,51K,169I,39E,41V,7T,11R,6D,14L,164I,142K
model.000.07.pdb,model.000.02.pdb,145E,139K,6D,4T,5V,3V,169I,7T,141L,142K,2K
model.000.07.pdb,model.000.03.pdb,35E,37C,5V,51K,10K,38E,12G,9C,7T,50N,34E,4T,3V,32V,36T,103T,2K,6D,39E,33N,11R,8V
model.000.07.pdb,model.000.04.pdb,145E,141L,6D,9C,5V,169I,7T,139K,142K,8V,4T
model.000.07.pdb,model.000.05.pdb,37C,164I,29L,26E,13F
model.000.07.pdb,model.000.06.pdb,145E,29L,13F,26E,12G,37C,41V,32V,142K,164I
model.000.07.pdb,model.000.07.pdb,10K,35E,141L,34E,6D,4T,5V,33N,3V,7T,139K,36T,8V,103T,2K
model.000.07.pdb,model.000.08.pdb,34E,139K,4T,5V,33N,3V,7T,32V,6D,103T,2K
model.000.07.pdb,model.000.09.pdb,145E,35E,141L,13F,10K,6D,37C,5V,3V,169I,4T,7T,139K,11R,8V,12G,36T,2K,142K,9C,14L
model.000.07.pdb,model.000.10.pdb,29L,26E
model.000.07.pdb,model.000.11.pdb,10K,51K,38E,26E,12G,47K,37C,29L,169I,39E,41V,142K,11R,14L,164I,9C,13F
model.000.07.pdb,model.000.12.pdb,35E,3V,51K,10K,38E,26E,12G,9C,7T,50N,34E,4T,32V,36T,103T,2K,6D,39E,33N,11R,49V,8V
model.000.07.pdb,model.000.13.pdb,No common_epitopes
model.000.07.pdb,model.000.14.pdb,6D,4T,5V,3V,141L,139K
model.000.07.pdb,model.000.15.pdb,51K,38E,39E,47K,29L,41V,11R,46E,49V,48T,45D
model.000.07.pdb,model.000.16.pdb,29L,13F,26E,37C,169I,39E,41V,11R,164I
model.000.07.pdb,model.000.17.pdb,145E,35E,47K,37C,5V,3V,41V,51K,164I,142K,10K,38E,26E,12G,9C,7T,14L,50N,34E,29L,139K,4T,169I,32V,36T,2K,6D,13F,39E,33N,11R,8V
model.000.07.pdb,model.000.18.pdb,145E,139K,6D,4T,5V,3V,7T,141L,142K
model.000.07.pdb,model.000.19.pdb,29L,38E,26E,169I,39E,41V,11R,164I,13F
model.000.07.pdb,model.000.20.pdb,145E,142K,141L,139K,169I
model.000.07.pdb,model.000.21.pdb,No common_epitopes
model.000.07.pdb,model.000.22.pdb,145E,35E,141L,8V,34E,10K,6D,9C,5V,33N,3V,4T,7T,139K,103T,12G,36T,32V,14L,142K,2K
model.000.07.pdb,model.000.23.pdb,145E,141L,13F,12G,6D,9C,5V,169I,7T,142K,8V,139K,14L,164I,4T
model.000.07.pdb,model.000.24.pdb,4T,7T,3V,103T,2K
model.000.07.pdb,model.000.25.pdb,145E,139K,6D,4T,5V,3V,7T,141L,142K,2K
model.000.07.pdb,model.000.26.pdb,29L
model.000.07.pdb,model.000.27.pdb,50N,10K,35E,38E,39E,34E,37C,33N,51K,49V,3V,7T,32V,11R,36T,8V,4T,103T,2K
model.000.07.pdb,model.000.28.pdb,145E,35E,141L,37C,5V,3V,164I,36T,10K,26E,12G,9C,7T,14L,34E,29L,139K,169I,142K,2K,6D,39E,33N,11R,8V
model.000.07.pdb,model.000.29.pdb,145E,29L,141L,37C,5V,142K,10K,38E,26E,12G,9C,7T,14L,139K,4T,169I,32V,36T,6D,13F,39E,11R,8V
model.000.08.pdb,model.000.00.pdb,10K,35E,141L,34E,140C,6D,9C,5V,33N,3V,7T,139K,36T,8V,4T,103T,2K
model.000.08.pdb,model.000.01.pdb,145E,29L,141L,13F,26E,12G,8V,9C,5V,169I,39E,7T,143E,11R,6D,14L,164I,142K
model.000.08.pdb,model.000.02.pdb,145E,141L,140C,6D,4T,5V,3V,169I,143E,139K,142K,7T,2K
model.000.08.pdb,model.000.03.pdb,10K,35E,6D,38E,34E,12G,37C,5V,77Y,3V,11R,4T,39E,7T,32V,33N,36T,8V,9C,103T,2K
model.000.08.pdb,model.000.04.pdb,145E,141L,140C,6D,9C,5V,169I,7T,143E,139K,142K,8V,4T
model.000.08.pdb,model.000.05.pdb,37C,164I,29L,26E,13F
model.000.08.pdb,model.000.06.pdb,145E,29L,13F,26E,12G,37C,32V,142K,164I
model.000.08.pdb,model.000.07.pdb,10K,35E,141L,34E,140C,6D,4T,5V,77Y,3V,7T,33N,139K,36T,8V,103T,2K
model.000.08.pdb,model.000.08.pdb,34E,139K,4T,5V,77Y,3V,7T,32V,33N,6D,103T,2K
model.000.08.pdb,model.000.09.pdb,145E,35E,141L,37C,5V,3V,143E,142K,10K,12G,9C,7T,14L,139K,140C,4T,169I,36T,2K,6D,13F,11R,8V
model.000.08.pdb,model.000.10.pdb,29L,26E
model.000.08.pdb,model.000.11.pdb,10K,29L,38E,26E,12G,37C,169I,39E,142K,11R,14L,164I,9C,13F
model.000.08.pdb,model.000.12.pdb,10K,35E,6D,38E,26E,12G,9C,33N,77Y,3V,11R,39E,7T,32V,34E,36T,8V,4T,103T,2K
model.000.08.pdb,model.000.13.pdb,No common_epitopes
model.000.08.pdb,model.000.14.pdb,139K,140C,6D,4T,5V,3V,141L
model.000.08.pdb,model.000.15.pdb,29L,38E,39E,11R
model.000.08.pdb,model.000.16.pdb,29L,13F,26E,37C,169I,39E,11R,164I
model.000.08.pdb,model.000.17.pdb,145E,35E,37C,5V,29L,164I,142K,10K,38E,26E,12G,9C,7T,14L,34E,139K,4T,3V,32V,36T,169I,2K,6D,13F,39E,33N,11R,8V
model.000.08.pdb,model.000.18.pdb,145E,141L,140C,6D,4T,5V,3V,7T,139K,142K
model.000.08.pdb,model.000.19.pdb,29L,13F,26E,169I,39E,11R,164I,38E
model.000.08.pdb,model.000.20.pdb,145E,141L,140C,169I,143E,139K,142K
model.000.08.pdb,model.000.21.pdb,No common_epitopes
model.000.08.pdb,model.000.22.pdb,145E,35E,141L,5V,3V,142K,10K,12G,9C,77Y,7T,14L,34E,139K,140C,4T,32V,36T,103T,2K,6D,33N,8V
model.000.08.pdb,model.000.23.pdb,145E,141L,13F,12G,140C,6D,9C,5V,169I,4T,143E,142K,8V,139K,14L,164I,7T
model.000.08.pdb,model.000.24.pdb,4T,7T,3V,103T,2K
model.000.08.pdb,model.000.25.pdb,145E,141L,140C,6D,4T,5V,3V,143E,139K,142K,7T,2K
model.000.08.pdb,model.000.26.pdb,29L,77Y
model.000.08.pdb,model.000.27.pdb,10K,35E,38E,39E,34E,37C,33N,77Y,3V,7T,32V,11R,36T,8V,4T,103T,2K
model.000.08.pdb,model.000.28.pdb,145E,35E,141L,37C,5V,3V,143E,164I,36T,10K,26E,12G,9C,7T,14L,34E,29L,139K,140C,169I,142K,2K,6D,39E,33N,11R,8V
model.000.08.pdb,model.000.29.pdb,145E,29L,141L,37C,5V,143E,142K,10K,38E,26E,12G,9C,7T,14L,139K,140C,4T,169I,32V,36T,6D,13F,39E,11R,8V
model.000.09.pdb,model.000.00.pdb,No common_epitopes
model.000.09.pdb,model.000.01.pdb,No common_epitopes
model.000.09.pdb,model.000.02.pdb,No common_epitopes
model.000.09.pdb,model.000.03.pdb,85I
model.000.09.pdb,model.000.04.pdb,No common_epitopes
model.000.09.pdb,model.000.05.pdb,82N,151D,153I,118K,96N,80V,149A,22E,24K,115N,99C,131D,152G,83V,81N,97G,150V,85I,95G,93T,98K,55D
model.000.09.pdb,model.000.06.pdb,82N,124D,151D,127K,153I,118K,128C,96N,94C,22E,24K,80V,115N,131D,99C,121N,152G,83V,81N,97G,150V,125Q,129S,95G,93T,98K,55D,130K
model.000.09.pdb,model.000.07.pdb,22E
model.000.09.pdb,model.000.08.pdb,85I
model.000.09.pdb,model.000.09.pdb,No common_epitopes
model.000.09.pdb,model.000.10.pdb,82N,151D,153I,118K,90K,96N,94C,92V,149A,22E,24K,80V,115N,89C,99C,131D,152G,83V,81N,97G,150V,85I,95G,93T,98K,55D
model.000.09.pdb,model.000.11.pdb,151D,150V,24K
model.000.09.pdb,model.000.12.pdb,98K,85I,55D
model.000.09.pdb,model.000.13.pdb,122V,112C,124D,91Q,130K,89C,98K,129S,127K,128C,125Q,90K,93T,99C,121N,94C,92V,123Q
model.000.09.pdb,model.000.14.pdb,131D,152G,149A,153I,115N,150V,118K,130K,122V
model.000.09.pdb,model.000.15.pdb,55D,82N,83V,81N
model.000.09.pdb,model.000.16.pdb,82N,83V,81N,151D,24K,85I,55D,80V
model.000.09.pdb,model.000.17.pdb,24K
model.000.09.pdb,model.000.18.pdb,149A,131D,150V,130K
model.000.09.pdb,model.000.19.pdb,149A,82N,83V,81N,151D,22E,24K,98K,115N,150V,153I,152G,55D,85I
model.000.09.pdb,model.000.20.pdb,149A,150V
model.000.09.pdb,model.000.21.pdb,82N,124D,151D,127K,153I,118K,90K,96N,94C,92V,149A,123Q,89C,24K,80V,115N,131D,99C,121N,152G,83V,81N,97G,150V,125Q,129S,91Q,85I,95G,93T,98K,55D,112C,130K
model.000.09.pdb,model.000.22.pdb,No common_epitopes
model.000.09.pdb,model.000.23.pdb,No common_epitopes
model.000.09.pdb,model.000.24.pdb,122V,124D,127K,125Q,112C,121N,92V,123Q
model.000.09.pdb,model.000.25.pdb,No common_epitopes
model.000.09.pdb,model.000.26.pdb,82N,83V,81N,151D,89C,153I,97G,98K,115N,150V,24K,152G,55D,90K,96N,91Q,80V,95G,93T
model.000.09.pdb,model.000.27.pdb,90K,89C,80V,85I
model.000.09.pdb,model.000.28.pdb,No common_epitopes
model.000.09.pdb,model.000.29.pdb,No common_epitopes
model.000.10.pdb,model.000.00.pdb,104S,138L,141L,136C,100I,147C,5V,3V,135K,7T,20H,16Q,139K,140C,4T,154Y,18S,137S,146T,21L,103T,2K,17M,6D,134T,19G
model.000.10.pdb,model.000.01.pdb,145E,141L,5V,159K,7T,144Q,6D
model.000.10.pdb,model.000.02.pdb,138L,147C,141L,136C,145E,5V,3V,159K,135K,7T,133E,20H,16Q,139K,140C,4T,119V,18S,137S,144Q,146T,19G,2K,17M,6D,134T,132G,21L
model.000.10.pdb,model.000.03.pdb,104S,6D,100I,4T,5V,3V,102D,7T,20H,21L,19G,103T,2K
model.000.10.pdb,model.000.04.pdb,138L,145E,141L,136C,147C,140C,6D,4T,5V,159K,154Y,135K,137S,7T,144Q,146T,139K,16Q
model.000.10.pdb,model.000.05.pdb,17M,22E,159K,154Y,131D,146T
model.000.10.pdb,model.000.06.pdb,145E,17M,22E,159K,131D,132G,16Q,130K
model.000.10.pdb,model.000.07.pdb,104S,138L,141L,136C,100I,5V,3V,102D,22E,135K,7T,20H,16Q,139K,140C,4T,137S,21L,103T,2K,6D,19G
model.000.10.pdb,model.000.08.pdb,104S,139K,6D,4T,5V,3V,102D,137S,7T,20H,21L,16Q,103T,2K
model.000.10.pdb,model.000.09.pdb,138L,145E,17M,141L,136C,140C,6D,4T,5V,3V,135K,137S,7T,139K,20H,21L,19G,16Q,2K
model.000.10.pdb,model.000.10.pdb,147C,17M,22E,134T,159K,154Y,131D,132G,133E
model.000.10.pdb,model.000.11.pdb,159K
model.000.10.pdb,model.000.12.pdb,104S,6D,100I,4T,3V,102D,7T,20H,21L,103T,2K
model.000.10.pdb,model.000.13.pdb,122V,130K,123Q,100I,120P
model.000.10.pdb,model.000.14.pdb,138L,147C,141L,136C,5V,3V,135K,131D,133E,20H,16Q,139K,140C,4T,119V,18S,137S,154Y,19G,122V,17M,6D,134T,120P,132G,21L,130K
model.000.10.pdb,model.000.15.pdb,No common_epitopes
model.000.10.pdb,model.000.16.pdb,No common_epitopes
model.000.10.pdb,model.000.17.pdb,145E,139K,4T,5V,3V,7T,6D,2K
model.000.10.pdb,model.000.18.pdb,138L,147C,141L,136C,145E,5V,3V,7T,159K,135K,131D,133E,20H,16Q,139K,140C,4T,154Y,18S,137S,144Q,146T,119V,21L,6D,134T,132G,19G,130K
model.000.10.pdb,model.000.19.pdb,20H,22E,17M,159K
model.000.10.pdb,model.000.20.pdb,138L,147C,141L,136C,145E,140C,159K,154Y,135K,137S,144Q,146T,139K
model.000.10.pdb,model.000.21.pdb,17M,123Q,154Y,18S,131D,132G,130K
model.000.10.pdb,model.000.22.pdb,138L,145E,104S,141L,140C,6D,4T,5V,3V,102D,137S,7T,139K,21L,103T,2K
model.000.10.pdb,model.000.23.pdb,138L,145E,141L,136C,147C,140C,6D,4T,5V,159K,135K,137S,7T,144Q,146T,139K,21L,16Q
model.000.10.pdb,model.000.24.pdb,104S,100I,3V,102D,123Q,135K,7T,133E,20H,16Q,4T,119V,18S,137S,19G,103T,2K,122V,17M,134T,120P,21L
model.000.10.pdb,model.000.25.pdb,138L,104S,141L,136C,145E,5V,3V,159K,135K,7T,133E,20H,16Q,139K,147C,140C,4T,119V,18S,137S,144Q,146T,21L,2K,17M,6D,134T,132G,19G
model.000.10.pdb,model.000.26.pdb,17M
model.000.10.pdb,model.000.27.pdb,100I,4T,3V,7T,103T,2K
model.000.10.pdb,model.000.28.pdb,138L,145E,141L,140C,6D,5V,3V,7T,144Q,139K,2K
model.000.10.pdb,model.000.29.pdb,145E,139K,140C,6D,4T,5V,159K,7T,144Q,141L
model.000.11.pdb,model.000.00.pdb,104S,138L,35E,141L,136C,5V,3V,10K,9C,135K,7T,20H,16Q,34E,139K,140C,4T,154Y,18S,137S,36T,21L,103T,2K,17M,6D,134T,33N,19G,8V
model.000.11.pdb,model.000.01.pdb,6D,9C,5V,7T,141L,8V
model.000.11.pdb,model.000.02.pdb,138L,141L,136C,5V,3V,135K,7T,133E,20H,16Q,139K,140C,4T,119V,18S,137S,19G,2K,17M,6D,134T,21L
model.000.11.pdb,model.000.03.pdb,104S,10K,35E,6D,21L,34E,9C,5V,33N,3V,102D,7T,20H,36T,19G,8V,4T,103T,2K
model.000.11.pdb,model.000.04.pdb,138L,141L,136C,140C,6D,9C,5V,154Y,135K,137S,7T,139K,4T,8V,16Q
model.000.11.pdb,model.000.05.pdb,17M,154Y
model.000.11.pdb,model.000.06.pdb,17M,16Q
model.000.11.pdb,model.000.07.pdb,104S,138L,35E,141L,136C,106P,5V,3V,102D,10K,135K,107V,7T,103T,20H,16Q,34E,139K,140C,4T,137S,36T,19G,105N,2K,6D,33N,21L,8V
model.000.11.pdb,model.000.08.pdb,104S,34E,139K,107V,106P,4T,5V,33N,3V,102D,137S,7T,105N,6D,20H,21L,16Q,103T,2K
model.000.11.pdb,model.000.09.pdb,138L,35E,141L,136C,5V,3V,10K,9C,135K,7T,20H,16Q,139K,140C,4T,137S,36T,21L,2K,17M,6D,19G,8V
model.000.11.pdb,model.000.10.pdb,133E,114C,17M,134T,154Y
model.000.11.pdb,model.000.11.pdb,10K,9C
model.000.11.pdb,model.000.12.pdb,104S,10K,35E,6D,21L,34E,9C,33N,3V,102D,7T,103T,20H,36T,8V,4T,105N,2K
model.000.11.pdb,model.000.13.pdb,107V,120P
model.000.11.pdb,model.000.14.pdb,138L,141L,136C,5V,3V,135K,133E,20H,16Q,139K,140C,4T,119V,18S,137S,154Y,21L,17M,6D,134T,120P,19G
model.000.11.pdb,model.000.15.pdb,No common_epitopes
model.000.11.pdb,model.000.16.pdb,No common_epitopes
model.000.11.pdb,model.000.17.pdb,10K,35E,139K,34E,9C,5V,3V,7T,6D,36T,8V,4T,33N,2K
model.000.11.pdb,model.000.18.pdb,138L,19G,141L,136C,140C,6D,4T,5V,134T,3V,119V,135K,18S,137S,7T,139K,133E,20H,21L,154Y,16Q
model.000.11.pdb,model.000.19.pdb,20H,17M
model.000.11.pdb,model.000.20.pdb,138L,141L,136C,140C,154Y,135K,137S,139K
model.000.11.pdb,model.000.21.pdb,18S,17M,114C,154Y
model.000.11.pdb,model.000.22.pdb,104S,138L,35E,141L,106P,5V,3V,102D,10K,9C,107V,7T,105N,34E,139K,140C,4T,137S,36T,103T,2K,6D,33N,21L,8V
model.000.11.pdb,model.000.23.pdb,138L,141L,136C,140C,6D,9C,5V,135K,137S,7T,139K,21L,4T,8V,16Q
model.000.11.pdb,model.000.24.pdb,104S,106P,3V,102D,135K,7T,105N,133E,20H,16Q,107V,4T,119V,18S,137S,19G,103T,2K,17M,134T,120P,114C,21L
model.000.11.pdb,model.000.25.pdb,138L,104S,141L,136C,5V,3V,135K,7T,133E,20H,16Q,139K,140C,4T,119V,18S,137S,21L,105N,2K,17M,6D,134T,19G
model.000.11.pdb,model.000.26.pdb,17M
model.000.11.pdb,model.000.27.pdb,34E,35E,10K,107V,106P,4T,33N,3V,7T,36T,8V,103T,2K
model.000.11.pdb,model.000.28.pdb,138L,10K,35E,141L,34E,140C,6D,9C,5V,3V,7T,139K,36T,8V,33N,2K
model.000.11.pdb,model.000.29.pdb,10K,141L,140C,6D,9C,5V,7T,139K,36T,8V,4T
model.000.12.pdb,model.000.00.pdb,138L,147C,141L,136C,140C,6D,9C,5V,154Y,135K,137S,7T,146T,139K,8V,4T
model.000.12.pdb,model.000.01.pdb,145E,141L,8V,12G,6D,9C,5V,159K,157D,170C,143E,162F,144Q,11R,171T,142K,169I,164I,7T
model.000.12.pdb,model.000.02.pdb,138L,147C,141L,136C,145E,140C,6D,4T,5V,159K,157D,135K,137S,170C,143E,144Q,146T,139K,142K,169I,7T
model.000.12.pdb,model.000.03.pdb,6D,12G,4T,5V,7T,11R,8V,9C
model.000.12.pdb,model.000.04.pdb,138L,145E,141L,136C,147C,5V,170C,162F,160D,9C,159K,135K,7T,139K,140C,4T,169I,137S,144Q,146T,142K,154Y,6D,143E,8V
model.000.12.pdb,model.000.05.pdb,159K,157D,170C,162F,146T,154Y,164I,160D
model.000.12.pdb,model.000.06.pdb,145E,12G,159K,157D,170C,162F,142K,164I
model.000.12.pdb,model.000.07.pdb,138L,141L,136C,140C,6D,4T,5V,135K,137S,7T,139K,8V
model.000.12.pdb,model.000.08.pdb,6D,4T,5V,137S,7T,139K
model.000.12.pdb,model.000.09.pdb,138L,145E,141L,136C,12G,140C,6D,9C,5V,169I,135K,137S,7T,143E,11R,139K,142K,8V,4T
model.000.12.pdb,model.000.10.pdb,147C,159K,154Y,162F,157D,160D
model.000.12.pdb,model.000.11.pdb,12G,9C,159K,157D,170C,162F,11R,142K,169I,164I,160D
model.000.12.pdb,model.000.12.pdb,6D,12G,9C,7T,11R,8V,4T
model.000.12.pdb,model.000.13.pdb,No common_epitopes
model.000.12.pdb,model.000.14.pdb,138L,147C,141L,136C,140C,6D,4T,5V,154Y,135K,137S,139K
model.000.12.pdb,model.000.15.pdb,11R
model.000.12.pdb,model.000.16.pdb,171T,169I,170C,11R,157D,164I
model.000.12.pdb,model.000.17.pdb,145E,139K,12G,8V,9C,5V,171T,169I,4T,170C,11R,6D,142K,164I,7T
model.000.12.pdb,model.000.18.pdb,138L,147C,141L,136C,145E,140C,6D,4T,5V,159K,154Y,135K,137S,7T,162F,144Q,146T,139K,142K,160D
model.000.12.pdb,model.000.19.pdb,159K,157D,170C,162F,11R,169I,164I,160D
model.000.12.pdb,model.000.20.pdb,138L,147C,141L,136C,145E,157D,170C,162F,172G,160D,159K,135K,139K,171T,140C,154Y,137S,144Q,146T,142K,169I,143E
model.000.12.pdb,model.000.21.pdb,154Y
model.000.12.pdb,model.000.22.pdb,138L,145E,141L,12G,140C,6D,9C,5V,137S,7T,139K,142K,8V,4T
model.000.12.pdb,model.000.23.pdb,138L,145E,141L,136C,147C,5V,157D,143E,162F,164I,12G,9C,159K,135K,7T,139K,140C,4T,169I,137S,144Q,146T,142K,6D,170C,8V
model.000.12.pdb,model.000.24.pdb,135K,4T,7T,137S
model.000.12.pdb,model.000.25.pdb,138L,147C,141L,136C,145E,140C,6D,4T,5V,159K,135K,137S,7T,143E,144Q,146T,139K,142K
model.000.12.pdb,model.000.26.pdb,No common_epitopes
model.000.12.pdb,model.000.27.pdb,4T,7T,8V,11R
model.000.12.pdb,model.000.28.pdb,138L,145E,141L,8V,12G,140C,6D,9C,5V,169I,170C,143E,144Q,11R,139K,142K,164I,7T
model.000.12.pdb,model.000.29.pdb,145E,141L,12G,140C,6D,9C,5V,159K,169I,4T,143E,162F,144Q,11R,139K,142K,8V,7T
model.000.13.pdb,model.000.00.pdb,113S,15I,17M,116I
model.000.13.pdb,model.000.01.pdb,No common_epitopes
model.000.13.pdb,model.000.02.pdb,17M,132G
model.000.13.pdb,model.000.03.pdb,No common_epitopes
model.000.13.pdb,model.000.04.pdb,No common_epitopes
model.000.13.pdb,model.000.05.pdb,82N,151D,153I,118K,96N,80V,131D,113S,24K,115N,99C,152G,83V,81N,97G,150V,79M,95G,93T,17M,98K,15I,116I
model.000.13.pdb,model.000.06.pdb,82N,124D,151D,127K,153I,118K,128C,96N,94C,113S,24K,80V,117G,115N,131D,99C,121N,152G,83V,81N,97G,150V,125Q,129S,95G,93T,17M,98K,132G,15I,130K
model.000.13.pdb,model.000.07.pdb,No common_epitopes
model.000.13.pdb,model.000.08.pdb,No common_epitopes
model.000.13.pdb,model.000.09.pdb,15I,17M
model.000.13.pdb,model.000.10.pdb,82N,151D,153I,118K,90K,96N,94C,92V,131D,113S,24K,80V,117G,115N,99C,152G,83V,81N,97G,150V,95G,93T,17M,98K,132G,15I,116I
model.000.13.pdb,model.000.11.pdb,151D,150V,24K
model.000.13.pdb,model.000.12.pdb,98K
model.000.13.pdb,model.000.13.pdb,124D,113S,91Q,130K,98K,129S,127K,126N,128C,125Q,90K,93T,99C,121N,94C,92V,123Q
model.000.13.pdb,model.000.14.pdb,17M,152G,132G,113S,153I,117G,115N,131D,150V,118K,130K,116I,126N
model.000.13.pdb,model.000.15.pdb,79M,82N,83V,81N
model.000.13.pdb,model.000.16.pdb,82N,83V,81N,151D,24K,79M,80V
model.000.13.pdb,model.000.17.pdb,24K
model.000.13.pdb,model.000.18.pdb,117G,131D,150V,132G,116I,130K
model.000.13.pdb,model.000.19.pdb,17M,82N,83V,81N,98K,151D,24K,115N,152G,150V,153I,15I,79M
model.000.13.pdb,model.000.20.pdb,150V
model.000.13.pdb,model.000.21.pdb,82N,124D,151D,127K,153I,118K,90K,96N,94C,92V,123Q,113S,24K,80V,117G,115N,131D,99C,121N,132G,152G,83V,81N,97G,150V,125Q,129S,91Q,95G,93T,17M,98K,126N,116I,130K
model.000.13.pdb,model.000.22.pdb,No common_epitopes
model.000.13.pdb,model.000.23.pdb,No common_epitopes
model.000.13.pdb,model.000.24.pdb,17M,124D,113S,127K,126N,125Q,121N,92V,123Q
model.000.13.pdb,model.000.25.pdb,17M,132G,116I
model.000.13.pdb,model.000.26.pdb,17M,82N,83V,81N,79M,151D,153I,116I,97G,98K,115N,150V,24K,152G,90K,96N,91Q,80V,95G,93T
model.000.13.pdb,model.000.27.pdb,90K,79M,80V
model.000.13.pdb,model.000.28.pdb,No common_epitopes
model.000.13.pdb,model.000.29.pdb,No common_epitopes
model.000.14.pdb,model.000.00.pdb,138L,147C,35E,141L,136C,10K,140C,6D,9C,5V,134T,135K,137S,7T,146T,139K,4T,8V,16Q
model.000.14.pdb,model.000.01.pdb,170C,145E,141L,9C,5V,159K,169I,143E,162F,144Q,6D,142K,8V,7T
model.000.14.pdb,model.000.02.pdb,138L,145E,141L,136C,147C,5V,143E,159K,135K,7T,16Q,139K,140C,4T,169I,137S,144Q,146T,142K,6D,148K,134T,170C
model.000.14.pdb,model.000.03.pdb,10K,35E,6D,4T,5V,7T,8V,9C
model.000.14.pdb,model.000.04.pdb,138L,145E,141L,136C,147C,5V,143E,162F,160D,9C,159K,135K,7T,16Q,139K,140C,4T,169I,137S,144Q,146T,142K,6D,148K,170C,8V
model.000.14.pdb,model.000.05.pdb,148K,159K,170C,162F,146T,160D
model.000.14.pdb,model.000.06.pdb,145E,148K,159K,170C,162F,142K,16Q
model.000.14.pdb,model.000.07.pdb,138L,10K,35E,141L,136C,140C,6D,4T,5V,135K,137S,7T,139K,8V,16Q
model.000.14.pdb,model.000.08.pdb,139K,4T,5V,137S,7T,6D,16Q
model.000.14.pdb,model.000.09.pdb,138L,145E,35E,141L,136C,10K,140C,6D,9C,5V,16Q,135K,137S,143E,169I,139K,142K,4T,8V,7T
model.000.14.pdb,model.000.10.pdb,147C,148K,134T,159K,162F,160D
model.000.14.pdb,model.000.11.pdb,10K,148K,9C,159K,169I,170C,162F,142K,160D
model.000.14.pdb,model.000.12.pdb,10K,35E,6D,4T,7T,8V,9C
model.000.14.pdb,model.000.13.pdb,No common_epitopes
model.000.14.pdb,model.000.14.pdb,138L,147C,141L,136C,140C,6D,4T,5V,134T,135K,148K,137S,139K,16Q
model.000.14.pdb,model.000.15.pdb,No common_epitopes
model.000.14.pdb,model.000.16.pdb,170C,169I
model.000.14.pdb,model.000.17.pdb,170C,145E,35E,139K,10K,9C,5V,169I,7T,6D,142K,8V,4T
model.000.14.pdb,model.000.18.pdb,138L,145E,141L,136C,147C,5V,162F,160D,159K,135K,7T,16Q,139K,140C,4T,137S,144Q,146T,142K,6D,148K,134T
model.000.14.pdb,model.000.19.pdb,148K,159K,169I,170C,162F,160D
model.000.14.pdb,model.000.20.pdb,138L,147C,141L,136C,145E,140C,159K,169I,135K,148K,137S,170C,143E,162F,144Q,146T,139K,142K,160D
model.000.14.pdb,model.000.21.pdb,No common_epitopes
model.000.14.pdb,model.000.22.pdb,138L,145E,35E,141L,10K,140C,6D,9C,5V,137S,7T,139K,142K,8V,4T
model.000.14.pdb,model.000.23.pdb,138L,145E,141L,136C,147C,5V,143E,162F,9C,159K,135K,7T,16Q,139K,140C,4T,169I,137S,144Q,146T,142K,6D,170C,8V
model.000.14.pdb,model.000.24.pdb,4T,134T,135K,137S,7T,16Q
model.000.14.pdb,model.000.25.pdb,138L,145E,141L,136C,147C,140C,6D,4T,5V,134T,159K,16Q,135K,137S,143E,144Q,146T,139K,142K,7T
model.000.14.pdb,model.000.26.pdb,No common_epitopes
model.000.14.pdb,model.000.27.pdb,10K,35E,7T,8V,4T
model.000.14.pdb,model.000.28.pdb,138L,145E,35E,170C,141L,10K,140C,6D,9C,5V,169I,143E,144Q,139K,142K,8V,7T
model.000.14.pdb,model.000.29.pdb,145E,141L,10K,140C,6D,9C,5V,159K,169I,4T,143E,162F,144Q,139K,142K,8V,7T
model.000.15.pdb,model.000.00.pdb,10K,35E,141L,140C,6D,9C,5V,7T,139K,36T,8V,4T,33N,2K
model.000.15.pdb,model.000.01.pdb,145E,29L,141L,5V,51K,41V,170C,164I,26E,12G,9C,7T,14L,171T,156C,40K,169I,144Q,142K,6D,13F,39E,27N,143E,11R,8V
model.000.15.pdb,model.000.02.pdb,170C,145E,156C,141L,140C,6D,4T,5V,169I,143E,144Q,139K,142K,7T,2K
model.000.15.pdb,model.000.03.pdb,50N,10K,51K,6D,38E,39E,12G,37C,5V,35E,58K,4T,7T,32V,11R,52P,36T,8V,9C,33N,2K
model.000.15.pdb,model.000.04.pdb,145E,156C,141L,140C,6D,9C,5V,169I,4T,170C,143E,144Q,139K,142K,8V,7T
model.000.15.pdb,model.000.05.pdb,29L,13F,26E,25C,37C,156C,40K,24K,170C,27N,164I
model.000.15.pdb,model.000.06.pdb,145E,29L,13F,26E,12G,25C,37C,156C,40K,24K,41V,170C,32V,27N,142K,164I
model.000.15.pdb,model.000.07.pdb,10K,35E,141L,140C,6D,4T,5V,7T,139K,36T,8V,33N,2K
model.000.15.pdb,model.000.08.pdb,139K,4T,5V,7T,32V,6D,58K,33N,2K
model.000.15.pdb,model.000.09.pdb,145E,35E,141L,37C,5V,143E,142K,10K,12G,9C,7T,14L,139K,140C,4T,156C,169I,36T,2K,6D,13F,11R,8V
model.000.15.pdb,model.000.10.pdb,27N,29L,40K,24K,26E
model.000.15.pdb,model.000.11.pdb,51K,47K,37C,29L,41V,170C,164I,10K,38E,26E,12G,9C,24K,14L,156C,40K,169I,142K,13F,39E,25C,27N,11R
model.000.15.pdb,model.000.12.pdb,50N,10K,51K,6D,38E,26E,12G,9C,35E,58K,4T,39E,33N,32V,11R,52P,36T,8V,7T,49V,2K
model.000.15.pdb,model.000.13.pdb,No common_epitopes
model.000.15.pdb,model.000.14.pdb,139K,140C,6D,4T,5V,141L
model.000.15.pdb,model.000.15.pdb,51K,38E,39E,47K,40K,29L,27N,41V,52P,11R,49V
model.000.15.pdb,model.000.16.pdb,29L,13F,26E,171T,25C,37C,156C,40K,24K,169I,39E,41V,170C,27N,11R,164I
model.000.15.pdb,model.000.17.pdb,145E,35E,47K,37C,5V,51K,41V,170C,164I,36T,10K,38E,26E,12G,9C,24K,7T,14L,58K,50N,29L,139K,171T,4T,40K,169I,32V,142K,2K,6D,13F,39E,25C,27N,33N,11R,8V
model.000.15.pdb,model.000.18.pdb,145E,141L,140C,6D,4T,5V,7T,144Q,139K,142K
model.000.15.pdb,model.000.19.pdb,29L,38E,26E,25C,156C,40K,24K,169I,39E,41V,170C,27N,11R,164I,13F
model.000.15.pdb,model.000.20.pdb,145E,141L,171T,140C,156C,169I,170C,143E,144Q,139K,142K
model.000.15.pdb,model.000.21.pdb,24K
model.000.15.pdb,model.000.22.pdb,145E,35E,156C,141L,8V,10K,140C,6D,9C,5V,58K,4T,7T,139K,36T,12G,142K,32V,14L,33N,2K
model.000.15.pdb,model.000.23.pdb,170C,145E,141L,13F,12G,140C,6D,9C,5V,169I,4T,143E,142K,144Q,8V,139K,14L,164I,7T
model.000.15.pdb,model.000.24.pdb,4T,7T,2K
model.000.15.pdb,model.000.25.pdb,145E,156C,141L,140C,6D,4T,5V,143E,144Q,139K,142K,7T,2K
model.000.15.pdb,model.000.26.pdb,29L,25C,40K,24K,27N,58K
model.000.15.pdb,model.000.27.pdb,50N,10K,51K,38E,39E,37C,35E,58K,4T,33N,32V,11R,52P,36T,8V,7T,49V,2K
model.000.15.pdb,model.000.28.pdb,145E,35E,141L,37C,5V,29L,143E,164I,36T,33N,10K,26E,12G,9C,7T,14L,139K,140C,156C,169I,144Q,142K,2K,6D,39E,27N,170C,11R,8V
model.000.15.pdb,model.000.29.pdb,145E,29L,141L,37C,5V,143E,142K,10K,38E,26E,12G,9C,7T,14L,139K,140C,4T,156C,169I,32V,144Q,36T,6D,13F,39E,27N,11R,8V
model.000.16.pdb,model.000.00.pdb,138L,147C,141L,136C,140C,6D,134T,154Y,135K,146T,139K
model.000.16.pdb,model.000.01.pdb,145E,141L,159K,169I,143E,162F,144Q,6D,142K
model.000.16.pdb,model.000.02.pdb,138L,147C,141L,136C,145E,140C,6D,134T,159K,169I,135K,148K,143E,144Q,146T,133E,139K,142K
model.000.16.pdb,model.000.03.pdb,6D
model.000.16.pdb,model.000.04.pdb,138L,147C,141L,136C,145E,140C,6D,159K,154Y,135K,148K,143E,139K,162F,144Q,146T,161G,142K,169I,160D,158C
model.000.16.pdb,model.000.05.pdb,149A,148K,159K,154Y,150V,162F,146T,161G,160D,158C
model.000.16.pdb,model.000.06.pdb,145E,148K,159K,150V,162F,158C,161G,142K
model.000.16.pdb,model.000.07.pdb,138L,141L,136C,140C,6D,135K,139K
model.000.16.pdb,model.000.08.pdb,6D,139K
model.000.16.pdb,model.000.09.pdb,138L,145E,141L,136C,140C,6D,169I,135K,143E,139K,142K
model.000.16.pdb,model.000.10.pdb,147C,149A,148K,134T,159K,154Y,150V,162F,158C,133E,161G,160D
model.000.16.pdb,model.000.11.pdb,148K,159K,169I,150V,162F,158C,142K,160D
model.000.16.pdb,model.000.12.pdb,6D
model.000.16.pdb,model.000.13.pdb,No common_epitopes
model.000.16.pdb,model.000.14.pdb,138L,147C,141L,136C,149A,140C,6D,134T,154Y,135K,148K,150V,133E,139K
model.000.16.pdb,model.000.15.pdb,No common_epitopes
model.000.16.pdb,model.000.16.pdb,158C,169I
model.000.16.pdb,model.000.17.pdb,6D,145E,142K,139K,169I
model.000.16.pdb,model.000.18.pdb,138L,147C,141L,136C,145E,162F,161G,160D,149A,159K,135K,133E,139K,140C,154Y,150V,144Q,146T,142K,158C,6D,148K,134T
model.000.16.pdb,model.000.19.pdb,149A,148K,159K,169I,150V,162F,158C,161G,160D
model.000.16.pdb,model.000.20.pdb,138L,147C,141L,136C,145E,140C,159K,154Y,135K,148K,143E,149A,162F,144Q,146T,150V,139K,142K,169I,160D,158C
model.000.16.pdb,model.000.21.pdb,149A,150V,154Y
model.000.16.pdb,model.000.22.pdb,138L,145E,141L,140C,6D,139K,142K
model.000.16.pdb,model.000.23.pdb,138L,147C,141L,136C,145E,140C,6D,159K,169I,135K,143E,162F,144Q,146T,139K,142K,158C
model.000.16.pdb,model.000.24.pdb,135K,133E,134T
model.000.16.pdb,model.000.25.pdb,138L,147C,141L,136C,145E,140C,6D,134T,159K,135K,143E,144Q,146T,133E,139K,142K
model.000.16.pdb,model.000.26.pdb,150V
model.000.16.pdb,model.000.27.pdb,No common_epitopes
model.000.16.pdb,model.000.28.pdb,138L,145E,141L,140C,6D,169I,143E,144Q,139K,142K
model.000.16.pdb,model.000.29.pdb,145E,139K,140C,6D,159K,169I,143E,162F,144Q,141L,142K
model.000.17.pdb,model.000.00.pdb,17M,116I
model.000.17.pdb,model.000.01.pdb,27N,29L,40K,28D,26E
model.000.17.pdb,model.000.02.pdb,17M,132G
model.000.17.pdb,model.000.03.pdb,56F,31L
model.000.17.pdb,model.000.04.pdb,No common_epitopes
model.000.17.pdb,model.000.05.pdb,29L,82N,151D,153I,84C,30V,96N,80V,149A,26E,24K,115N,131D,71C,56F,152G,83V,54G,81N,40K,28D,97G,150V,79M,95G,93T,17M,25C,27N,23C,98K,31L,55D,116I,118K
model.000.17.pdb,model.000.06.pdb,29L,82N,151D,153I,84C,30V,128C,96N,80V,26E,24K,117G,115N,131D,56F,152G,83V,54G,81N,40K,28D,97G,150V,129S,95G,93T,17M,57S,25C,27N,23C,98K,118K,132G,31L,55D,130K
model.000.17.pdb,model.000.07.pdb,56F
model.000.17.pdb,model.000.08.pdb,56F
model.000.17.pdb,model.000.09.pdb,17M
model.000.17.pdb,model.000.10.pdb,29L,82N,151D,153I,84C,30V,90K,96N,80V,92V,149A,26E,24K,117G,115N,131D,152G,83V,54G,81N,40K,28D,97G,150V,95G,93T,17M,27N,98K,132G,31L,55D,116I,118K
model.000.17.pdb,model.000.11.pdb,29L,26E,151D,40K,28D,24K,150V,27N,25C
model.000.17.pdb,model.000.12.pdb,54G,26E,57S,98K,31L,55D,56F
model.000.17.pdb,model.000.13.pdb,98K,128C,129S,90K,130K,91Q,92V,93T
model.000.17.pdb,model.000.14.pdb,149A,17M,152G,153I,117G,115N,131D,150V,118K,130K,116I,132G
model.000.17.pdb,model.000.15.pdb,29L,82N,83V,54G,81N,57S,40K,28D,30V,84C,27N,31L,55D,79M,56F
model.000.17.pdb,model.000.16.pdb,29L,82N,151D,84C,30V,80V,26E,24K,71C,56F,83V,54G,81N,40K,28D,79M,57S,25C,27N,23C,31L,55D
model.000.17.pdb,model.000.17.pdb,29L,26E,25C,40K,28D,24K,27N
model.000.17.pdb,model.000.18.pdb,149A,117G,131D,150V,132G,116I,130K
model.000.17.pdb,model.000.19.pdb,29L,82N,151D,153I,84C,30V,149A,26E,24K,115N,56F,152G,83V,81N,40K,28D,150V,79M,17M,25C,27N,98K,31L,55D
model.000.17.pdb,model.000.20.pdb,149A,150V
model.000.17.pdb,model.000.21.pdb,82N,151D,153I,118K,90K,96N,80V,92V,149A,24K,117G,115N,131D,152G,83V,81N,97G,150V,129S,91Q,95G,93T,17M,98K,132G,55D,116I,130K
model.000.17.pdb,model.000.22.pdb,56F
model.000.17.pdb,model.000.23.pdb,No common_epitopes
model.000.17.pdb,model.000.24.pdb,17M,92V
model.000.17.pdb,model.000.25.pdb,17M,132G,116I
model.000.17.pdb,model.000.26.pdb,29L,82N,151D,153I,84C,30V,90K,96N,80V,24K,115N,71C,152G,83V,54G,81N,40K,28D,97G,150V,79M,91Q,95G,93T,17M,57S,25C,27N,98K,31L,55D,116I
model.000.17.pdb,model.000.27.pdb,90K,79M,80V,56F
model.000.17.pdb,model.000.28.pdb,29L,27N,26E
model.000.17.pdb,model.000.29.pdb,29L,27N,26E
model.000.18.pdb,model.000.00.pdb,104S,138L,141L,136C,147C,5V,3V,135K,20H,16Q,139K,140C,4T,154Y,18S,137S,21L,103T,2K,17M,134T,19G,116I
model.000.18.pdb,model.000.01.pdb,5V,141L
model.000.18.pdb,model.000.02.pdb,138L,147C,141L,136C,5V,3V,135K,133E,20H,16Q,139K,140C,4T,119V,18S,137S,19G,2K,17M,134T,132G,21L
model.000.18.pdb,model.000.03.pdb,104S,4T,5V,3V,102D,20H,19G,21L,103T,2K
model.000.18.pdb,model.000.04.pdb,138L,147C,141L,136C,140C,4T,5V,154Y,135K,137S,139K,16Q
model.000.18.pdb,model.000.05.pdb,116I,17M,131D,118K,154Y
model.000.18.pdb,model.000.06.pdb,17M,117G,131D,118K,130K,121N,16Q,132G
model.000.18.pdb,model.000.07.pdb,138L,104S,141L,136C,140C,4T,5V,3V,135K,102D,137S,139K,20H,19G,21L,16Q,103T,2K
model.000.18.pdb,model.000.08.pdb,104S,139K,4T,5V,3V,102D,137S,20H,21L,16Q,103T,2K
model.000.18.pdb,model.000.09.pdb,138L,17M,141L,136C,140C,4T,5V,3V,135K,137S,139K,20H,21L,19G,16Q,2K
model.000.18.pdb,model.000.10.pdb,147C,17M,134T,154Y,117G,131D,118K,133E,116I,132G
model.000.18.pdb,model.000.11.pdb,No common_epitopes
model.000.18.pdb,model.000.12.pdb,104S,4T,3V,102D,20H,21L,103T,2K
model.000.18.pdb,model.000.13.pdb,122V,123Q,120P,126N,121N,130K
model.000.18.pdb,model.000.14.pdb,138L,147C,141L,136C,5V,3V,118K,117G,135K,131D,133E,20H,16Q,132G,139K,140C,4T,154Y,18S,137S,119V,21L,122V,17M,134T,120P,126N,19G,116I,130K
model.000.18.pdb,model.000.15.pdb,No common_epitopes
model.000.18.pdb,model.000.16.pdb,No common_epitopes
model.000.18.pdb,model.000.17.pdb,4T,5V,139K,3V,2K
model.000.18.pdb,model.000.18.pdb,138L,147C,141L,136C,5V,3V,117G,135K,131D,133E,20H,16Q,139K,140C,4T,154Y,18S,137S,119V,21L,134T,132G,19G,116I,130K
model.000.18.pdb,model.000.19.pdb,20H,17M
model.000.18.pdb,model.000.20.pdb,138L,147C,141L,136C,140C,154Y,135K,137S,139K
model.000.18.pdb,model.000.21.pdb,132G,17M,123Q,154Y,117G,18S,131D,126N,130K,121N,116I,118K
model.000.18.pdb,model.000.22.pdb,138L,104S,141L,140C,4T,5V,3V,102D,137S,139K,21L,103T,2K
model.000.18.pdb,model.000.23.pdb,138L,147C,141L,136C,140C,4T,5V,135K,137S,139K,21L,16Q
model.000.18.pdb,model.000.24.pdb,104S,3V,102D,123Q,135K,133E,20H,121N,16Q,4T,119V,18S,137S,19G,103T,2K,122V,17M,134T,120P,126N,21L
model.000.18.pdb,model.000.25.pdb,138L,104S,141L,136C,147C,5V,3V,135K,133E,20H,16Q,139K,140C,4T,119V,18S,137S,21L,2K,17M,134T,132G,19G,116I
model.000.18.pdb,model.000.26.pdb,17M,116I
model.000.18.pdb,model.000.27.pdb,4T,3V,103T,2K
model.000.18.pdb,model.000.28.pdb,138L,139K,140C,5V,3V,141L,2K
model.000.18.pdb,model.000.29.pdb,140C,139K,4T,5V,141L
model.000.19.pdb,model.000.00.pdb,10K,35E,34E,4T,33N,3V,7T,36T,103T,2K
model.000.19.pdb,model.000.01.pdb,51K,7T,41V,39E
model.000.19.pdb,model.000.02.pdb,4T,7T,3V,2K
model.000.19.pdb,model.000.03.pdb,50N,51K,86P,37C,35E,102D,10K,38E,77Y,7T,58K,56F,75L,101L,34E,4T,3V,87N,32V,36T,103T,2K,39E,33N,88E,31L,52P,108K,76G,74N
model.000.19.pdb,model.000.04.pdb,4T,7T
model.000.19.pdb,model.000.05.pdb,37C,56F,31L
model.000.19.pdb,model.000.06.pdb,57S,37C,41V,32V,31L,56F
model.000.19.pdb,model.000.07.pdb,101L,10K,35E,34E,86P,4T,33N,77Y,3V,102D,7T,56F,74N,36T,2K,108K,103T,75L
model.000.19.pdb,model.000.08.pdb,101L,34E,86P,4T,33N,77Y,3V,76G,87N,102D,7T,32V,56F,88E,74N,2K,108K,58K,103T,75L
model.000.19.pdb,model.000.09.pdb,10K,35E,37C,3V,7T,36T,4T,2K
model.000.19.pdb,model.000.10.pdb,31L
model.000.19.pdb,model.000.11.pdb,10K,51K,38E,39E,47K,37C,41V
model.000.19.pdb,model.000.12.pdb,50N,35E,86P,72K,102D,51K,10K,38E,77Y,7T,58K,56F,75L,101L,34E,73C,4T,3V,87N,52P,36T,103T,2K,39E,57S,60I,33N,31L,32V,49V,108K,76G,74N
model.000.19.pdb,model.000.13.pdb,87N,108K,88E
model.000.19.pdb,model.000.14.pdb,4T,3V
model.000.19.pdb,model.000.15.pdb,51K,38E,64G,57S,47K,69Y,61K,41V,52P,39E,31L,46E,49V,48T,56F
model.000.19.pdb,model.000.16.pdb,73C,39E,57S,37C,69Y,72K,41V,31L,60I,56F
model.000.19.pdb,model.000.17.pdb,50N,10K,35E,38E,39E,34E,47K,37C,33N,51K,3V,4T,41V,7T,32V,36T,58K,2K
model.000.19.pdb,model.000.18.pdb,4T,7T,3V
model.000.19.pdb,model.000.19.pdb,39E,41V,38E,56F,31L
model.000.19.pdb,model.000.20.pdb,No common_epitopes
model.000.19.pdb,model.000.21.pdb,No common_epitopes
model.000.19.pdb,model.000.22.pdb,35E,3V,102D,10K,77Y,7T,58K,56F,75L,101L,34E,4T,87N,32V,36T,103T,2K,33N,88E,108K,76G,74N
model.000.19.pdb,model.000.23.pdb,4T,7T
model.000.19.pdb,model.000.24.pdb,101L,4T,3V,102D,7T,108K,103T,2K
model.000.19.pdb,model.000.25.pdb,4T,7T,3V,2K
model.000.19.pdb,model.000.26.pdb,73C,57S,69Y,77Y,72K,31L,62I,60I,58K
model.000.19.pdb,model.000.27.pdb,50N,35E,86P,37C,51K,10K,38E,77Y,61K,7T,58K,56F,75L,101L,34E,73C,4T,72K,87N,52P,36T,103T,2K,39E,3V,60I,33N,88E,32V,49V,108K,76G,74N
model.000.19.pdb,model.000.28.pdb,10K,35E,39E,34E,37C,33N,3V,7T,36T,2K
model.000.19.pdb,model.000.29.pdb,10K,38E,39E,4T,7T,32V,36T,37C
model.000.20.pdb,model.000.00.pdb,113S,17M,134T,116I
model.000.20.pdb,model.000.01.pdb,29L,42L,156C,40K,28D,159K,157D,27N,162F
model.000.20.pdb,model.000.02.pdb,17M,148K,156C,134T,159K,157D,132G,133E,155K
model.000.20.pdb,model.000.03.pdb,86P,85I,56F,31L
model.000.20.pdb,model.000.04.pdb,148K,156C,159K,162F,158C,161G,160D
model.000.20.pdb,model.000.05.pdb,29L,82N,53C,151D,153I,157D,84C,162F,161G,96N,160D,149A,113S,22E,30V,80V,115N,99C,131D,56F,155K,152G,83V,42L,81N,156C,40K,28D,97G,150V,158C,85I,95G,93T,17M,159K,148K,25C,27N,98K,118K,31L,55D,116I,24K
model.000.20.pdb,model.000.06.pdb,29L,82N,162F,124D,151D,127K,153I,157D,84C,24K,128C,129S,96N,94C,113S,22E,30V,80V,117G,115N,131D,99C,121N,56F,155K,152G,83V,42L,81N,156C,40K,28D,97G,150V,161G,95G,93T,17M,159K,148K,25C,27N,98K,132G,31L,55D,158C,130K,118K
model.000.20.pdb,model.000.07.pdb,86P,22E,56F
model.000.20.pdb,model.000.08.pdb,86P,85I,56F
model.000.20.pdb,model.000.09.pdb,17M,156C
model.000.20.pdb,model.000.10.pdb,29L,82N,53C,162F,151D,153I,157D,84C,118K,161G,160D,155K,80V,30V,149A,98K,113S,22E,159K,94C,117G,115N,99C,133E,96N,131D,152G,83V,42L,81N,40K,28D,97G,150V,158C,85I,95G,93T,17M,148K,134T,27N,114C,132G,31L,55D,116I,24K
model.000.20.pdb,model.000.11.pdb,29L,159K,42L,148K,151D,156C,40K,28D,24K,157D,27N,150V,162F,25C,158C,155K,160D
model.000.20.pdb,model.000.12.pdb,53C,86P,98K,31L,55D,85I,56F
model.000.20.pdb,model.000.13.pdb,124D,128C,113S,98K,127K,99C,129S,130K,121N,94C,93T
model.000.20.pdb,model.000.14.pdb,149A,17M,152G,130K,113S,134T,153I,117G,148K,115N,150V,118K,133E,155K,131D,116I,132G
model.000.20.pdb,model.000.15.pdb,29L,82N,53C,42L,81N,40K,28D,30V,84C,27N,31L,55D,83V,56F
model.000.20.pdb,model.000.16.pdb,29L,82N,53C,151D,157D,84C,24K,155K,80V,30V,56F,83V,42L,81N,156C,40K,28D,158C,85I,25C,27N,31L,55D
model.000.20.pdb,model.000.17.pdb,29L,42L,25C,40K,28D,24K,27N
model.000.20.pdb,model.000.18.pdb,149A,148K,134T,159K,116I,117G,131D,150V,162F,158C,133E,161G,130K,160D,132G
model.000.20.pdb,model.000.19.pdb,29L,82N,53C,151D,153I,157D,84C,162F,161G,155K,160D,149A,22E,30V,115N,56F,152G,83V,42L,81N,156C,40K,28D,150V,158C,85I,17M,159K,148K,25C,27N,98K,31L,55D,24K
model.000.20.pdb,model.000.20.pdb,149A,148K,156C,159K,157D,150V,162F,158C,155K,160D
model.000.20.pdb,model.000.21.pdb,82N,124D,151D,153I,118K,96N,94C,149A,98K,113S,24K,80V,117G,115N,127K,99C,131D,121N,152G,83V,81N,97G,150V,129S,85I,95G,93T,17M,114C,132G,55D,116I,130K
model.000.20.pdb,model.000.22.pdb,156C,56F
model.000.20.pdb,model.000.23.pdb,158C,162F,159K,157D
model.000.20.pdb,model.000.24.pdb,17M,124D,113S,134T,114C,127K,133E,121N
model.000.20.pdb,model.000.25.pdb,17M,156C,134T,159K,132G,133E,116I
model.000.20.pdb,model.000.26.pdb,29L,82N,53C,151D,153I,84C,30V,96N,80V,24K,115N,152G,83V,42L,81N,40K,28D,97G,150V,95G,93T,17M,25C,27N,98K,31L,55D,116I
model.000.20.pdb,model.000.27.pdb,86P,80V,56F,85I
model.000.20.pdb,model.000.28.pdb,29L,156C,27N
model.000.20.pdb,model.000.29.pdb,27N,29L,156C,162F,159K
model.000.21.pdb,model.000.00.pdb,104S,100I,113S,18S,20H,19G,103T
model.000.21.pdb,model.000.01.pdb,No common_epitopes
model.000.21.pdb,model.000.02.pdb,20H,19G,18S,119V
model.000.21.pdb,model.000.03.pdb,104S,109T,100I,87N,102D,88E,111V,20H,19G,108K,76G,103T
model.000.21.pdb,model.000.04.pdb,No common_epitopes
model.000.21.pdb,model.000.05.pdb,113S,99C,93T
model.000.21.pdb,model.000.06.pdb,124D,128C,113S,127K,99C,125Q,121N,94C,93T
model.000.21.pdb,model.000.07.pdb,104S,109T,100I,107V,106P,102D,105N,20H,19G,108K,103T
model.000.21.pdb,model.000.08.pdb,104S,109T,107V,106P,87N,102D,105N,88E,20H,108K,76G,103T
model.000.21.pdb,model.000.09.pdb,20H,19G
model.000.21.pdb,model.000.10.pdb,113S,114C,89C,99C,90K,94C,92V,93T
model.000.21.pdb,model.000.11.pdb,No common_epitopes
model.000.21.pdb,model.000.12.pdb,104S,100I,87N,102D,105N,20H,108K,76G,103T
model.000.21.pdb,model.000.13.pdb,110G,124D,100I,125Q,127K,128C,90K,94C,92V,109T,113S,89C,99C,121N,107V,87N,111V,91Q,93T,122V,120P,126N,88E,112C,108K
model.000.21.pdb,model.000.14.pdb,122V,113S,120P,119V,18S,126N,20H,19G
model.000.21.pdb,model.000.15.pdb,No common_epitopes
model.000.21.pdb,model.000.16.pdb,No common_epitopes
model.000.21.pdb,model.000.17.pdb,No common_epitopes
model.000.21.pdb,model.000.18.pdb,20H,19G,18S,119V
model.000.21.pdb,model.000.19.pdb,20H
model.000.21.pdb,model.000.20.pdb,No common_epitopes
model.000.21.pdb,model.000.21.pdb,124D,114C,113S,91Q,89C,18S,127K,126N,99C,125Q,90K,112C,121N,94C,92V,93T
model.000.21.pdb,model.000.22.pdb,104S,107V,106P,87N,102D,105N,88E,108K,76G,103T
model.000.21.pdb,model.000.23.pdb,No common_epitopes
model.000.21.pdb,model.000.24.pdb,104S,110G,124D,100I,106P,111V,102D,92V,109T,113S,127K,105N,20H,121N,107V,119V,18S,125Q,103T,122V,120P,114C,126N,19G,112C,108K
model.000.21.pdb,model.000.25.pdb,104S,119V,18S,20H,19G,105N
model.000.21.pdb,model.000.26.pdb,90K,89C,91Q,93T
model.000.21.pdb,model.000.27.pdb,110G,100I,107V,106P,87N,89C,88E,90K,108K,76G,103T
model.000.21.pdb,model.000.28.pdb,No common_epitopes
model.000.21.pdb,model.000.29.pdb,No common_epitopes
model.000.22.pdb,model.000.00.pdb,138L,147C,141L,136C,140C,134T,154Y,135K,137S,146T,139K
model.000.22.pdb,model.000.01.pdb,145E,141L,171T,159K,143E,162F,144Q,163I,142K
model.000.22.pdb,model.000.02.pdb,138L,145E,141L,136C,147C,140C,134T,159K,135K,148K,137S,143E,144Q,146T,133E,139K,142K
model.000.22.pdb,model.000.03.pdb,No common_epitopes
model.000.22.pdb,model.000.04.pdb,138L,145E,141L,136C,147C,140C,159K,154Y,135K,148K,137S,143E,139K,162F,144Q,146T,161G,142K,160D,158C
model.000.22.pdb,model.000.05.pdb,149A,148K,163I,159K,154Y,162F,146T,161G,160D,158C
model.000.22.pdb,model.000.06.pdb,145E,148K,159K,162F,161G,158C,142K,163I
model.000.22.pdb,model.000.07.pdb,138L,141L,136C,140C,135K,137S,139K
model.000.22.pdb,model.000.08.pdb,137S,139K
model.000.22.pdb,model.000.09.pdb,138L,145E,141L,136C,140C,135K,137S,143E,139K,142K
model.000.22.pdb,model.000.10.pdb,147C,149A,148K,134T,159K,154Y,162F,158C,133E,161G,160D
model.000.22.pdb,model.000.11.pdb,148K,159K,162F,163I,158C,142K,160D
model.000.22.pdb,model.000.12.pdb,No common_epitopes
model.000.22.pdb,model.000.13.pdb,No common_epitopes
model.000.22.pdb,model.000.14.pdb,138L,147C,141L,136C,149A,140C,134T,154Y,135K,148K,137S,133E,139K
model.000.22.pdb,model.000.15.pdb,No common_epitopes
model.000.22.pdb,model.000.16.pdb,158C,163I,171T
model.000.22.pdb,model.000.17.pdb,145E,142K,139K,171T
model.000.22.pdb,model.000.18.pdb,138L,145E,141L,136C,147C,162F,161G,160D,149A,159K,135K,133E,139K,140C,154Y,137S,144Q,146T,142K,158C,148K,134T
model.000.22.pdb,model.000.19.pdb,149A,148K,159K,162F,158C,161G,160D,163I
model.000.22.pdb,model.000.20.pdb,138L,145E,141L,136C,147C,143E,162F,158C,172G,160D,149A,159K,135K,139K,171T,140C,154Y,137S,144Q,146T,142K,148K,163I
model.000.22.pdb,model.000.21.pdb,149A,154Y
model.000.22.pdb,model.000.22.pdb,138L,145E,141L,140C,137S,139K,142K
model.000.22.pdb,model.000.23.pdb,138L,145E,141L,136C,147C,140C,159K,135K,137S,143E,162F,144Q,146T,139K,142K,158C
model.000.22.pdb,model.000.24.pdb,135K,133E,137S,134T
model.000.22.pdb,model.000.25.pdb,138L,145E,141L,136C,147C,140C,134T,159K,135K,137S,143E,144Q,146T,133E,139K,142K
model.000.22.pdb,model.000.26.pdb,No common_epitopes
model.000.22.pdb,model.000.27.pdb,No common_epitopes
model.000.22.pdb,model.000.28.pdb,138L,145E,141L,140C,143E,144Q,139K,142K
model.000.22.pdb,model.000.29.pdb,145E,139K,140C,159K,143E,162F,144Q,141L,142K
model.000.23.pdb,model.000.00.pdb,104S,138L,141L,136C,100I,5V,3V,113S,135K,20H,16Q,139K,140C,4T,154Y,18S,137S,21L,103T,2K,17M,6D,134T,19G,116I
model.000.23.pdb,model.000.01.pdb,6D,5V,141L
model.000.23.pdb,model.000.02.pdb,138L,141L,136C,5V,3V,135K,133E,20H,16Q,139K,140C,4T,119V,18S,137S,19G,2K,17M,6D,134T,132G,21L
model.000.23.pdb,model.000.03.pdb,104S,101L,6D,100I,4T,5V,3V,102D,111V,109T,20H,19G,21L,103T,2K
model.000.23.pdb,model.000.04.pdb,138L,141L,136C,140C,6D,4T,5V,154Y,135K,137S,139K,16Q
model.000.23.pdb,model.000.05.pdb,113S,17M,131D,116I,154Y
model.000.23.pdb,model.000.06.pdb,17M,124D,113S,117G,131D,132G,125Q,121N,16Q,130K
model.000.23.pdb,model.000.07.pdb,104S,138L,141L,136C,100I,106P,5V,3V,102D,109T,135K,103T,20H,16Q,101L,139K,140C,4T,137S,19G,105N,2K,6D,21L
model.000.23.pdb,model.000.08.pdb,104S,109T,139K,106P,4T,5V,101L,3V,102D,137S,105N,6D,20H,21L,16Q,103T,2K
model.000.23.pdb,model.000.09.pdb,138L,17M,141L,136C,140C,6D,4T,5V,3V,135K,137S,139K,20H,21L,19G,16Q,2K
model.000.23.pdb,model.000.10.pdb,17M,113S,134T,154Y,117G,131D,132G,133E,116I
model.000.23.pdb,model.000.11.pdb,No common_epitopes
model.000.23.pdb,model.000.12.pdb,104S,101L,6D,100I,4T,3V,102D,103T,20H,21L,105N,2K
model.000.23.pdb,model.000.13.pdb,109T,122V,123Q,100I,113S,111V,130K,120P,126N,125Q,112C,121N,124D
model.000.23.pdb,model.000.14.pdb,138L,141L,136C,5V,3V,135K,113S,117G,131D,133E,20H,16Q,126N,139K,140C,4T,119V,18S,137S,154Y,19G,122V,17M,6D,134T,120P,132G,21L,116I,130K
model.000.23.pdb,model.000.15.pdb,No common_epitopes
model.000.23.pdb,model.000.16.pdb,No common_epitopes
model.000.23.pdb,model.000.17.pdb,6D,4T,5V,3V,139K,2K
model.000.23.pdb,model.000.18.pdb,138L,141L,136C,5V,3V,135K,117G,131D,133E,20H,16Q,139K,140C,4T,154Y,18S,137S,119V,21L,6D,134T,132G,19G,116I,130K
model.000.23.pdb,model.000.19.pdb,20H,17M
model.000.23.pdb,model.000.20.pdb,138L,141L,136C,140C,154Y,135K,137S,139K
model.000.23.pdb,model.000.21.pdb,17M,124D,113S,126N,130K,154Y,117G,18S,131D,132G,125Q,112C,121N,116I,123Q
model.000.23.pdb,model.000.22.pdb,104S,138L,141L,140C,106P,4T,5V,101L,3V,102D,137S,105N,6D,139K,21L,103T,2K
model.000.23.pdb,model.000.23.pdb,138L,141L,136C,140C,6D,4T,5V,135K,137S,139K,21L,16Q
model.000.23.pdb,model.000.24.pdb,104S,124D,100I,106P,125Q,3V,102D,109T,123Q,113S,135K,103T,133E,20H,121N,16Q,101L,4T,119V,18S,137S,111V,19G,105N,2K,122V,17M,134T,120P,126N,21L,112C
model.000.23.pdb,model.000.25.pdb,138L,104S,141L,136C,5V,3V,135K,133E,20H,16Q,139K,140C,4T,119V,18S,137S,21L,105N,2K,17M,6D,134T,132G,19G,116I
model.000.23.pdb,model.000.26.pdb,17M,116I
model.000.23.pdb,model.000.27.pdb,101L,100I,106P,4T,3V,103T,2K
model.000.23.pdb,model.000.28.pdb,138L,139K,140C,6D,5V,3V,141L,2K
model.000.23.pdb,model.000.29.pdb,139K,140C,6D,4T,5V,141L
model.000.24.pdb,model.000.00.pdb,10K,36T,8V
model.000.24.pdb,model.000.01.pdb,51K,42L,26E,171T,8V,40K,29L,27N,28D,39E,41V,170C,11R,163I,169I,164I
model.000.24.pdb,model.000.02.pdb,170C,169I
model.000.24.pdb,model.000.03.pdb,50N,10K,51K,38E,39E,37C,52P,11R,36T,8V,58K
model.000.24.pdb,model.000.04.pdb,170C,8V,169I
model.000.24.pdb,model.000.05.pdb,29L,42L,26E,37C,40K,28D,27N,170C,163I,164I
model.000.24.pdb,model.000.06.pdb,29L,43K,26E,37C,40K,28D,27N,41V,170C,44C,163I,164I,42L
model.000.24.pdb,model.000.07.pdb,10K,36T,8V
model.000.24.pdb,model.000.08.pdb,58K
model.000.24.pdb,model.000.09.pdb,10K,37C,169I,11R,36T,8V
model.000.24.pdb,model.000.10.pdb,29L,42L,26E,40K,28D,27N
model.000.24.pdb,model.000.11.pdb,10K,51K,43K,26E,47K,37C,40K,29L,27N,28D,39E,41V,170C,42L,11R,163I,169I,164I,38E
model.000.24.pdb,model.000.12.pdb,50N,10K,51K,38E,26E,39E,52P,11R,36T,8V,58K,49V
model.000.24.pdb,model.000.13.pdb,No common_epitopes
model.000.24.pdb,model.000.14.pdb,No common_epitopes
model.000.24.pdb,model.000.15.pdb,51K,43K,39E,47K,40K,29L,27N,28D,41V,42L,11R,44C,52P,49V,48T,45D,38E
model.000.24.pdb,model.000.16.pdb,29L,43K,26E,171T,59C,37C,40K,28D,27N,169I,39E,41V,170C,11R,44C,163I,164I,42L
model.000.24.pdb,model.000.17.pdb,51K,47K,37C,29L,41V,170C,164I,10K,38E,26E,58K,50N,42L,171T,40K,28D,169I,36T,39E,27N,11R,8V
model.000.24.pdb,model.000.18.pdb,No common_epitopes
model.000.24.pdb,model.000.19.pdb,29L,43K,26E,40K,28D,27N,169I,39E,41V,170C,42L,11R,163I,164I,38E
model.000.24.pdb,model.000.20.pdb,163I,170C,169I,171T,172G
model.000.24.pdb,model.000.21.pdb,No common_epitopes
model.000.24.pdb,model.000.22.pdb,10K,36T,8V,58K
model.000.24.pdb,model.000.23.pdb,8V,170C,164I,169I
model.000.24.pdb,model.000.24.pdb,No common_epitopes
model.000.24.pdb,model.000.25.pdb,No common_epitopes
model.000.24.pdb,model.000.26.pdb,29L,42L,40K,28D,27N,59C,58K
model.000.24.pdb,model.000.27.pdb,50N,10K,51K,38E,39E,37C,52P,11R,36T,8V,58K,49V
model.000.24.pdb,model.000.28.pdb,10K,29L,39E,26E,8V,37C,27N,169I,170C,11R,36T,164I
model.000.24.pdb,model.000.29.pdb,10K,29L,38E,26E,37C,27N,169I,39E,11R,36T,8V
model.000.25.pdb,model.000.00.pdb,139K,140C,6D,9C,5V,7T,141L,8V,4T
model.000.25.pdb,model.000.01.pdb,145E,29L,141L,5V,170C,162F,164I,26E,9C,7T,14L,171T,156C,169I,144Q,163I,142K,6D,13F,39E,143E,11R,8V
model.000.25.pdb,model.000.02.pdb,145E,156C,141L,140C,6D,4T,5V,169I,170C,143E,144Q,139K,142K,7T
model.000.25.pdb,model.000.03.pdb,6D,39E,4T,5V,7T,11R,8V,9C
model.000.25.pdb,model.000.04.pdb,145E,156C,141L,140C,6D,9C,5V,169I,4T,170C,143E,162F,144Q,139K,142K,8V,7T
model.000.25.pdb,model.000.05.pdb,29L,13F,26E,156C,170C,162F,163I,164I
model.000.25.pdb,model.000.06.pdb,145E,29L,13F,26E,156C,170C,162F,163I,142K,164I
model.000.25.pdb,model.000.07.pdb,139K,140C,6D,4T,5V,7T,141L,8V
model.000.25.pdb,model.000.08.pdb,6D,4T,5V,139K,7T
model.000.25.pdb,model.000.09.pdb,145E,156C,141L,13F,140C,6D,9C,5V,169I,7T,143E,11R,8V,139K,14L,142K,4T
model.000.25.pdb,model.000.10.pdb,29L,162F,26E
model.000.25.pdb,model.000.11.pdb,29L,13F,26E,9C,156C,169I,39E,170C,162F,11R,163I,14L,164I,142K
model.000.25.pdb,model.000.12.pdb,6D,26E,39E,9C,7T,11R,8V,4T
model.000.25.pdb,model.000.13.pdb,No common_epitopes
model.000.25.pdb,model.000.14.pdb,139K,140C,6D,4T,5V,141L
model.000.25.pdb,model.000.15.pdb,29L,39E,11R
model.000.25.pdb,model.000.16.pdb,29L,13F,26E,171T,156C,169I,39E,170C,11R,163I,164I
model.000.25.pdb,model.000.17.pdb,145E,29L,139K,13F,26E,171T,8V,9C,5V,169I,4T,39E,170C,142K,11R,6D,14L,164I,7T
model.000.25.pdb,model.000.18.pdb,145E,139K,140C,6D,4T,5V,7T,162F,144Q,141L,142K
model.000.25.pdb,model.000.19.pdb,29L,13F,26E,156C,169I,39E,170C,162F,11R,163I,164I
model.000.25.pdb,model.000.20.pdb,145E,141L,171T,140C,156C,163I,169I,170C,143E,162F,144Q,172G,139K,142K
model.000.25.pdb,model.000.21.pdb,No common_epitopes
model.000.25.pdb,model.000.22.pdb,145E,156C,141L,8V,140C,6D,9C,5V,7T,139K,14L,142K,4T
model.000.25.pdb,model.000.23.pdb,145E,141L,13F,140C,6D,9C,5V,169I,4T,170C,142K,162F,144Q,8V,139K,14L,143E,164I,7T
model.000.25.pdb,model.000.24.pdb,4T,7T
model.000.25.pdb,model.000.25.pdb,145E,156C,141L,140C,6D,4T,5V,7T,143E,144Q,139K,142K
model.000.25.pdb,model.000.26.pdb,29L
model.000.25.pdb,model.000.27.pdb,4T,7T,8V,39E,11R
model.000.25.pdb,model.000.28.pdb,145E,29L,156C,141L,39E,26E,140C,6D,9C,5V,169I,170C,142K,144Q,11R,8V,139K,14L,143E,164I,7T
model.000.25.pdb,model.000.29.pdb,145E,29L,141L,5V,143E,162F,26E,9C,7T,14L,139K,140C,4T,156C,169I,144Q,142K,6D,13F,39E,11R,8V
model.000.26.pdb,model.000.00.pdb,No common_epitopes
model.000.26.pdb,model.000.01.pdb,29L,40K,42L,27N,28D
model.000.26.pdb,model.000.02.pdb,No common_epitopes
model.000.26.pdb,model.000.03.pdb,85I
model.000.26.pdb,model.000.04.pdb,No common_epitopes
model.000.26.pdb,model.000.05.pdb,29L,82N,83V,42L,81N,79M,151D,40K,28D,24K,85I,97G,27N,118K,25C,55D,96N,71C,80V,95G,93T
model.000.26.pdb,model.000.06.pdb,29L,82N,124D,151D,118K,128C,96N,80V,43K,24K,94C,127K,121N,83V,42L,81N,40K,28D,97G,125Q,129S,95G,93T,25C,27N,55D,130K
model.000.26.pdb,model.000.07.pdb,No common_epitopes
model.000.26.pdb,model.000.08.pdb,78D,85I
model.000.26.pdb,model.000.09.pdb,No common_epitopes
model.000.26.pdb,model.000.10.pdb,29L,82N,151D,118K,90K,96N,80V,92V,24K,94C,89C,83V,42L,81N,40K,28D,97G,85I,95G,93T,27N,55D
model.000.26.pdb,model.000.11.pdb,29L,43K,151D,40K,28D,24K,27N,25C,42L
model.000.26.pdb,model.000.12.pdb,55D,85I
model.000.26.pdb,model.000.13.pdb,124D,91Q,89C,129S,127K,128C,125Q,90K,130K,121N,94C,92V,93T
model.000.26.pdb,model.000.14.pdb,118K,130K
model.000.26.pdb,model.000.15.pdb,29L,82N,83V,43K,81N,40K,28D,27N,55D,79M,42L
model.000.26.pdb,model.000.16.pdb,29L,82N,83V,43K,81N,151D,40K,28D,24K,85I,27N,25C,55D,79M,71C,80V,42L
model.000.26.pdb,model.000.17.pdb,29L,42L,25C,40K,28D,24K,27N
model.000.26.pdb,model.000.18.pdb,130K
model.000.26.pdb,model.000.19.pdb,29L,82N,83V,43K,81N,151D,40K,28D,24K,27N,25C,55D,79M,85I,42L
model.000.26.pdb,model.000.20.pdb,No common_epitopes
model.000.26.pdb,model.000.21.pdb,82N,124D,151D,118K,90K,96N,80V,92V,89C,24K,94C,127K,121N,83V,81N,97G,125Q,129S,91Q,85I,95G,93T,55D,130K
model.000.26.pdb,model.000.22.pdb,No common_epitopes
model.000.26.pdb,model.000.23.pdb,No common_epitopes
model.000.26.pdb,model.000.24.pdb,127K,121N,124D,92V,125Q
model.000.26.pdb,model.000.25.pdb,No common_epitopes
model.000.26.pdb,model.000.26.pdb,29L,82N,151D,78D,90K,96N,80V,24K,89C,71C,83V,42L,81N,40K,28D,97G,79M,91Q,95G,93T,25C,27N,55D
model.000.26.pdb,model.000.27.pdb,85I,78D,89C,90K,79M,80V
model.000.26.pdb,model.000.28.pdb,29L,27N
model.000.26.pdb,model.000.29.pdb,29L,27N
model.000.27.pdb,model.000.00.pdb,104S,138L,141L,136C,147C,5V,3V,135K,7T,20H,139K,140C,4T,18S,137S,146T,21L,2K,6D,134T,19G,8V
model.000.27.pdb,model.000.01.pdb,145E,156C,141L,5V,159K,157D,7T,143E,144Q,6D,142K,8V
model.000.27.pdb,model.000.02.pdb,138L,147C,141L,136C,145E,5V,3V,157D,143E,159K,135K,7T,133E,20H,139K,140C,4T,156C,119V,18S,137S,144Q,146T,142K,19G,2K,6D,134T,132G,21L
model.000.27.pdb,model.000.03.pdb,104S,6D,4T,5V,3V,102D,7T,111V,20H,21L,8V,19G,2K
model.000.27.pdb,model.000.04.pdb,138L,145E,156C,141L,136C,147C,140C,6D,4T,5V,159K,135K,137S,7T,143E,144Q,146T,139K,142K,8V
model.000.27.pdb,model.000.05.pdb,146T,131D,156C,159K,157D
model.000.27.pdb,model.000.06.pdb,145E,156C,159K,157D,131D,132G,142K,130K
model.000.27.pdb,model.000.07.pdb,104S,138L,141L,136C,140C,6D,4T,5V,3V,135K,102D,137S,7T,139K,20H,21L,8V,19G,105N,2K
model.000.27.pdb,model.000.08.pdb,104S,139K,6D,4T,5V,3V,102D,137S,7T,20H,21L,105N,2K
model.000.27.pdb,model.000.09.pdb,138L,145E,19G,156C,141L,136C,140C,6D,4T,5V,3V,135K,137S,143E,139K,8V,20H,142K,21L,7T,2K
model.000.27.pdb,model.000.10.pdb,147C,134T,159K,157D,131D,132G,133E
model.000.27.pdb,model.000.11.pdb,142K,156C,159K,157D
model.000.27.pdb,model.000.12.pdb,104S,6D,4T,3V,102D,7T,20H,21L,8V,105N,2K
model.000.27.pdb,model.000.13.pdb,126N,112C,130K,120P,111V
model.000.27.pdb,model.000.14.pdb,138L,147C,141L,136C,5V,3V,135K,131D,133E,20H,126N,139K,140C,4T,119V,18S,137S,19G,6D,134T,120P,132G,21L,130K
model.000.27.pdb,model.000.15.pdb,No common_epitopes
model.000.27.pdb,model.000.16.pdb,156C,157D
model.000.27.pdb,model.000.17.pdb,145E,139K,4T,5V,3V,7T,6D,142K,8V,2K
model.000.27.pdb,model.000.18.pdb,138L,147C,141L,136C,145E,5V,3V,7T,159K,135K,131D,133E,20H,139K,140C,4T,119V,18S,137S,144Q,146T,142K,21L,6D,134T,132G,19G,130K
model.000.27.pdb,model.000.19.pdb,20H,156C,159K,157D
model.000.27.pdb,model.000.20.pdb,138L,147C,141L,136C,145E,140C,156C,159K,157D,135K,137S,143E,144Q,146T,139K,142K
model.000.27.pdb,model.000.21.pdb,132G,18S,131D,126N,112C,130K
model.000.27.pdb,model.000.22.pdb,138L,145E,104S,156C,141L,140C,6D,4T,5V,3V,102D,137S,7T,139K,142K,8V,21L,105N,2K
model.000.27.pdb,model.000.23.pdb,138L,145E,141L,136C,147C,140C,6D,4T,5V,159K,157D,135K,137S,143E,144Q,146T,8V,139K,142K,21L,7T
model.000.27.pdb,model.000.24.pdb,104S,18S,4T,120P,134T,3V,119V,135K,102D,137S,7T,126N,111V,133E,20H,21L,112C,19G,105N,2K
model.000.27.pdb,model.000.25.pdb,138L,104S,141L,136C,145E,5V,3V,143E,159K,135K,7T,133E,20H,139K,147C,140C,4T,156C,119V,18S,137S,144Q,146T,142K,21L,105N,2K,6D,134T,132G,19G
model.000.27.pdb,model.000.26.pdb,No common_epitopes
model.000.27.pdb,model.000.27.pdb,4T,7T,8V,3V,2K
model.000.27.pdb,model.000.28.pdb,138L,145E,156C,141L,140C,6D,5V,3V,143E,144Q,139K,142K,8V,7T,2K
model.000.27.pdb,model.000.29.pdb,145E,156C,141L,140C,6D,4T,5V,159K,143E,144Q,139K,142K,8V,7T
model.000.28.pdb,model.000.00.pdb,138L,104S,17M,136C,4T,5V,134T,3V,154Y,135K,18S,137S,20H,19G,21L,16Q
model.000.28.pdb,model.000.01.pdb,5V
model.000.28.pdb,model.000.02.pdb,138L,17M,136C,4T,5V,134T,3V,119V,135K,18S,137S,132G,133E,20H,19G,21L,16Q
model.000.28.pdb,model.000.03.pdb,104S,109T,4T,5V,3V,111V,20H,19G,21L
model.000.28.pdb,model.000.04.pdb,138L,136C,4T,5V,154Y,135K,137S,16Q
model.000.28.pdb,model.000.05.pdb,17M,131D,118K,154Y
model.000.28.pdb,model.000.06.pdb,17M,131D,118K,129S,130K,121N,16Q,132G
model.000.28.pdb,model.000.07.pdb,138L,104S,136C,4T,5V,3V,135K,137S,109T,20H,19G,21L,16Q,105N
model.000.28.pdb,model.000.08.pdb,104S,109T,4T,5V,3V,137S,20H,21L,16Q,105N
model.000.28.pdb,model.000.09.pdb,138L,17M,136C,4T,5V,3V,135K,137S,20H,19G,21L,16Q
model.000.28.pdb,model.000.10.pdb,17M,134T,154Y,114C,131D,118K,133E,132G
model.000.28.pdb,model.000.11.pdb,No common_epitopes
model.000.28.pdb,model.000.12.pdb,104S,4T,3V,20H,21L,105N
model.000.28.pdb,model.000.13.pdb,109T,122V,123Q,120P,126N,111V,129S,112C,121N,130K
model.000.28.pdb,model.000.14.pdb,138L,136C,5V,3V,118K,135K,131D,133E,20H,16Q,126N,4T,154Y,18S,137S,119V,21L,122V,17M,134T,120P,132G,19G,130K
model.000.28.pdb,model.000.15.pdb,No common_epitopes
model.000.28.pdb,model.000.16.pdb,No common_epitopes
model.000.28.pdb,model.000.17.pdb,4T,5V,3V
model.000.28.pdb,model.000.18.pdb,138L,136C,4T,5V,134T,3V,154Y,135K,18S,137S,131D,132G,133E,20H,19G,119V,21L,16Q,130K
model.000.28.pdb,model.000.19.pdb,20H,17M
model.000.28.pdb,model.000.20.pdb,138L,135K,137S,136C,154Y
model.000.28.pdb,model.000.21.pdb,132G,17M,123Q,114C,130K,154Y,18S,131D,126N,129S,112C,121N,118K
model.000.28.pdb,model.000.22.pdb,138L,104S,4T,5V,3V,137S,21L,105N
model.000.28.pdb,model.000.23.pdb,138L,136C,4T,5V,135K,137S,21L,16Q
model.000.28.pdb,model.000.24.pdb,104S,3V,109T,123Q,135K,133E,20H,121N,16Q,4T,119V,18S,137S,111V,21L,105N,122V,17M,134T,120P,114C,126N,19G,112C
model.000.28.pdb,model.000.25.pdb,138L,104S,17M,136C,4T,5V,134T,3V,119V,135K,18S,137S,132G,133E,20H,19G,21L,16Q,105N
model.000.28.pdb,model.000.26.pdb,17M
model.000.28.pdb,model.000.27.pdb,4T,3V
model.000.28.pdb,model.000.28.pdb,138L,5V,3V
model.000.28.pdb,model.000.29.pdb,4T,5V
model.000.29.pdb,model.000.00.pdb,104S,138L,141L,136C,100I,147C,5V,3V,113S,135K,20H,16Q,139K,140C,4T,18S,137S,146T,21L,103T,2K,6D,134T,19G
model.000.29.pdb,model.000.01.pdb,145E,141L,5V,159K,143E,144Q,6D,142K
model.000.29.pdb,model.000.02.pdb,138L,147C,141L,136C,145E,5V,3V,143E,159K,135K,133E,20H,16Q,139K,140C,4T,119V,18S,137S,144Q,146T,142K,19G,2K,6D,148K,134T,132G,21L
model.000.29.pdb,model.000.03.pdb,104S,6D,100I,4T,5V,3V,102D,111V,20H,21L,19G,103T,2K
model.000.29.pdb,model.000.04.pdb,138L,145E,141L,136C,147C,140C,6D,4T,5V,159K,135K,148K,137S,143E,144Q,146T,139K,142K,16Q
model.000.29.pdb,model.000.05.pdb,113S,146T,148K,159K
model.000.29.pdb,model.000.06.pdb,145E,113S,159K,148K,132G,142K,16Q,130K
model.000.29.pdb,model.000.07.pdb,104S,138L,19G,141L,136C,100I,140C,6D,4T,5V,3V,135K,102D,137S,139K,20H,21L,16Q,103T,2K
model.000.29.pdb,model.000.08.pdb,104S,139K,6D,4T,5V,3V,102D,137S,20H,21L,16Q,103T,2K
model.000.29.pdb,model.000.09.pdb,138L,145E,19G,141L,136C,140C,6D,4T,5V,3V,135K,137S,143E,139K,20H,142K,21L,16Q,2K
model.000.29.pdb,model.000.10.pdb,147C,114C,113S,134T,159K,148K,132G,133E
model.000.29.pdb,model.000.11.pdb,148K,142K,159K
model.000.29.pdb,model.000.12.pdb,104S,6D,100I,4T,3V,102D,20H,21L,103T,2K
model.000.29.pdb,model.000.13.pdb,100I,113S,120P,111V,112C,130K
model.000.29.pdb,model.000.14.pdb,138L,147C,141L,136C,5V,3V,113S,135K,133E,20H,16Q,139K,140C,4T,119V,18S,137S,19G,6D,148K,134T,120P,132G,21L,130K
model.000.29.pdb,model.000.15.pdb,No common_epitopes
model.000.29.pdb,model.000.16.pdb,No common_epitopes
model.000.29.pdb,model.000.17.pdb,145E,139K,4T,5V,3V,6D,142K,2K
model.000.29.pdb,model.000.18.pdb,138L,147C,141L,136C,145E,5V,3V,159K,135K,133E,20H,16Q,139K,140C,4T,119V,18S,137S,144Q,146T,142K,21L,6D,148K,134T,132G,19G,130K
model.000.29.pdb,model.000.19.pdb,148K,20H,159K
model.000.29.pdb,model.000.20.pdb,138L,147C,141L,136C,145E,140C,159K,135K,148K,137S,143E,144Q,146T,139K,142K
model.000.29.pdb,model.000.21.pdb,114C,113S,18S,132G,112C,130K
model.000.29.pdb,model.000.22.pdb,104S,138L,141L,145E,140C,6D,4T,5V,3V,102D,137S,139K,142K,21L,103T,2K
model.000.29.pdb,model.000.23.pdb,138L,145E,141L,136C,147C,140C,6D,4T,5V,159K,135K,137S,143E,144Q,146T,139K,142K,21L,16Q
model.000.29.pdb,model.000.24.pdb,104S,100I,3V,102D,113S,135K,133E,20H,16Q,4T,119V,18S,137S,111V,21L,103T,2K,134T,120P,114C,19G,112C
model.000.29.pdb,model.000.25.pdb,138L,104S,141L,136C,145E,5V,3V,143E,159K,135K,133E,20H,16Q,139K,147C,140C,4T,119V,18S,137S,144Q,146T,142K,21L,2K,6D,134T,132G,19G
model.000.29.pdb,model.000.26.pdb,No common_epitopes
model.000.29.pdb,model.000.27.pdb,4T,103T,3V,100I,2K
model.000.29.pdb,model.000.28.pdb,138L,145E,141L,140C,6D,5V,3V,143E,144Q,139K,142K,2K
model.000.29.pdb,model.000.29.pdb,145E,141L,140C,6D,4T,5V,159K,143E,144Q,139K,142K
