6b0h,6phc,Common_Epitopes
model.000.00.pdb,model.000.00.pdb,104S,138L,141L,136C,100I,147C,5V,3V,135K,20H,16Q,139K,140C,4T,18S,137S,146T,21L,103T,2K,17M,6D,134T,19G
model.000.00.pdb,model.000.01.pdb,145E,141L,5V,159K,144Q,6D,142K
model.000.00.pdb,model.000.02.pdb,138L,147C,141L,136C,145E,5V,3V,159K,135K,133E,20H,16Q,139K,140C,4T,119V,18S,137S,144Q,146T,142K,19G,2K,17M,6D,134T,132G,21L
model.000.00.pdb,model.000.03.pdb,104S,109T,6D,100I,4T,5V,101L,3V,102D,111V,20H,19G,21L,103T,2K
model.000.00.pdb,model.000.04.pdb,138L,145E,141L,136C,147C,140C,6D,4T,5V,159K,135K,137S,144Q,146T,139K,142K,16Q
model.000.00.pdb,model.000.05.pdb,146T,17M,118K,159K
model.000.00.pdb,model.000.06.pdb,145E,17M,159K,118K,142K,130K,16Q,132G
model.000.00.pdb,model.000.07.pdb,104S,138L,141L,136C,100I,5V,3V,102D,109T,135K,103T,20H,16Q,101L,139K,140C,4T,137S,19G,105N,2K,6D,21L
model.000.00.pdb,model.000.08.pdb,104S,109T,139K,6D,4T,5V,101L,3V,102D,137S,105N,20H,21L,16Q,103T,2K
model.000.00.pdb,model.000.09.pdb,138L,145E,17M,141L,136C,140C,6D,4T,5V,3V,135K,137S,139K,20H,142K,19G,21L,16Q,2K
model.000.00.pdb,model.000.10.pdb,147C,17M,134T,159K,118K,133E,132G
model.000.00.pdb,model.000.11.pdb,142K,159K
model.000.00.pdb,model.000.12.pdb,104S,101L,6D,100I,4T,3V,102D,103T,20H,21L,105N,2K
model.000.00.pdb,model.000.13.pdb,109T,122V,100I,120P,126N,111V,130K
model.000.00.pdb,model.000.14.pdb,138L,147C,141L,136C,5V,3V,118K,135K,133E,20H,16Q,126N,139K,140C,4T,119V,18S,137S,19G,122V,17M,6D,134T,120P,132G,21L,130K
model.000.00.pdb,model.000.15.pdb,No common_epitopes
model.000.00.pdb,model.000.16.pdb,No common_epitopes
model.000.00.pdb,model.000.17.pdb,145E,139K,4T,5V,3V,6D,142K,2K
model.000.00.pdb,model.000.18.pdb,138L,147C,141L,136C,145E,5V,3V,159K,135K,133E,20H,16Q,139K,140C,4T,119V,18S,137S,144Q,146T,142K,21L,6D,134T,132G,19G,130K
model.000.00.pdb,model.000.19.pdb,20H,17M,159K
model.000.00.pdb,model.000.20.pdb,138L,147C,141L,136C,145E,140C,159K,135K,137S,144Q,146T,139K,142K
model.000.00.pdb,model.000.21.pdb,17M,126N,18S,118K,132G,130K
model.000.00.pdb,model.000.22.pdb,104S,145E,141L,138L,140C,6D,4T,5V,101L,3V,102D,137S,105N,139K,142K,21L,103T,2K
model.000.00.pdb,model.000.23.pdb,138L,145E,141L,136C,147C,140C,6D,4T,5V,159K,135K,137S,144Q,146T,139K,142K,21L,16Q
model.000.00.pdb,model.000.24.pdb,104S,100I,3V,102D,109T,135K,105N,133E,20H,16Q,101L,4T,119V,18S,137S,111V,19G,103T,2K,122V,17M,134T,120P,126N,21L
model.000.00.pdb,model.000.25.pdb,138L,104S,141L,136C,145E,5V,3V,159K,135K,133E,20H,16Q,139K,147C,140C,4T,119V,18S,137S,144Q,146T,142K,21L,105N,2K,17M,6D,134T,132G,19G
model.000.00.pdb,model.000.26.pdb,17M
model.000.00.pdb,model.000.27.pdb,101L,100I,4T,3V,103T,2K
model.000.00.pdb,model.000.28.pdb,138L,145E,141L,140C,6D,5V,3V,144Q,139K,142K,2K
model.000.00.pdb,model.000.29.pdb,145E,139K,140C,6D,4T,5V,159K,144Q,141L,142K
model.000.01.pdb,model.000.00.pdb,138L,147C,141L,136C,140C,134T,154Y,135K,137S,139K,146T
model.000.01.pdb,model.000.01.pdb,170C,145E,141L,159K,169I,143E,162F,144Q,142K
model.000.01.pdb,model.000.02.pdb,138L,145E,170C,141L,136C,147C,140C,134T,159K,169I,135K,148K,137S,143E,139K,144Q,146T,142K
model.000.01.pdb,model.000.03.pdb,No common_epitopes
model.000.01.pdb,model.000.04.pdb,138L,145E,170C,141L,136C,147C,140C,159K,169I,135K,148K,137S,143E,139K,162F,144Q,161G,146T,142K,154Y,160D
model.000.01.pdb,model.000.05.pdb,149A,148K,159K,154Y,170C,162F,161G,146T,160D
model.000.01.pdb,model.000.06.pdb,145E,148K,159K,170C,162F,161G,142K
model.000.01.pdb,model.000.07.pdb,138L,141L,136C,140C,135K,137S,139K
model.000.01.pdb,model.000.08.pdb,137S,139K
model.000.01.pdb,model.000.09.pdb,138L,145E,141L,136C,140C,169I,135K,137S,143E,139K,142K
model.000.01.pdb,model.000.10.pdb,147C,149A,148K,134T,159K,154Y,162F,161G,160D
model.000.01.pdb,model.000.11.pdb,148K,159K,169I,170C,162F,142K,160D
model.000.01.pdb,model.000.12.pdb,No common_epitopes
model.000.01.pdb,model.000.13.pdb,No common_epitopes
model.000.01.pdb,model.000.14.pdb,138L,147C,141L,136C,149A,140C,134T,154Y,135K,148K,137S,139K
model.000.01.pdb,model.000.15.pdb,No common_epitopes
model.000.01.pdb,model.000.16.pdb,170C,169I
model.000.01.pdb,model.000.17.pdb,145E,142K,170C,139K,169I
model.000.01.pdb,model.000.18.pdb,138L,145E,141L,136C,147C,140C,134T,159K,154Y,135K,148K,137S,149A,162F,144Q,161G,146T,142K,160D,139K
model.000.01.pdb,model.000.19.pdb,149A,148K,159K,169I,170C,162F,161G,160D
model.000.01.pdb,model.000.20.pdb,138L,145E,170C,141L,136C,147C,140C,159K,169I,135K,148K,137S,143E,149A,162F,144Q,146T,142K,154Y,160D,139K
model.000.01.pdb,model.000.21.pdb,149A,154Y
model.000.01.pdb,model.000.22.pdb,138L,145E,141L,140C,137S,139K,142K
model.000.01.pdb,model.000.23.pdb,138L,145E,170C,141L,136C,147C,140C,159K,169I,135K,137S,143E,139K,162F,144Q,146T,142K
model.000.01.pdb,model.000.24.pdb,135K,137S,134T
model.000.01.pdb,model.000.25.pdb,138L,145E,141L,136C,147C,140C,134T,159K,135K,137S,143E,139K,144Q,146T,142K
model.000.01.pdb,model.000.26.pdb,No common_epitopes
model.000.01.pdb,model.000.27.pdb,No common_epitopes
model.000.01.pdb,model.000.28.pdb,138L,145E,170C,141L,140C,169I,143E,144Q,139K,142K
model.000.01.pdb,model.000.29.pdb,145E,139K,140C,159K,169I,143E,162F,144Q,141L,142K
model.000.02.pdb,model.000.00.pdb,104S,136C,5V,3V,113S,135K,7T,20H,16Q,139K,4T,154Y,18S,137S,21L,103T,2K,17M,6D,134T,19G,116I
model.000.02.pdb,model.000.01.pdb,5V,6D,7T
model.000.02.pdb,model.000.02.pdb,17M,139K,136C,6D,4T,5V,134T,3V,119V,135K,18S,137S,7T,132G,133E,20H,21L,19G,16Q,2K
model.000.02.pdb,model.000.03.pdb,104S,109T,6D,4T,5V,3V,102D,7T,111V,20H,19G,21L,103T,2K
model.000.02.pdb,model.000.04.pdb,139K,136C,4T,5V,154Y,135K,137S,7T,6D,16Q
model.000.02.pdb,model.000.05.pdb,17M,113S,154Y,115N,131D,118K,116I
model.000.02.pdb,model.000.06.pdb,131D,17M,113S,127K,16Q,117G,115N,118K,128C,125Q,130K,121N,94C,132G
model.000.02.pdb,model.000.07.pdb,104S,109T,19G,139K,136C,6D,4T,5V,3V,135K,102D,137S,7T,105N,20H,21L,16Q,103T,2K
model.000.02.pdb,model.000.08.pdb,104S,109T,139K,6D,4T,5V,3V,102D,137S,7T,105N,20H,21L,16Q,103T,2K
model.000.02.pdb,model.000.09.pdb,17M,139K,136C,6D,4T,5V,3V,135K,137S,7T,20H,21L,19G,16Q,2K
model.000.02.pdb,model.000.10.pdb,131D,17M,113S,116I,134T,154Y,117G,114C,115N,118K,133E,94C,132G
model.000.02.pdb,model.000.11.pdb,No common_epitopes
model.000.02.pdb,model.000.12.pdb,104S,6D,4T,3V,102D,7T,105N,20H,21L,103T,2K
model.000.02.pdb,model.000.13.pdb,109T,110G,122V,113S,111V,120P,127K,126N,128C,125Q,112C,121N,94C,130K
model.000.02.pdb,model.000.14.pdb,136C,5V,3V,118K,135K,113S,117G,115N,131D,133E,20H,16Q,126N,139K,4T,119V,18S,137S,154Y,19G,122V,17M,6D,134T,120P,132G,21L,116I,130K
model.000.02.pdb,model.000.15.pdb,No common_epitopes
model.000.02.pdb,model.000.16.pdb,No common_epitopes
model.000.02.pdb,model.000.17.pdb,139K,4T,5V,3V,7T,6D,2K
model.000.02.pdb,model.000.18.pdb,136C,5V,3V,135K,117G,7T,133E,20H,131D,16Q,139K,4T,154Y,18S,137S,119V,21L,6D,134T,132G,19G,116I,130K
model.000.02.pdb,model.000.19.pdb,20H,17M,115N
model.000.02.pdb,model.000.20.pdb,135K,137S,139K,136C,154Y
model.000.02.pdb,model.000.21.pdb,17M,18S,113S,126N,125Q,130K,127K,154Y,117G,114C,131D,118K,115N,116I,112C,121N,94C,132G
model.000.02.pdb,model.000.22.pdb,104S,139K,4T,5V,3V,102D,137S,7T,105N,6D,21L,103T,2K
model.000.02.pdb,model.000.23.pdb,139K,136C,4T,5V,135K,137S,7T,6D,21L,16Q
model.000.02.pdb,model.000.24.pdb,104S,110G,125Q,3V,102D,109T,113S,135K,7T,105N,133E,20H,121N,16Q,4T,119V,18S,137S,111V,19G,103T,2K,122V,17M,134T,120P,114C,126N,21L,112C,127K
model.000.02.pdb,model.000.25.pdb,104S,136C,5V,3V,135K,7T,133E,20H,16Q,139K,4T,119V,18S,137S,21L,105N,2K,17M,6D,134T,132G,19G,116I
model.000.02.pdb,model.000.26.pdb,17M,115N,116I
model.000.02.pdb,model.000.27.pdb,110G,4T,3V,7T,103T,2K
model.000.02.pdb,model.000.28.pdb,6D,5V,3V,7T,139K,2K
model.000.02.pdb,model.000.29.pdb,6D,4T,5V,139K,7T
model.000.03.pdb,model.000.00.pdb,17M,116I
model.000.03.pdb,model.000.01.pdb,40K,28D
model.000.03.pdb,model.000.02.pdb,17M
model.000.03.pdb,model.000.03.pdb,85I
model.000.03.pdb,model.000.04.pdb,No common_epitopes
model.000.03.pdb,model.000.05.pdb,82N,151D,153I,84C,118K,96N,80V,149A,22E,24K,115N,99C,131D,152G,83V,81N,40K,28D,97G,150V,79M,85I,95G,93T,17M,98K,116I
model.000.03.pdb,model.000.06.pdb,82N,124D,151D,127K,153I,84C,118K,128C,96N,94C,22E,24K,80V,115N,131D,99C,121N,152G,83V,81N,40K,28D,97G,150V,125Q,129S,95G,93T,17M,98K,130K
model.000.03.pdb,model.000.07.pdb,22E
model.000.03.pdb,model.000.08.pdb,78D,85I
model.000.03.pdb,model.000.09.pdb,17M
model.000.03.pdb,model.000.10.pdb,82N,151D,153I,84C,118K,90K,96N,94C,92V,149A,22E,89C,24K,80V,115N,99C,131D,152G,83V,81N,40K,28D,97G,150V,85I,95G,93T,17M,98K,116I
model.000.03.pdb,model.000.11.pdb,150V,151D,40K,28D,24K
model.000.03.pdb,model.000.12.pdb,98K,85I
model.000.03.pdb,model.000.13.pdb,124D,91Q,130K,89C,98K,129S,127K,128C,125Q,90K,93T,99C,121N,94C,92V,123Q
model.000.03.pdb,model.000.14.pdb,149A,17M,152G,153I,115N,131D,150V,118K,116I,130K
model.000.03.pdb,model.000.15.pdb,82N,83V,81N,40K,28D,84C,79M
model.000.03.pdb,model.000.16.pdb,82N,83V,81N,151D,40K,28D,24K,85I,84C,79M,80V
model.000.03.pdb,model.000.17.pdb,40K,28D,24K
model.000.03.pdb,model.000.18.pdb,149A,131D,150V,116I,130K
model.000.03.pdb,model.000.19.pdb,149A,17M,82N,83V,81N,151D,22E,40K,28D,153I,98K,115N,84C,24K,152G,150V,79M,85I
model.000.03.pdb,model.000.20.pdb,149A,150V
model.000.03.pdb,model.000.21.pdb,82N,124D,151D,127K,153I,118K,90K,96N,94C,92V,149A,123Q,24K,80V,115N,89C,99C,131D,121N,152G,83V,81N,97G,150V,125Q,129S,91Q,85I,95G,93T,17M,98K,116I,130K
model.000.03.pdb,model.000.22.pdb,No common_epitopes
model.000.03.pdb,model.000.23.pdb,No common_epitopes
model.000.03.pdb,model.000.24.pdb,17M,123Q,127K,125Q,121N,92V,124D
model.000.03.pdb,model.000.25.pdb,17M,116I
model.000.03.pdb,model.000.26.pdb,82N,151D,153I,78D,84C,90K,96N,80V,89C,24K,115N,152G,83V,81N,40K,28D,97G,150V,79M,91Q,95G,93T,17M,98K,116I
model.000.03.pdb,model.000.27.pdb,85I,78D,89C,90K,79M,80V
model.000.03.pdb,model.000.28.pdb,No common_epitopes
model.000.03.pdb,model.000.29.pdb,No common_epitopes
model.000.04.pdb,model.000.00.pdb,104S,138L,141L,136C,100I,5V,3V,113S,135K,20H,16Q,34E,139K,140C,4T,18S,137S,21L,103T,2K,17M,6D,134T,19G
model.000.04.pdb,model.000.01.pdb,6D,5V,141L
model.000.04.pdb,model.000.02.pdb,138L,141L,136C,5V,3V,135K,133E,20H,16Q,139K,140C,4T,119V,18S,137S,19G,2K,17M,6D,134T,132G,21L
model.000.04.pdb,model.000.03.pdb,104S,101L,6D,100I,34E,4T,5V,3V,102D,111V,109T,20H,19G,21L,103T,2K
model.000.04.pdb,model.000.04.pdb,138L,141L,136C,140C,6D,4T,5V,135K,137S,139K,16Q
model.000.04.pdb,model.000.05.pdb,113S,22E,131D,17M,118K
model.000.04.pdb,model.000.06.pdb,17M,113S,22E,117G,131D,118K,130K,121N,16Q,132G
model.000.04.pdb,model.000.07.pdb,104S,138L,141L,136C,100I,106P,5V,3V,102D,109T,22E,135K,105N,20H,16Q,101L,34E,139K,140C,4T,137S,19G,103T,2K,6D,21L
model.000.04.pdb,model.000.08.pdb,104S,109T,139K,34E,106P,4T,5V,101L,3V,102D,137S,105N,6D,20H,21L,16Q,103T,2K
model.000.04.pdb,model.000.09.pdb,138L,17M,141L,136C,140C,6D,4T,5V,3V,135K,137S,139K,20H,21L,19G,16Q,2K
model.000.04.pdb,model.000.10.pdb,17M,113S,22E,134T,117G,114C,131D,118K,133E,132G
model.000.04.pdb,model.000.11.pdb,No common_epitopes
model.000.04.pdb,model.000.12.pdb,104S,101L,6D,100I,34E,4T,3V,102D,103T,20H,21L,105N,2K
model.000.04.pdb,model.000.13.pdb,109T,122V,100I,113S,120P,126N,111V,112C,121N,130K
model.000.04.pdb,model.000.14.pdb,138L,141L,136C,5V,3V,118K,135K,113S,117G,131D,133E,20H,16Q,126N,139K,140C,4T,119V,18S,137S,19G,122V,17M,6D,134T,120P,132G,21L,130K
model.000.04.pdb,model.000.15.pdb,No common_epitopes
model.000.04.pdb,model.000.16.pdb,No common_epitopes
model.000.04.pdb,model.000.17.pdb,34E,139K,4T,5V,3V,6D,2K
model.000.04.pdb,model.000.18.pdb,138L,141L,136C,5V,3V,135K,117G,131D,133E,20H,16Q,139K,140C,4T,119V,18S,137S,21L,6D,134T,132G,19G,130K
model.000.04.pdb,model.000.19.pdb,20H,22E,17M
model.000.04.pdb,model.000.20.pdb,138L,141L,136C,140C,135K,137S,139K
model.000.04.pdb,model.000.21.pdb,17M,18S,113S,126N,130K,117G,114C,131D,118K,112C,121N,132G
model.000.04.pdb,model.000.22.pdb,104S,138L,141L,34E,140C,106P,4T,5V,101L,3V,102D,137S,105N,6D,139K,21L,103T,2K
model.000.04.pdb,model.000.23.pdb,138L,141L,136C,140C,6D,4T,5V,135K,137S,139K,21L,16Q
model.000.04.pdb,model.000.24.pdb,104S,100I,106P,3V,102D,109T,113S,135K,105N,133E,20H,121N,16Q,101L,4T,119V,18S,137S,111V,19G,103T,2K,122V,17M,134T,120P,114C,126N,21L,112C
model.000.04.pdb,model.000.25.pdb,138L,104S,141L,136C,5V,3V,135K,133E,20H,16Q,139K,140C,4T,119V,18S,137S,21L,105N,2K,17M,6D,134T,132G,19G
model.000.04.pdb,model.000.26.pdb,17M
model.000.04.pdb,model.000.27.pdb,101L,34E,100I,106P,4T,3V,103T,2K
model.000.04.pdb,model.000.28.pdb,138L,34E,141L,140C,6D,5V,3V,139K,2K
model.000.04.pdb,model.000.29.pdb,139K,140C,6D,4T,5V,141L
model.000.05.pdb,model.000.00.pdb,15I,17M,116I
model.000.05.pdb,model.000.01.pdb,29L,42L,26E,40K,28D,27N
model.000.05.pdb,model.000.02.pdb,133E,155K,132G,17M,119V
model.000.05.pdb,model.000.03.pdb,85I,31L
model.000.05.pdb,model.000.04.pdb,No common_epitopes
model.000.05.pdb,model.000.05.pdb,29L,82N,151D,153I,84C,24K,96N,155K,149A,26E,22E,30V,80V,115N,131D,152G,83V,42L,81N,40K,28D,97G,150V,85I,95G,93T,17M,25C,27N,98K,31L,15I,55D,116I,118K
model.000.05.pdb,model.000.06.pdb,29L,82N,151D,153I,84C,24K,128C,96N,94C,26E,22E,30V,80V,117G,115N,131D,121N,155K,152G,83V,42L,81N,40K,28D,97G,150V,129S,95G,93T,17M,25C,27N,98K,118K,132G,31L,15I,55D,130K
model.000.05.pdb,model.000.07.pdb,22E
model.000.05.pdb,model.000.08.pdb,85I
model.000.05.pdb,model.000.09.pdb,15I,17M
model.000.05.pdb,model.000.10.pdb,29L,82N,151D,153I,84C,24K,96N,94C,149A,26E,22E,30V,80V,117G,115N,133E,131D,155K,152G,83V,42L,81N,40K,28D,97G,150V,85I,95G,93T,17M,27N,98K,132G,31L,15I,55D,116I,118K
model.000.05.pdb,model.000.11.pdb,29L,42L,26E,151D,40K,28D,24K,150V,27N,25C,155K
model.000.05.pdb,model.000.12.pdb,98K,55D,85I,26E,31L
model.000.05.pdb,model.000.13.pdb,98K,128C,129S,130K,121N,94C,93T
model.000.05.pdb,model.000.14.pdb,149A,17M,152G,153I,119V,117G,115N,131D,150V,118K,133E,155K,130K,116I,132G
model.000.05.pdb,model.000.15.pdb,29L,82N,83V,42L,81N,40K,28D,30V,84C,27N,31L,55D
model.000.05.pdb,model.000.16.pdb,29L,82N,83V,42L,26E,151D,31L,40K,28D,30V,85I,27N,84C,24K,25C,55D,155K,81N,80V
model.000.05.pdb,model.000.17.pdb,29L,42L,26E,25C,40K,28D,24K,27N
model.000.05.pdb,model.000.18.pdb,149A,119V,117G,131D,150V,132G,133E,116I,130K
model.000.05.pdb,model.000.19.pdb,29L,82N,151D,153I,84C,24K,155K,149A,26E,22E,30V,115N,152G,83V,42L,81N,40K,28D,150V,85I,17M,25C,27N,98K,31L,15I,55D
model.000.05.pdb,model.000.20.pdb,149A,155K,150V
model.000.05.pdb,model.000.21.pdb,82N,151D,153I,118K,96N,94C,149A,24K,80V,117G,115N,131D,121N,152G,83V,81N,97G,150V,129S,85I,95G,93T,17M,98K,132G,55D,116I,130K
model.000.05.pdb,model.000.22.pdb,No common_epitopes
model.000.05.pdb,model.000.23.pdb,No common_epitopes
model.000.05.pdb,model.000.24.pdb,133E,17M,121N,119V
model.000.05.pdb,model.000.25.pdb,133E,17M,116I,132G,119V
model.000.05.pdb,model.000.26.pdb,29L,82N,151D,153I,84C,24K,96N,80V,30V,115N,152G,83V,42L,81N,40K,28D,97G,150V,95G,93T,17M,25C,27N,98K,31L,55D,116I
model.000.05.pdb,model.000.27.pdb,80V,85I
model.000.05.pdb,model.000.28.pdb,29L,27N,26E
model.000.05.pdb,model.000.29.pdb,29L,27N,26E
model.000.06.pdb,model.000.00.pdb,104S,10K,35E,139K,34E,9C,33N,3V,7T,6D,36T,8V,4T,103T,2K
model.000.06.pdb,model.000.01.pdb,51K,6D,9C,7T,11R,8V
model.000.06.pdb,model.000.02.pdb,6D,4T,3V,7T,139K,2K
model.000.06.pdb,model.000.03.pdb,104S,101L,35E,86P,37C,3V,102D,51K,109T,10K,38E,9C,77Y,7T,58K,56F,75L,50N,34E,4T,87N,32V,36T,103T,2K,6D,108K,33N,88E,11R,8V,76G,74N
model.000.06.pdb,model.000.04.pdb,6D,9C,7T,139K,8V,4T
model.000.06.pdb,model.000.05.pdb,37C,56F
model.000.06.pdb,model.000.06.pdb,37C,32V,56F
model.000.06.pdb,model.000.07.pdb,104S,35E,106P,3V,102D,109T,10K,77Y,7T,105N,86P,56F,75L,101L,34E,139K,107V,4T,36T,103T,2K,6D,108K,33N,8V,74N
model.000.06.pdb,model.000.08.pdb,104S,106P,3V,102D,109T,77Y,7T,103T,86P,58K,56F,75L,101L,34E,139K,107V,4T,87N,32V,105N,2K,6D,33N,88E,108K,76G,74N
model.000.06.pdb,model.000.09.pdb,10K,35E,139K,9C,3V,4T,7T,11R,6D,36T,8V,37C,2K
model.000.06.pdb,model.000.10.pdb,No common_epitopes
model.000.06.pdb,model.000.11.pdb,10K,51K,38E,9C,11R,37C
model.000.06.pdb,model.000.12.pdb,104S,101L,35E,86P,3V,102D,51K,10K,38E,9C,77Y,7T,103T,58K,56F,75L,50N,34E,4T,87N,32V,36T,105N,2K,6D,108K,33N,11R,8V,76G,74N
model.000.06.pdb,model.000.13.pdb,109T,107V,87N,108K,88E
model.000.06.pdb,model.000.14.pdb,6D,4T,139K,3V
model.000.06.pdb,model.000.15.pdb,51K,38E,56F,11R
model.000.06.pdb,model.000.16.pdb,37C,56F,11R
model.000.06.pdb,model.000.17.pdb,50N,10K,35E,139K,38E,34E,8V,37C,33N,51K,3V,4T,7T,32V,11R,6D,36T,58K,9C,2K
model.000.06.pdb,model.000.18.pdb,6D,4T,7T,139K,3V
model.000.06.pdb,model.000.19.pdb,38E,56F,11R
model.000.06.pdb,model.000.20.pdb,139K
model.000.06.pdb,model.000.21.pdb,No common_epitopes
model.000.06.pdb,model.000.22.pdb,104S,35E,106P,3V,102D,10K,9C,77Y,7T,105N,58K,56F,75L,101L,34E,139K,107V,4T,87N,32V,36T,103T,2K,6D,108K,33N,88E,8V,76G,74N
model.000.06.pdb,model.000.23.pdb,6D,9C,7T,139K,8V,4T
model.000.06.pdb,model.000.24.pdb,104S,109T,107V,106P,4T,101L,3V,102D,7T,103T,108K,105N,2K
model.000.06.pdb,model.000.25.pdb,104S,139K,4T,3V,7T,6D,105N,2K
model.000.06.pdb,model.000.26.pdb,77Y,58K
model.000.06.pdb,model.000.27.pdb,101L,35E,106P,37C,51K,10K,38E,77Y,7T,86P,58K,56F,75L,50N,34E,107V,4T,3V,87N,32V,36T,103T,2K,108K,33N,88E,11R,8V,76G,74N
model.000.06.pdb,model.000.28.pdb,10K,35E,139K,34E,9C,33N,3V,7T,11R,6D,36T,8V,37C,2K
model.000.06.pdb,model.000.29.pdb,10K,139K,38E,37C,4T,7T,32V,11R,6D,36T,8V,9C
model.000.07.pdb,model.000.00.pdb,17M,116I,100I
model.000.07.pdb,model.000.01.pdb,29L,40K,42L,27N,28D
model.000.07.pdb,model.000.02.pdb,133E,17M,132G
model.000.07.pdb,model.000.03.pdb,86P,85I,56F,100I,31L
model.000.07.pdb,model.000.04.pdb,No common_epitopes
model.000.07.pdb,model.000.05.pdb,29L,82N,53C,151D,153I,118K,96N,80V,54G,149A,30V,115N,99C,131D,71C,56F,152G,83V,42L,81N,40K,28D,97G,150V,85I,95G,93T,17M,25C,27N,23C,98K,31L,55D,116I,24K
model.000.07.pdb,model.000.06.pdb,29L,82N,151D,153I,118K,128C,96N,80V,54G,30V,94C,117G,115N,131D,99C,56F,152G,83V,42L,81N,40K,28D,97G,150V,129S,95G,93T,17M,25C,27N,23C,98K,132G,31L,55D,130K,24K
model.000.07.pdb,model.000.07.pdb,86P,56F,100I
model.000.07.pdb,model.000.08.pdb,86P,85I,56F
model.000.07.pdb,model.000.09.pdb,17M
model.000.07.pdb,model.000.10.pdb,29L,82N,53C,151D,153I,118K,96N,80V,92V,54G,149A,114C,30V,94C,117G,115N,89C,99C,133E,131D,152G,83V,42L,81N,40K,28D,97G,150V,85I,95G,93T,17M,27N,98K,132G,31L,55D,116I,24K
model.000.07.pdb,model.000.11.pdb,29L,42L,151D,40K,28D,24K,150V,27N,25C
model.000.07.pdb,model.000.12.pdb,53C,54G,100I,86P,98K,31L,55D,85I,56F
model.000.07.pdb,model.000.13.pdb,128C,100I,98K,89C,99C,129S,130K,91Q,94C,92V,93T
model.000.07.pdb,model.000.14.pdb,149A,17M,152G,153I,117G,115N,131D,150V,118K,133E,130K,116I,132G
model.000.07.pdb,model.000.15.pdb,29L,82N,53C,54G,81N,40K,28D,30V,27N,31L,55D,83V,56F,42L
model.000.07.pdb,model.000.16.pdb,29L,82N,53C,54G,81N,151D,40K,28D,30V,85I,27N,24K,25C,31L,55D,83V,23C,71C,80V,56F,42L
model.000.07.pdb,model.000.17.pdb,29L,42L,25C,40K,28D,24K,27N
model.000.07.pdb,model.000.18.pdb,149A,117G,131D,150V,132G,133E,116I,130K
model.000.07.pdb,model.000.19.pdb,29L,82N,53C,151D,153I,24K,149A,30V,115N,56F,152G,83V,42L,81N,40K,28D,150V,85I,17M,25C,27N,98K,31L,55D
model.000.07.pdb,model.000.20.pdb,149A,150V
model.000.07.pdb,model.000.21.pdb,82N,151D,153I,118K,96N,94C,92V,149A,98K,24K,80V,117G,115N,89C,99C,131D,152G,83V,81N,97G,150V,129S,91Q,85I,95G,93T,17M,114C,132G,55D,116I,130K
model.000.07.pdb,model.000.22.pdb,56F
model.000.07.pdb,model.000.23.pdb,No common_epitopes
model.000.07.pdb,model.000.24.pdb,133E,114C,17M,92V,100I
model.000.07.pdb,model.000.25.pdb,133E,17M,132G,116I
model.000.07.pdb,model.000.26.pdb,29L,82N,53C,151D,153I,30V,96N,80V,42L,24K,115N,89C,71C,152G,83V,54G,81N,40K,28D,97G,150V,91Q,95G,93T,17M,25C,27N,98K,31L,55D,116I
model.000.07.pdb,model.000.27.pdb,100I,86P,80V,89C,85I,56F
model.000.07.pdb,model.000.28.pdb,29L,27N
model.000.07.pdb,model.000.29.pdb,29L,27N
model.000.08.pdb,model.000.00.pdb,104S,147C,141L,136C,100I,5V,3V,138L,135K,20H,16Q,139K,140C,4T,18S,137S,146T,21L,103T,2K,17M,6D,134T,19G
model.000.08.pdb,model.000.01.pdb,6D,5V,141L
model.000.08.pdb,model.000.02.pdb,138L,147C,141L,136C,5V,3V,135K,133E,20H,16Q,139K,140C,4T,119V,18S,137S,146T,21L,2K,17M,6D,134T,132G,19G
model.000.08.pdb,model.000.03.pdb,104S,109T,6D,100I,4T,5V,101L,3V,102D,111V,20H,19G,21L,103T,2K
model.000.08.pdb,model.000.04.pdb,138L,147C,141L,136C,140C,6D,4T,5V,135K,137S,146T,139K,16Q
model.000.08.pdb,model.000.05.pdb,146T,17M
model.000.08.pdb,model.000.06.pdb,17M,16Q,132G
model.000.08.pdb,model.000.07.pdb,104S,138L,141L,136C,100I,106P,5V,3V,102D,109T,135K,105N,20H,16Q,101L,139K,140C,4T,137S,21L,103T,2K,6D,19G
model.000.08.pdb,model.000.08.pdb,104S,109T,139K,106P,4T,5V,101L,3V,102D,137S,105N,6D,20H,21L,16Q,103T,2K
model.000.08.pdb,model.000.09.pdb,138L,17M,141L,136C,140C,6D,4T,5V,3V,135K,137S,139K,20H,21L,19G,16Q,2K
model.000.08.pdb,model.000.10.pdb,133E,147C,17M,134T,132G
model.000.08.pdb,model.000.11.pdb,No common_epitopes
model.000.08.pdb,model.000.12.pdb,104S,101L,6D,100I,4T,3V,102D,103T,20H,21L,105N,2K
model.000.08.pdb,model.000.13.pdb,109T,126N,120P,100I,111V
model.000.08.pdb,model.000.14.pdb,138L,147C,141L,136C,5V,3V,135K,133E,20H,16Q,126N,139K,140C,4T,119V,18S,137S,21L,17M,6D,134T,120P,132G,19G
model.000.08.pdb,model.000.15.pdb,No common_epitopes
model.000.08.pdb,model.000.16.pdb,No common_epitopes
model.000.08.pdb,model.000.17.pdb,6D,4T,5V,3V,139K,2K
model.000.08.pdb,model.000.18.pdb,138L,147C,141L,136C,5V,3V,135K,133E,20H,16Q,139K,140C,4T,119V,18S,137S,146T,21L,6D,134T,132G,19G
model.000.08.pdb,model.000.19.pdb,20H,17M
model.000.08.pdb,model.000.20.pdb,138L,147C,141L,136C,140C,135K,137S,146T,139K
model.000.08.pdb,model.000.21.pdb,18S,17M,132G,126N
model.000.08.pdb,model.000.22.pdb,104S,138L,141L,140C,106P,4T,5V,101L,3V,102D,137S,103T,6D,139K,21L,105N,2K
model.000.08.pdb,model.000.23.pdb,138L,147C,141L,136C,140C,6D,4T,5V,135K,137S,146T,139K,21L,16Q
model.000.08.pdb,model.000.24.pdb,104S,100I,106P,3V,102D,109T,135K,105N,133E,20H,16Q,101L,4T,119V,18S,137S,111V,21L,103T,2K,17M,134T,120P,126N,19G
model.000.08.pdb,model.000.25.pdb,138L,104S,141L,136C,147C,5V,3V,135K,133E,20H,16Q,139K,140C,4T,119V,18S,137S,146T,21L,105N,2K,17M,6D,134T,132G,19G
model.000.08.pdb,model.000.26.pdb,17M
model.000.08.pdb,model.000.27.pdb,101L,100I,106P,4T,3V,103T,2K
model.000.08.pdb,model.000.28.pdb,138L,139K,140C,6D,5V,3V,141L,2K
model.000.08.pdb,model.000.29.pdb,139K,140C,6D,4T,5V,141L
model.000.09.pdb,model.000.00.pdb,138L,147C,141L,136C,140C,6D,134T,154Y,135K,137S,146T,139K,116I
model.000.09.pdb,model.000.01.pdb,170C,145E,141L,159K,169I,143E,162F,144Q,6D,142K
model.000.09.pdb,model.000.02.pdb,138L,147C,170C,141L,136C,145E,140C,6D,134T,159K,169I,135K,148K,137S,143E,144Q,146T,133E,139K,142K
model.000.09.pdb,model.000.03.pdb,6D
model.000.09.pdb,model.000.04.pdb,138L,147C,141L,136C,145E,170C,162F,158C,160D,159K,135K,139K,140C,154Y,137S,144Q,146T,142K,169I,6D,148K,143E
model.000.09.pdb,model.000.05.pdb,149A,148K,116I,159K,154Y,170C,162F,146T,158C,160D
model.000.09.pdb,model.000.06.pdb,145E,148K,159K,170C,162F,158C,142K
model.000.09.pdb,model.000.07.pdb,138L,141L,136C,140C,6D,135K,137S,139K
model.000.09.pdb,model.000.08.pdb,6D,137S,139K
model.000.09.pdb,model.000.09.pdb,138L,145E,141L,136C,140C,6D,169I,135K,137S,143E,139K,142K
model.000.09.pdb,model.000.10.pdb,147C,149A,148K,116I,134T,159K,154Y,162F,133E,158C,160D
model.000.09.pdb,model.000.11.pdb,148K,159K,169I,170C,162F,158C,142K,160D
model.000.09.pdb,model.000.12.pdb,6D
model.000.09.pdb,model.000.13.pdb,No common_epitopes
model.000.09.pdb,model.000.14.pdb,138L,147C,141L,136C,149A,140C,6D,134T,154Y,135K,148K,137S,133E,139K,116I
model.000.09.pdb,model.000.15.pdb,No common_epitopes
model.000.09.pdb,model.000.16.pdb,158C,170C,169I
model.000.09.pdb,model.000.17.pdb,145E,6D,169I,170C,139K,142K
model.000.09.pdb,model.000.18.pdb,138L,147C,141L,136C,145E,162F,158C,160D,149A,159K,135K,133E,139K,140C,154Y,137S,144Q,146T,142K,6D,148K,134T,116I
model.000.09.pdb,model.000.19.pdb,149A,148K,159K,169I,170C,162F,158C,160D
model.000.09.pdb,model.000.20.pdb,138L,147C,141L,136C,145E,143E,162F,158C,172G,160D,149A,159K,135K,139K,140C,154Y,137S,144Q,146T,142K,169I,148K,170C
model.000.09.pdb,model.000.21.pdb,149A,116I,154Y
model.000.09.pdb,model.000.22.pdb,138L,145E,141L,140C,6D,137S,139K,142K
model.000.09.pdb,model.000.23.pdb,138L,147C,170C,141L,136C,145E,140C,6D,159K,169I,135K,137S,143E,139K,162F,144Q,146T,158C,142K
model.000.09.pdb,model.000.24.pdb,135K,133E,137S,134T
model.000.09.pdb,model.000.25.pdb,138L,147C,141L,136C,145E,140C,6D,134T,159K,135K,137S,143E,144Q,146T,133E,139K,142K,116I
model.000.09.pdb,model.000.26.pdb,116I
model.000.09.pdb,model.000.27.pdb,No common_epitopes
model.000.09.pdb,model.000.28.pdb,138L,145E,170C,141L,140C,6D,169I,143E,144Q,139K,142K
model.000.09.pdb,model.000.29.pdb,145E,139K,140C,6D,159K,169I,143E,162F,144Q,141L,142K
model.000.10.pdb,model.000.00.pdb,104S,113S
model.000.10.pdb,model.000.01.pdb,No common_epitopes
model.000.10.pdb,model.000.02.pdb,No common_epitopes
model.000.10.pdb,model.000.03.pdb,104S,109T,77Y,87N,102D,88E,111V,108K
model.000.10.pdb,model.000.04.pdb,No common_epitopes
model.000.10.pdb,model.000.05.pdb,113S,79M,93T
model.000.10.pdb,model.000.06.pdb,124D,113S,127K,125Q,121N,94C,93T
model.000.10.pdb,model.000.07.pdb,104S,109T,107V,106P,77Y,102D,108K,105N
model.000.10.pdb,model.000.08.pdb,104S,109T,107V,106P,77Y,78D,102D,87N,88E,108K,105N
model.000.10.pdb,model.000.09.pdb,No common_epitopes
model.000.10.pdb,model.000.10.pdb,113S,89C,90K,94C,92V,93T
model.000.10.pdb,model.000.11.pdb,No common_epitopes
model.000.10.pdb,model.000.12.pdb,104S,77Y,87N,102D,108K,105N
model.000.10.pdb,model.000.13.pdb,110G,124D,125Q,127K,90K,94C,92V,109T,123Q,113S,89C,121N,107V,87N,111V,91Q,93T,122V,120P,126N,88E,112C,108K
model.000.10.pdb,model.000.14.pdb,113S,122V,120P,126N
model.000.10.pdb,model.000.15.pdb,79M
model.000.10.pdb,model.000.16.pdb,79M
model.000.10.pdb,model.000.17.pdb,No common_epitopes
model.000.10.pdb,model.000.18.pdb,No common_epitopes
model.000.10.pdb,model.000.19.pdb,79M
model.000.10.pdb,model.000.20.pdb,No common_epitopes
model.000.10.pdb,model.000.21.pdb,112C,123Q,113S,91Q,127K,89C,126N,125Q,90K,93T,121N,94C,92V,124D
model.000.10.pdb,model.000.22.pdb,104S,107V,106P,77Y,87N,102D,88E,108K,105N
model.000.10.pdb,model.000.23.pdb,No common_epitopes
model.000.10.pdb,model.000.24.pdb,104S,110G,124D,122V,113S,106P,125Q,120P,126N,102D,127K,105N,107V,111V,109T,108K,112C,121N,92V,123Q
model.000.10.pdb,model.000.25.pdb,104S,105N
model.000.10.pdb,model.000.26.pdb,77Y,78D,89C,90K,79M,91Q,93T
model.000.10.pdb,model.000.27.pdb,110G,107V,106P,77Y,78D,89C,87N,88E,90K,79M,108K
model.000.10.pdb,model.000.28.pdb,No common_epitopes
model.000.10.pdb,model.000.29.pdb,No common_epitopes
model.000.11.pdb,model.000.00.pdb,104S,10K,35E,6D,34E,9C,33N,3V,7T,36T,8V,4T,103T,2K
model.000.11.pdb,model.000.01.pdb,51K,6D,9C,7T,11R,8V
model.000.11.pdb,model.000.02.pdb,4T,7T,6D,3V,2K
model.000.11.pdb,model.000.03.pdb,104S,50N,35E,86P,37C,51K,102D,10K,38E,9C,77Y,7T,58K,56F,75L,101L,34E,4T,3V,32V,36T,103T,2K,6D,8V,33N,11R,52P,108K,76G,74N
model.000.11.pdb,model.000.04.pdb,8V,9C,7T,6D,4T
model.000.11.pdb,model.000.05.pdb,37C,56F
model.000.11.pdb,model.000.06.pdb,57S,37C,32V,56F
model.000.11.pdb,model.000.07.pdb,104S,35E,106P,3V,102D,10K,77Y,7T,103T,86P,56F,75L,101L,34E,107V,4T,36T,105N,2K,6D,108K,33N,8V,74N
model.000.11.pdb,model.000.08.pdb,104S,106P,3V,102D,77Y,7T,103T,86P,58K,56F,75L,101L,34E,107V,4T,32V,105N,2K,6D,33N,108K,76G,74N
model.000.11.pdb,model.000.09.pdb,10K,35E,6D,9C,3V,4T,7T,11R,36T,8V,37C,2K
model.000.11.pdb,model.000.10.pdb,No common_epitopes
model.000.11.pdb,model.000.11.pdb,10K,51K,38E,9C,11R,37C
model.000.11.pdb,model.000.12.pdb,104S,50N,35E,86P,51K,102D,10K,38E,9C,77Y,7T,103T,58K,56F,75L,101L,34E,73C,4T,60I,72K,3V,32V,36T,105N,2K,6D,57S,8V,33N,11R,52P,49V,108K,76G,74N
model.000.11.pdb,model.000.13.pdb,107V,108K
model.000.11.pdb,model.000.14.pdb,4T,6D,3V
model.000.11.pdb,model.000.15.pdb,51K,38E,57S,52P,11R,49V,56F
model.000.11.pdb,model.000.16.pdb,73C,57S,37C,72K,59C,11R,60I,56F
model.000.11.pdb,model.000.17.pdb,50N,10K,35E,6D,38E,34E,9C,33N,51K,58K,4T,7T,32V,11R,36T,3V,8V,37C,2K
model.000.11.pdb,model.000.18.pdb,4T,7T,6D,3V
model.000.11.pdb,model.000.19.pdb,38E,56F,11R
model.000.11.pdb,model.000.20.pdb,No common_epitopes
model.000.11.pdb,model.000.21.pdb,No common_epitopes
model.000.11.pdb,model.000.22.pdb,104S,35E,106P,3V,102D,10K,9C,77Y,7T,105N,58K,56F,75L,101L,34E,107V,4T,32V,36T,103T,2K,6D,8V,33N,108K,76G,74N
model.000.11.pdb,model.000.23.pdb,8V,9C,7T,6D,4T
model.000.11.pdb,model.000.24.pdb,104S,101L,107V,106P,4T,3V,102D,7T,103T,108K,105N,2K
model.000.11.pdb,model.000.25.pdb,104S,6D,4T,3V,7T,105N,2K
model.000.11.pdb,model.000.26.pdb,73C,57S,77Y,72K,59C,60I,58K
model.000.11.pdb,model.000.27.pdb,50N,35E,106P,37C,51K,10K,38E,77Y,7T,86P,58K,56F,75L,101L,34E,73C,107V,4T,60I,72K,3V,32V,36T,103T,2K,8V,33N,11R,52P,49V,108K,76G,74N
model.000.11.pdb,model.000.28.pdb,10K,35E,6D,34E,9C,33N,3V,7T,11R,36T,8V,37C,2K
model.000.11.pdb,model.000.29.pdb,10K,6D,38E,4T,7T,32V,11R,36T,9C,8V,37C
model.000.12.pdb,model.000.00.pdb,104S,138L,141L,136C,100I,5V,3V,113S,135K,7T,20H,16Q,34E,139K,4T,154Y,18S,137S,21L,103T,2K,17M,6D,134T,19G
model.000.12.pdb,model.000.01.pdb,6D,5V,141L,7T
model.000.12.pdb,model.000.02.pdb,138L,141L,136C,5V,3V,135K,7T,133E,20H,16Q,139K,4T,119V,18S,137S,19G,2K,17M,6D,134T,132G,21L
model.000.12.pdb,model.000.03.pdb,104S,101L,6D,100I,34E,4T,5V,3V,102D,7T,111V,20H,21L,19G,103T,2K
model.000.12.pdb,model.000.04.pdb,138L,141L,136C,6D,4T,5V,154Y,135K,137S,7T,139K,16Q
model.000.12.pdb,model.000.05.pdb,113S,17M,131D,154Y
model.000.12.pdb,model.000.06.pdb,17M,113S,131D,132G,125Q,121N,16Q,130K
model.000.12.pdb,model.000.07.pdb,104S,138L,141L,136C,100I,106P,5V,3V,102D,135K,7T,103T,20H,16Q,101L,34E,139K,4T,137S,19G,105N,2K,6D,21L
model.000.12.pdb,model.000.08.pdb,104S,101L,139K,34E,106P,4T,5V,3V,102D,137S,7T,105N,6D,20H,21L,16Q,103T,2K
model.000.12.pdb,model.000.09.pdb,138L,17M,141L,136C,6D,4T,5V,3V,135K,137S,7T,139K,20H,21L,19G,16Q,2K
model.000.12.pdb,model.000.10.pdb,17M,113S,134T,154Y,114C,131D,132G,133E
model.000.12.pdb,model.000.11.pdb,No common_epitopes
model.000.12.pdb,model.000.12.pdb,104S,101L,6D,100I,34E,4T,3V,102D,7T,105N,20H,21L,103T,2K
model.000.12.pdb,model.000.13.pdb,122V,123Q,100I,113S,125Q,120P,126N,111V,112C,121N,130K
model.000.12.pdb,model.000.14.pdb,138L,141L,136C,5V,3V,113S,135K,131D,133E,20H,16Q,126N,139K,4T,119V,18S,137S,154Y,19G,122V,17M,6D,134T,120P,132G,21L,130K
model.000.12.pdb,model.000.15.pdb,No common_epitopes
model.000.12.pdb,model.000.16.pdb,No common_epitopes
model.000.12.pdb,model.000.17.pdb,34E,139K,4T,5V,3V,7T,6D,2K
model.000.12.pdb,model.000.18.pdb,138L,141L,136C,5V,3V,131D,135K,7T,133E,20H,16Q,139K,4T,154Y,18S,137S,119V,21L,6D,134T,132G,19G,130K
model.000.12.pdb,model.000.19.pdb,20H,17M
model.000.12.pdb,model.000.20.pdb,138L,141L,136C,154Y,135K,137S,139K
model.000.12.pdb,model.000.21.pdb,17M,123Q,18S,113S,130K,154Y,114C,131D,132G,125Q,112C,121N,126N
model.000.12.pdb,model.000.22.pdb,104S,138L,141L,34E,106P,4T,5V,101L,3V,102D,137S,7T,105N,6D,139K,21L,103T,2K
model.000.12.pdb,model.000.23.pdb,138L,141L,136C,6D,4T,5V,135K,137S,7T,139K,21L,16Q
model.000.12.pdb,model.000.24.pdb,104S,100I,106P,125Q,3V,102D,123Q,113S,135K,7T,103T,133E,20H,121N,16Q,101L,4T,119V,18S,137S,111V,19G,105N,2K,122V,17M,134T,120P,114C,126N,21L,112C
model.000.12.pdb,model.000.25.pdb,138L,104S,141L,136C,5V,3V,135K,7T,133E,20H,16Q,139K,4T,119V,18S,137S,21L,105N,2K,17M,6D,134T,132G,19G
model.000.12.pdb,model.000.26.pdb,17M
model.000.12.pdb,model.000.27.pdb,101L,34E,100I,106P,4T,3V,7T,103T,2K
model.000.12.pdb,model.000.28.pdb,138L,34E,141L,6D,5V,3V,7T,139K,2K
model.000.12.pdb,model.000.29.pdb,6D,4T,5V,141L,7T,139K
model.000.13.pdb,model.000.00.pdb,147C,116I
model.000.13.pdb,model.000.01.pdb,29L,42L,26E,171T,40K,28D,159K,157D,27N,41V,170C,162F,163I,164I
model.000.13.pdb,model.000.02.pdb,147C,148K,159K,157D,170C,132G,155K
model.000.13.pdb,model.000.03.pdb,85I,31L
model.000.13.pdb,model.000.04.pdb,147C,148K,159K,170C,162F,158C,161G,160D
model.000.13.pdb,model.000.05.pdb,29L,82N,53C,162F,151D,153I,157D,170C,84C,30V,161G,96N,164I,160D,42L,149A,26E,24K,80V,115N,95G,131D,71C,155K,152G,83V,54G,81N,40K,28D,97G,150V,163I,85I,158C,159K,148K,25C,27N,31L,55D,116I,118K
model.000.13.pdb,model.000.06.pdb,29L,82N,162F,151D,153I,157D,41V,170C,84C,30V,161G,96N,164I,155K,42L,26E,24K,80V,117G,115N,131D,95G,152G,83V,54G,81N,40K,28D,97G,150V,163I,158C,159K,57S,25C,27N,148K,132G,31L,55D,118K
model.000.13.pdb,model.000.07.pdb,No common_epitopes
model.000.13.pdb,model.000.08.pdb,85I
model.000.13.pdb,model.000.09.pdb,No common_epitopes
model.000.13.pdb,model.000.10.pdb,147C,29L,82N,53C,162F,151D,153I,157D,84C,30V,158C,96N,160D,42L,149A,26E,24K,80V,117G,115N,131D,155K,152G,83V,54G,81N,40K,28D,97G,150V,161G,85I,95G,159K,148K,27N,132G,31L,55D,116I,118K
model.000.13.pdb,model.000.11.pdb,29L,159K,42L,26E,148K,151D,40K,28D,24K,157D,27N,41V,170C,150V,162F,158C,163I,155K,164I,160D,25C
model.000.13.pdb,model.000.12.pdb,53C,54G,26E,57S,31L,55D,85I
model.000.13.pdb,model.000.13.pdb,No common_epitopes
model.000.13.pdb,model.000.14.pdb,147C,152G,149A,148K,153I,117G,115N,150V,118K,155K,131D,116I,132G
model.000.13.pdb,model.000.15.pdb,29L,82N,53C,54G,81N,57S,40K,28D,30V,41V,84C,27N,31L,55D,83V,42L
model.000.13.pdb,model.000.16.pdb,29L,82N,53C,151D,157D,41V,170C,84C,24K,158C,155K,164I,80V,42L,26E,30V,71C,83V,54G,81N,171T,40K,28D,163I,85I,57S,25C,27N,31L,55D
model.000.13.pdb,model.000.17.pdb,29L,42L,26E,171T,25C,40K,28D,24K,41V,170C,27N,164I
model.000.13.pdb,model.000.18.pdb,147C,149A,148K,159K,116I,117G,131D,150V,162F,158C,161G,160D,132G
model.000.13.pdb,model.000.19.pdb,29L,82N,53C,151D,153I,157D,41V,170C,84C,162F,161G,155K,164I,160D,149A,26E,30V,115N,152G,83V,42L,81N,40K,28D,150V,158C,85I,159K,148K,25C,163I,27N,31L,55D,24K
model.000.13.pdb,model.000.20.pdb,147C,149A,148K,171T,159K,157D,170C,150V,162F,158C,163I,155K,160D
model.000.13.pdb,model.000.21.pdb,97G,149A,82N,83V,132G,81N,151D,116I,153I,85I,117G,115N,131D,150V,118K,152G,55D,96N,80V,95G,24K
model.000.13.pdb,model.000.22.pdb,No common_epitopes
model.000.13.pdb,model.000.23.pdb,147C,159K,157D,170C,162F,158C,164I
model.000.13.pdb,model.000.24.pdb,No common_epitopes
model.000.13.pdb,model.000.25.pdb,147C,132G,159K,116I
model.000.13.pdb,model.000.26.pdb,29L,82N,53C,151D,153I,84C,30V,96N,80V,42L,24K,115N,71C,152G,83V,54G,81N,40K,28D,97G,150V,95G,57S,25C,27N,31L,55D,116I
model.000.13.pdb,model.000.27.pdb,80V,85I
model.000.13.pdb,model.000.28.pdb,29L,170C,164I,27N,26E
model.000.13.pdb,model.000.29.pdb,27N,29L,159K,162F,26E
model.000.14.pdb,model.000.00.pdb,No common_epitopes
model.000.14.pdb,model.000.01.pdb,29L,42L,26E,40K,51K,27N,28D,39E,41V,11R,163I,169I,164I
model.000.14.pdb,model.000.02.pdb,169I
model.000.14.pdb,model.000.03.pdb,50N,51K,38E,39E,52P,11R
model.000.14.pdb,model.000.04.pdb,169I
model.000.14.pdb,model.000.05.pdb,29L,42L,26E,40K,28D,27N,163I,164I
model.000.14.pdb,model.000.06.pdb,29L,43K,26E,40K,28D,27N,41V,44C,163I,164I,42L
model.000.14.pdb,model.000.07.pdb,No common_epitopes
model.000.14.pdb,model.000.08.pdb,No common_epitopes
model.000.14.pdb,model.000.09.pdb,11R,169I
model.000.14.pdb,model.000.10.pdb,29L,42L,26E,40K,28D,27N
model.000.14.pdb,model.000.11.pdb,29L,43K,26E,47K,40K,51K,27N,28D,39E,41V,42L,11R,163I,169I,164I,38E
model.000.14.pdb,model.000.12.pdb,50N,51K,38E,39E,26E,52P,11R,49V
model.000.14.pdb,model.000.13.pdb,No common_epitopes
model.000.14.pdb,model.000.14.pdb,No common_epitopes
model.000.14.pdb,model.000.15.pdb,29L,43K,39E,47K,40K,51K,27N,28D,41V,42L,11R,44C,52P,49V,48T,45D,38E
model.000.14.pdb,model.000.16.pdb,29L,43K,26E,40K,28D,27N,169I,39E,41V,11R,44C,163I,164I,42L
model.000.14.pdb,model.000.17.pdb,50N,29L,38E,26E,47K,40K,51K,27N,28D,39E,41V,11R,169I,164I,42L
model.000.14.pdb,model.000.18.pdb,No common_epitopes
model.000.14.pdb,model.000.19.pdb,29L,43K,26E,40K,28D,27N,169I,39E,41V,42L,11R,163I,164I,38E
model.000.14.pdb,model.000.20.pdb,163I,169I
model.000.14.pdb,model.000.21.pdb,No common_epitopes
model.000.14.pdb,model.000.22.pdb,No common_epitopes
model.000.14.pdb,model.000.23.pdb,164I,169I
model.000.14.pdb,model.000.24.pdb,No common_epitopes
model.000.14.pdb,model.000.25.pdb,No common_epitopes
model.000.14.pdb,model.000.26.pdb,29L,40K,42L,27N,28D
model.000.14.pdb,model.000.27.pdb,50N,51K,38E,39E,52P,11R,49V
model.000.14.pdb,model.000.28.pdb,29L,26E,39E,27N,169I,11R,164I
model.000.14.pdb,model.000.29.pdb,29L,38E,39E,26E,27N,169I,11R
model.000.15.pdb,model.000.00.pdb,104S,138L,136C,100I,5V,3V,135K,20H,16Q,139K,4T,154Y,18S,137S,21L,103T,2K,17M,6D,134T,19G,116I
model.000.15.pdb,model.000.01.pdb,5V,6D
model.000.15.pdb,model.000.02.pdb,138L,17M,139K,136C,6D,4T,5V,134T,3V,119V,135K,18S,137S,132G,133E,20H,21L,19G,16Q,2K
model.000.15.pdb,model.000.03.pdb,104S,109T,6D,100I,4T,5V,101L,3V,102D,111V,20H,21L,108K,19G,103T,2K
model.000.15.pdb,model.000.04.pdb,138L,139K,136C,4T,5V,154Y,135K,137S,6D,16Q
model.000.15.pdb,model.000.05.pdb,17M,116I,154Y
model.000.15.pdb,model.000.06.pdb,17M,130K,121N,16Q,132G
model.000.15.pdb,model.000.07.pdb,104S,138L,136C,100I,106P,5V,3V,102D,109T,135K,105N,20H,16Q,101L,139K,107V,4T,137S,19G,103T,2K,6D,21L,108K
model.000.15.pdb,model.000.08.pdb,104S,109T,139K,107V,106P,4T,5V,101L,3V,102D,137S,105N,6D,20H,21L,108K,16Q,103T,2K
model.000.15.pdb,model.000.09.pdb,138L,17M,139K,136C,6D,4T,5V,3V,135K,137S,20H,21L,19G,16Q,2K
model.000.15.pdb,model.000.10.pdb,17M,134T,154Y,132G,133E,116I
model.000.15.pdb,model.000.11.pdb,No common_epitopes
model.000.15.pdb,model.000.12.pdb,104S,101L,6D,100I,4T,3V,102D,103T,20H,21L,108K,105N,2K
model.000.15.pdb,model.000.13.pdb,109T,122V,100I,107V,108K,120P,126N,111V,121N,130K
model.000.15.pdb,model.000.14.pdb,138L,136C,5V,3V,135K,133E,20H,16Q,132G,139K,4T,119V,18S,137S,154Y,19G,122V,17M,6D,134T,120P,126N,21L,116I,130K
model.000.15.pdb,model.000.15.pdb,No common_epitopes
model.000.15.pdb,model.000.16.pdb,No common_epitopes
model.000.15.pdb,model.000.17.pdb,6D,4T,5V,3V,139K,2K
model.000.15.pdb,model.000.18.pdb,138L,19G,139K,136C,116I,6D,4T,5V,134T,3V,119V,135K,18S,137S,132G,133E,20H,21L,154Y,16Q,130K
model.000.15.pdb,model.000.19.pdb,20H,17M
model.000.15.pdb,model.000.20.pdb,138L,139K,136C,154Y,135K,137S
model.000.15.pdb,model.000.21.pdb,17M,154Y,18S,132G,130K,121N,116I,126N
model.000.15.pdb,model.000.22.pdb,104S,138L,139K,107V,106P,4T,5V,101L,3V,102D,137S,103T,6D,21L,108K,105N,2K
model.000.15.pdb,model.000.23.pdb,138L,139K,136C,4T,5V,135K,137S,6D,21L,16Q
model.000.15.pdb,model.000.24.pdb,104S,100I,106P,3V,102D,109T,135K,105N,133E,20H,121N,16Q,101L,107V,4T,119V,18S,137S,111V,19G,103T,2K,122V,17M,134T,120P,126N,21L,108K
model.000.15.pdb,model.000.25.pdb,138L,104S,136C,5V,3V,135K,133E,20H,16Q,139K,4T,119V,18S,137S,21L,105N,2K,17M,6D,134T,132G,19G,116I
model.000.15.pdb,model.000.26.pdb,17M,116I
model.000.15.pdb,model.000.27.pdb,101L,100I,107V,106P,4T,3V,108K,103T,2K
model.000.15.pdb,model.000.28.pdb,138L,6D,5V,3V,139K,2K
model.000.15.pdb,model.000.29.pdb,6D,4T,5V,139K
model.000.16.pdb,model.000.00.pdb,10K,35E,139K,34E,9C,5V,33N,3V,7T,6D,36T,8V,4T,103T,2K
model.000.16.pdb,model.000.01.pdb,51K,6D,39E,9C,5V,7T,8V
model.000.16.pdb,model.000.02.pdb,139K,4T,5V,3V,7T,6D,2K
model.000.16.pdb,model.000.03.pdb,50N,35E,37C,5V,51K,10K,38E,9C,77Y,7T,58K,56F,75L,101L,34E,4T,3V,32V,36T,103T,2K,6D,39E,8V,33N,52P,108K,76G,74N
model.000.16.pdb,model.000.04.pdb,6D,4T,5V,7T,139K,8V,9C
model.000.16.pdb,model.000.05.pdb,37C,56F
model.000.16.pdb,model.000.06.pdb,37C,32V,56F
model.000.16.pdb,model.000.07.pdb,35E,106P,5V,3V,10K,77Y,7T,103T,56F,75L,101L,34E,139K,107V,4T,36T,105N,2K,6D,108K,33N,8V,74N
model.000.16.pdb,model.000.08.pdb,106P,5V,3V,77Y,7T,103T,58K,56F,75L,101L,34E,139K,107V,4T,32V,105N,2K,6D,33N,108K,76G,74N
model.000.16.pdb,model.000.09.pdb,10K,35E,139K,37C,5V,3V,4T,7T,6D,36T,8V,9C,2K
model.000.16.pdb,model.000.10.pdb,No common_epitopes
model.000.16.pdb,model.000.11.pdb,10K,51K,38E,39E,37C,9C
model.000.16.pdb,model.000.12.pdb,50N,35E,3V,51K,10K,38E,9C,77Y,7T,103T,58K,56F,75L,101L,34E,73C,4T,72K,32V,36T,105N,2K,6D,39E,8V,33N,52P,108K,76G,74N
model.000.16.pdb,model.000.13.pdb,107V,108K
model.000.16.pdb,model.000.14.pdb,6D,4T,5V,139K,3V
model.000.16.pdb,model.000.15.pdb,39E,51K,52P,38E,56F
model.000.16.pdb,model.000.16.pdb,39E,37C,73C,56F,72K
model.000.16.pdb,model.000.17.pdb,50N,10K,35E,139K,38E,39E,34E,8V,37C,5V,51K,3V,4T,7T,32V,6D,36T,58K,9C,33N,2K
model.000.16.pdb,model.000.18.pdb,6D,4T,5V,3V,7T,139K
model.000.16.pdb,model.000.19.pdb,39E,38E,56F
model.000.16.pdb,model.000.20.pdb,139K
model.000.16.pdb,model.000.21.pdb,No common_epitopes
model.000.16.pdb,model.000.22.pdb,35E,106P,5V,3V,10K,9C,77Y,7T,103T,58K,56F,75L,101L,34E,139K,107V,4T,32V,36T,105N,2K,6D,8V,33N,108K,76G,74N
model.000.16.pdb,model.000.23.pdb,6D,4T,5V,7T,139K,8V,9C
model.000.16.pdb,model.000.24.pdb,101L,107V,106P,4T,3V,7T,105N,108K,103T,2K
model.000.16.pdb,model.000.25.pdb,139K,4T,5V,3V,7T,6D,105N,2K
model.000.16.pdb,model.000.26.pdb,73C,77Y,58K,72K
model.000.16.pdb,model.000.27.pdb,50N,35E,106P,37C,72K,51K,10K,38E,77Y,7T,58K,56F,75L,101L,34E,73C,107V,4T,3V,32V,36T,103T,2K,39E,8V,33N,52P,108K,76G,74N
model.000.16.pdb,model.000.28.pdb,10K,35E,139K,39E,34E,37C,5V,3V,7T,6D,36T,8V,9C,33N,2K
model.000.16.pdb,model.000.29.pdb,10K,139K,38E,39E,9C,5V,4T,7T,32V,6D,36T,8V,37C
model.000.17.pdb,model.000.00.pdb,104S,100I,134T,135K,18S,20H,19G,103T,2K
model.000.17.pdb,model.000.01.pdb,No common_epitopes
model.000.17.pdb,model.000.02.pdb,134T,119V,135K,18S,132G,133E,20H,19G,2K
model.000.17.pdb,model.000.03.pdb,104S,101L,100I,111V,102D,109T,20H,19G,103T,2K
model.000.17.pdb,model.000.04.pdb,135K
model.000.17.pdb,model.000.05.pdb,131D
model.000.17.pdb,model.000.06.pdb,130K,131D,121N,124D,132G
model.000.17.pdb,model.000.07.pdb,104S,109T,100I,107V,106P,101L,135K,102D,103T,20H,19G,105N,2K
model.000.17.pdb,model.000.08.pdb,104S,109T,107V,106P,101L,102D,103T,20H,105N,2K
model.000.17.pdb,model.000.09.pdb,135K,20H,19G,2K
model.000.17.pdb,model.000.10.pdb,133E,131D,134T,132G
model.000.17.pdb,model.000.11.pdb,No common_epitopes
model.000.17.pdb,model.000.12.pdb,104S,101L,100I,102D,103T,20H,105N,2K
model.000.17.pdb,model.000.13.pdb,109T,110G,124D,100I,122V,107V,120P,126N,111V,130K,121N,123Q
model.000.17.pdb,model.000.14.pdb,122V,134T,120P,119V,135K,18S,131D,126N,133E,20H,19G,130K,132G
model.000.17.pdb,model.000.15.pdb,No common_epitopes
model.000.17.pdb,model.000.16.pdb,No common_epitopes
model.000.17.pdb,model.000.17.pdb,2K
model.000.17.pdb,model.000.18.pdb,134T,119V,135K,18S,131D,132G,133E,20H,19G,130K
model.000.17.pdb,model.000.19.pdb,20H
model.000.17.pdb,model.000.20.pdb,135K
model.000.17.pdb,model.000.21.pdb,132G,124D,18S,131D,126N,130K,121N,123Q
model.000.17.pdb,model.000.22.pdb,104S,101L,107V,106P,102D,103T,105N,2K
model.000.17.pdb,model.000.23.pdb,135K
model.000.17.pdb,model.000.24.pdb,104S,110G,124D,100I,106P,102D,109T,123Q,135K,105N,133E,20H,121N,101L,107V,119V,18S,111V,103T,2K,122V,134T,120P,126N,19G
model.000.17.pdb,model.000.25.pdb,104S,134T,119V,135K,18S,132G,133E,20H,19G,105N,2K
model.000.17.pdb,model.000.26.pdb,No common_epitopes
model.000.17.pdb,model.000.27.pdb,101L,110G,100I,107V,106P,103T,2K
model.000.17.pdb,model.000.28.pdb,2K
model.000.17.pdb,model.000.29.pdb,No common_epitopes
model.000.18.pdb,model.000.00.pdb,138L,10K,35E,141L,140C,6D,9C,5V,7T,146T,139K,36T,8V,33N
model.000.18.pdb,model.000.01.pdb,145E,51K,156C,141L,13F,26E,12G,8V,9C,5V,157D,39E,170C,143E,144Q,11R,6D,14L,169I,142K,7T
model.000.18.pdb,model.000.02.pdb,138L,145E,156C,141L,140C,6D,5V,157D,143E,144Q,146T,139K,142K,169I,7T,170C
model.000.18.pdb,model.000.03.pdb,50N,10K,35E,6D,38E,39E,12G,37C,5V,51K,7T,32V,11R,52P,36T,8V,9C,33N
model.000.18.pdb,model.000.04.pdb,138L,145E,156C,141L,140C,6D,9C,5V,169I,170C,143E,144Q,146T,139K,142K,8V,7T
model.000.18.pdb,model.000.05.pdb,13F,26E,37C,156C,157D,170C,146T
model.000.18.pdb,model.000.06.pdb,145E,13F,26E,12G,37C,156C,157D,170C,32V,142K
model.000.18.pdb,model.000.07.pdb,138L,10K,35E,141L,140C,6D,5V,7T,139K,36T,8V,33N
model.000.18.pdb,model.000.08.pdb,6D,5V,7T,32V,139K,33N
model.000.18.pdb,model.000.09.pdb,138L,145E,35E,141L,37C,5V,143E,142K,10K,12G,9C,7T,14L,139K,140C,156C,169I,36T,6D,13F,11R,8V
model.000.18.pdb,model.000.10.pdb,26E,157D
model.000.18.pdb,model.000.11.pdb,10K,51K,38E,26E,12G,37C,156C,157D,13F,170C,39E,11R,142K,169I,9C,14L
model.000.18.pdb,model.000.12.pdb,50N,10K,35E,6D,38E,26E,12G,9C,33N,51K,39E,7T,32V,11R,52P,36T,8V
model.000.18.pdb,model.000.13.pdb,No common_epitopes
model.000.18.pdb,model.000.14.pdb,138L,139K,140C,6D,5V,141L
model.000.18.pdb,model.000.15.pdb,51K,52P,38E,39E,11R
model.000.18.pdb,model.000.16.pdb,13F,26E,37C,156C,169I,39E,170C,11R,157D
model.000.18.pdb,model.000.17.pdb,145E,35E,37C,5V,51K,170C,142K,10K,38E,26E,12G,9C,7T,14L,50N,139K,169I,32V,36T,6D,13F,39E,33N,11R,8V
model.000.18.pdb,model.000.18.pdb,138L,145E,141L,140C,6D,5V,7T,144Q,146T,139K,142K
model.000.18.pdb,model.000.19.pdb,38E,26E,156C,169I,39E,170C,11R,157D,13F
model.000.18.pdb,model.000.20.pdb,138L,145E,141L,140C,156C,157D,170C,143E,144Q,146T,139K,142K,169I
model.000.18.pdb,model.000.21.pdb,No common_epitopes
model.000.18.pdb,model.000.22.pdb,138L,145E,35E,156C,141L,8V,10K,140C,6D,9C,5V,7T,139K,36T,12G,142K,32V,14L,33N
model.000.18.pdb,model.000.23.pdb,138L,145E,170C,141L,13F,12G,140C,6D,9C,5V,157D,143E,144Q,146T,8V,139K,14L,169I,142K,7T
model.000.18.pdb,model.000.24.pdb,7T
model.000.18.pdb,model.000.25.pdb,138L,145E,156C,141L,140C,6D,5V,143E,144Q,146T,139K,142K,7T
model.000.18.pdb,model.000.26.pdb,No common_epitopes
model.000.18.pdb,model.000.27.pdb,50N,10K,35E,38E,39E,37C,33N,51K,7T,32V,11R,52P,36T,8V
model.000.18.pdb,model.000.28.pdb,138L,145E,35E,141L,37C,5V,143E,142K,33N,10K,26E,12G,9C,7T,14L,139K,140C,156C,169I,144Q,36T,6D,39E,170C,11R,8V
model.000.18.pdb,model.000.29.pdb,145E,141L,37C,5V,143E,142K,10K,38E,26E,12G,9C,7T,14L,139K,140C,156C,169I,32V,144Q,36T,6D,13F,39E,11R,8V
model.000.19.pdb,model.000.00.pdb,10K,141L,140C,6D,9C,5V,7T,139K,8V,4T
model.000.19.pdb,model.000.01.pdb,145E,156C,141L,13F,26E,12G,8V,9C,5V,157D,170C,143E,11R,6D,14L,169I,142K,7T
model.000.19.pdb,model.000.02.pdb,145E,156C,141L,140C,6D,4T,5V,157D,170C,143E,139K,142K,169I,7T
model.000.19.pdb,model.000.03.pdb,10K,6D,12G,4T,5V,7T,11R,8V,9C
model.000.19.pdb,model.000.04.pdb,145E,156C,141L,140C,6D,9C,5V,169I,4T,170C,143E,139K,142K,8V,7T
model.000.19.pdb,model.000.05.pdb,170C,156C,13F,26E,157D
model.000.19.pdb,model.000.06.pdb,145E,13F,26E,12G,156C,157D,170C,142K
model.000.19.pdb,model.000.07.pdb,10K,141L,140C,6D,4T,5V,7T,139K,8V
model.000.19.pdb,model.000.08.pdb,6D,4T,5V,139K,7T
model.000.19.pdb,model.000.09.pdb,145E,156C,141L,13F,12G,140C,10K,9C,5V,169I,7T,143E,11R,6D,139K,14L,8V,142K,4T
model.000.19.pdb,model.000.10.pdb,26E,157D
model.000.19.pdb,model.000.11.pdb,10K,13F,26E,12G,9C,156C,157D,170C,11R,14L,169I,142K
model.000.19.pdb,model.000.12.pdb,10K,6D,26E,12G,9C,7T,11R,8V,4T
model.000.19.pdb,model.000.13.pdb,No common_epitopes
model.000.19.pdb,model.000.14.pdb,139K,140C,6D,4T,5V,141L
model.000.19.pdb,model.000.15.pdb,11R
model.000.19.pdb,model.000.16.pdb,13F,26E,156C,169I,170C,11R,157D
model.000.19.pdb,model.000.17.pdb,145E,139K,13F,26E,12G,10K,9C,5V,169I,4T,170C,11R,8V,6D,14L,142K,7T
model.000.19.pdb,model.000.18.pdb,145E,141L,140C,6D,4T,5V,7T,139K,142K
model.000.19.pdb,model.000.19.pdb,13F,26E,156C,169I,170C,11R,157D
model.000.19.pdb,model.000.20.pdb,145E,141L,140C,156C,157D,170C,143E,139K,142K,169I
model.000.19.pdb,model.000.21.pdb,No common_epitopes
model.000.19.pdb,model.000.22.pdb,145E,156C,141L,8V,12G,140C,10K,9C,5V,7T,6D,139K,14L,142K,4T
model.000.19.pdb,model.000.23.pdb,145E,141L,13F,12G,140C,6D,9C,5V,157D,4T,170C,143E,8V,139K,14L,169I,142K,7T
model.000.19.pdb,model.000.24.pdb,4T,7T
model.000.19.pdb,model.000.25.pdb,145E,156C,141L,140C,6D,4T,5V,7T,143E,139K,142K
model.000.19.pdb,model.000.26.pdb,No common_epitopes
model.000.19.pdb,model.000.27.pdb,10K,4T,7T,8V,11R
model.000.19.pdb,model.000.28.pdb,145E,156C,141L,8V,26E,10K,140C,6D,9C,5V,169I,170C,139K,11R,12G,14L,143E,142K,7T
model.000.19.pdb,model.000.29.pdb,145E,156C,141L,13F,26E,12G,140C,10K,9C,5V,169I,7T,143E,11R,6D,139K,14L,8V,142K,4T
model.000.20.pdb,model.000.00.pdb,104S,10K,35E,139K,34E,9C,5V,33N,3V,7T,6D,36T,8V,4T,103T,2K
model.000.20.pdb,model.000.01.pdb,8V,9C,5V,6D,7T
model.000.20.pdb,model.000.02.pdb,139K,4T,5V,3V,7T,6D,2K
model.000.20.pdb,model.000.03.pdb,104S,101L,35E,86P,5V,3V,102D,10K,9C,77Y,7T,58K,56F,75L,50N,34E,4T,87N,32V,36T,103T,2K,6D,108K,33N,88E,31L,52P,8V,76G,74N
model.000.20.pdb,model.000.04.pdb,6D,4T,5V,7T,139K,8V,9C
model.000.20.pdb,model.000.05.pdb,56F,31L
model.000.20.pdb,model.000.06.pdb,32V,56F,31L
model.000.20.pdb,model.000.07.pdb,104S,35E,106P,5V,3V,102D,10K,77Y,7T,103T,86P,56F,75L,101L,34E,139K,107V,4T,36T,105N,2K,6D,108K,33N,8V,74N
model.000.20.pdb,model.000.08.pdb,104S,106P,5V,3V,102D,77Y,7T,103T,86P,58K,56F,75L,101L,34E,139K,107V,4T,87N,32V,105N,2K,6D,33N,88E,108K,76G,74N
model.000.20.pdb,model.000.09.pdb,10K,35E,139K,9C,5V,3V,7T,6D,36T,8V,4T,2K
model.000.20.pdb,model.000.10.pdb,31L
model.000.20.pdb,model.000.11.pdb,10K,9C
model.000.20.pdb,model.000.12.pdb,104S,101L,35E,86P,3V,102D,10K,9C,77Y,7T,103T,58K,56F,75L,50N,34E,4T,87N,32V,36T,105N,2K,6D,108K,33N,31L,52P,8V,76G,74N
model.000.20.pdb,model.000.13.pdb,107V,87N,108K,88E
model.000.20.pdb,model.000.14.pdb,6D,4T,5V,139K,3V
model.000.20.pdb,model.000.15.pdb,52P,56F,31L
model.000.20.pdb,model.000.16.pdb,56F,31L
model.000.20.pdb,model.000.17.pdb,50N,10K,35E,139K,34E,9C,5V,3V,4T,7T,32V,6D,36T,8V,58K,33N,2K
model.000.20.pdb,model.000.18.pdb,6D,4T,5V,3V,7T,139K
model.000.20.pdb,model.000.19.pdb,56F,31L
model.000.20.pdb,model.000.20.pdb,139K
model.000.20.pdb,model.000.21.pdb,No common_epitopes
model.000.20.pdb,model.000.22.pdb,104S,35E,106P,5V,3V,102D,10K,9C,77Y,7T,105N,58K,56F,75L,101L,34E,139K,107V,4T,87N,32V,36T,103T,2K,6D,108K,33N,88E,8V,76G,74N
model.000.20.pdb,model.000.23.pdb,6D,4T,5V,7T,139K,8V,9C
model.000.20.pdb,model.000.24.pdb,104S,101L,107V,106P,4T,3V,102D,7T,105N,108K,103T,2K
model.000.20.pdb,model.000.25.pdb,104S,139K,4T,5V,3V,7T,6D,105N,2K
model.000.20.pdb,model.000.26.pdb,77Y,58K,31L
model.000.20.pdb,model.000.27.pdb,101L,35E,106P,3V,10K,77Y,7T,86P,58K,56F,75L,50N,34E,107V,4T,87N,32V,36T,103T,2K,108K,33N,88E,52P,8V,76G,74N
model.000.20.pdb,model.000.28.pdb,10K,35E,139K,34E,9C,5V,3V,7T,6D,36T,8V,33N,2K
model.000.20.pdb,model.000.29.pdb,10K,139K,4T,5V,7T,32V,6D,36T,8V,9C
model.000.21.pdb,model.000.00.pdb,104S,138L,136C,100I,5V,3V,113S,135K,20H,16Q,34E,139K,4T,18S,137S,21L,103T,2K,17M,6D,134T,19G,116I
model.000.21.pdb,model.000.01.pdb,5V,6D
model.000.21.pdb,model.000.02.pdb,138L,17M,139K,136C,6D,4T,5V,134T,3V,119V,135K,18S,137S,132G,133E,20H,21L,19G,16Q,2K
model.000.21.pdb,model.000.03.pdb,104S,101L,6D,100I,34E,4T,5V,3V,102D,111V,109T,20H,19G,21L,103T,2K
model.000.21.pdb,model.000.04.pdb,138L,139K,136C,4T,5V,135K,137S,6D,16Q
model.000.21.pdb,model.000.05.pdb,113S,17M,131D,118K,116I
model.000.21.pdb,model.000.06.pdb,17M,113S,127K,16Q,131D,118K,128C,125Q,130K,121N,94C,132G
model.000.21.pdb,model.000.07.pdb,104S,138L,136C,100I,106P,5V,3V,102D,109T,135K,103T,20H,16Q,101L,34E,139K,4T,137S,19G,105N,2K,6D,21L
model.000.21.pdb,model.000.08.pdb,104S,109T,139K,34E,106P,4T,5V,101L,3V,102D,137S,105N,6D,20H,21L,16Q,103T,2K
model.000.21.pdb,model.000.09.pdb,138L,17M,139K,136C,6D,4T,5V,3V,135K,137S,20H,21L,19G,16Q,2K
model.000.21.pdb,model.000.10.pdb,17M,113S,134T,116I,131D,118K,133E,94C,92V,132G
model.000.21.pdb,model.000.11.pdb,No common_epitopes
model.000.21.pdb,model.000.12.pdb,104S,101L,6D,100I,34E,4T,3V,102D,105N,20H,21L,103T,2K
model.000.21.pdb,model.000.13.pdb,109T,110G,123Q,100I,122V,113S,111V,120P,127K,126N,128C,125Q,112C,121N,94C,92V,130K
model.000.21.pdb,model.000.14.pdb,138L,136C,5V,3V,118K,113S,135K,131D,133E,20H,16Q,126N,139K,4T,119V,18S,137S,19G,122V,17M,6D,134T,120P,132G,21L,116I,130K
model.000.21.pdb,model.000.15.pdb,No common_epitopes
model.000.21.pdb,model.000.16.pdb,No common_epitopes
model.000.21.pdb,model.000.17.pdb,34E,139K,4T,5V,3V,6D,2K
model.000.21.pdb,model.000.18.pdb,138L,139K,136C,116I,6D,4T,5V,134T,3V,119V,135K,18S,137S,131D,132G,133E,20H,19G,21L,16Q,130K
model.000.21.pdb,model.000.19.pdb,20H,17M
model.000.21.pdb,model.000.20.pdb,138L,135K,137S,139K,136C
model.000.21.pdb,model.000.21.pdb,17M,123Q,113S,126N,130K,127K,116I,18S,131D,118K,125Q,112C,121N,94C,92V,132G
model.000.21.pdb,model.000.22.pdb,104S,138L,139K,34E,106P,4T,5V,101L,3V,102D,137S,105N,6D,21L,103T,2K
model.000.21.pdb,model.000.23.pdb,138L,139K,136C,4T,5V,135K,137S,6D,21L,16Q
model.000.21.pdb,model.000.24.pdb,104S,110G,100I,106P,111V,3V,102D,92V,109T,123Q,113S,135K,127K,103T,133E,20H,121N,16Q,101L,4T,119V,18S,137S,125Q,19G,105N,2K,122V,17M,134T,120P,126N,21L,112C
model.000.21.pdb,model.000.25.pdb,138L,104S,136C,5V,3V,135K,133E,20H,16Q,139K,4T,119V,18S,137S,21L,105N,2K,17M,6D,134T,132G,19G,116I
model.000.21.pdb,model.000.26.pdb,17M,116I
model.000.21.pdb,model.000.27.pdb,101L,110G,100I,34E,106P,4T,3V,103T,2K
model.000.21.pdb,model.000.28.pdb,138L,34E,139K,5V,3V,6D,2K
model.000.21.pdb,model.000.29.pdb,6D,4T,5V,139K
model.000.22.pdb,model.000.00.pdb,104S,10K,35E,139K,34E,4T,33N,3V,7T,6D,36T,8V,103T,2K
model.000.22.pdb,model.000.01.pdb,8V,7T,6D
model.000.22.pdb,model.000.02.pdb,6D,4T,3V,7T,139K,2K
model.000.22.pdb,model.000.03.pdb,104S,101L,35E,86P,3V,102D,109T,10K,77Y,7T,56F,75L,50N,34E,4T,87N,32V,36T,85I,103T,2K,6D,108K,33N,88E,8V,76G,74N
model.000.22.pdb,model.000.04.pdb,6D,4T,7T,139K,8V
model.000.22.pdb,model.000.05.pdb,85I,56F
model.000.22.pdb,model.000.06.pdb,32V,56F
model.000.22.pdb,model.000.07.pdb,104S,35E,86P,3V,102D,109T,10K,77Y,7T,103T,106P,56F,75L,101L,34E,139K,107V,4T,36T,105N,2K,6D,108K,33N,8V,74N
model.000.22.pdb,model.000.08.pdb,104S,86P,3V,78D,102D,109T,77Y,7T,103T,106P,56F,75L,101L,34E,139K,107V,4T,87N,32V,85I,105N,2K,6D,33N,88E,108K,76G,74N
model.000.22.pdb,model.000.09.pdb,10K,35E,139K,4T,3V,7T,6D,36T,8V,2K
model.000.22.pdb,model.000.10.pdb,85I
model.000.22.pdb,model.000.11.pdb,10K
model.000.22.pdb,model.000.12.pdb,104S,101L,35E,86P,3V,102D,10K,77Y,7T,103T,56F,75L,50N,34E,4T,87N,32V,36T,85I,105N,2K,6D,108K,33N,8V,76G,74N
model.000.22.pdb,model.000.13.pdb,109T,107V,87N,108K,88E
model.000.22.pdb,model.000.14.pdb,6D,4T,139K,3V
model.000.22.pdb,model.000.15.pdb,56F
model.000.22.pdb,model.000.16.pdb,85I,56F
model.000.22.pdb,model.000.17.pdb,50N,10K,35E,139K,34E,4T,33N,3V,7T,32V,6D,36T,8V,2K
model.000.22.pdb,model.000.18.pdb,6D,4T,7T,139K,3V
model.000.22.pdb,model.000.19.pdb,85I,56F
model.000.22.pdb,model.000.20.pdb,139K
model.000.22.pdb,model.000.21.pdb,85I
model.000.22.pdb,model.000.22.pdb,104S,35E,106P,3V,102D,10K,77Y,7T,103T,56F,75L,101L,34E,139K,107V,4T,87N,32V,36T,105N,2K,6D,108K,33N,88E,8V,76G,74N
model.000.22.pdb,model.000.23.pdb,6D,4T,7T,139K,8V
model.000.22.pdb,model.000.24.pdb,104S,109T,107V,106P,4T,101L,3V,102D,7T,105N,108K,103T,2K
model.000.22.pdb,model.000.25.pdb,104S,139K,4T,3V,7T,6D,105N,2K
model.000.22.pdb,model.000.26.pdb,78D,77Y
model.000.22.pdb,model.000.27.pdb,101L,35E,86P,3V,78D,10K,77Y,7T,106P,56F,75L,50N,34E,107V,4T,87N,32V,36T,85I,103T,2K,108K,33N,88E,8V,76G,74N
model.000.22.pdb,model.000.28.pdb,10K,35E,139K,34E,33N,3V,7T,6D,36T,8V,2K
model.000.22.pdb,model.000.29.pdb,10K,139K,4T,7T,32V,6D,36T,8V
model.000.23.pdb,model.000.00.pdb,No common_epitopes
model.000.23.pdb,model.000.01.pdb,42L,26E,156C,40K,28D,159K,157D,27N,41V,170C,162F,163I,164I,13F
model.000.23.pdb,model.000.02.pdb,148K,156C,159K,157D,170C,155K
model.000.23.pdb,model.000.03.pdb,85I
model.000.23.pdb,model.000.04.pdb,148K,156C,159K,170C,162F,158C,161G,160D
model.000.23.pdb,model.000.05.pdb,82N,53C,151D,153I,157D,170C,84C,24K,161G,155K,164I,80V,42L,149A,26E,98K,159K,160D,71C,152G,83V,54G,81N,156C,40K,28D,97G,150V,163I,79M,85I,95G,13F,148K,25C,27N,30V,55D,158C,162F
model.000.23.pdb,model.000.06.pdb,82N,43K,151D,153I,157D,41V,170C,84C,159K,161G,155K,164I,80V,54G,26E,98K,24K,44C,152G,83V,42L,81N,156C,40K,28D,97G,150V,163I,95G,13F,57S,25C,30V,27N,148K,55D,158C,162F
model.000.23.pdb,model.000.07.pdb,No common_epitopes
model.000.23.pdb,model.000.08.pdb,85I
model.000.23.pdb,model.000.09.pdb,156C,13F
model.000.23.pdb,model.000.10.pdb,82N,53C,151D,153I,157D,84C,24K,158C,155K,80V,42L,149A,26E,98K,159K,160D,152G,83V,54G,81N,40K,28D,97G,150V,161G,85I,95G,148K,27N,30V,55D,162F
model.000.23.pdb,model.000.11.pdb,43K,151D,157D,41V,170C,24K,163I,155K,164I,160D,26E,159K,42L,156C,40K,28D,150V,158C,13F,148K,25C,27N,162F
model.000.23.pdb,model.000.12.pdb,73C,53C,54G,26E,57S,98K,55D,85I
model.000.23.pdb,model.000.13.pdb,98K
model.000.23.pdb,model.000.14.pdb,149A,152G,148K,153I,150V,155K
model.000.23.pdb,model.000.15.pdb,82N,53C,43K,42L,57S,40K,28D,30V,41V,84C,27N,55D,44C,83V,79M,81N,54G
model.000.23.pdb,model.000.16.pdb,82N,53C,43K,151D,157D,41V,170C,84C,30V,158C,155K,164I,80V,54G,26E,24K,44C,71C,73C,83V,42L,81N,156C,40K,28D,163I,79M,85I,13F,57S,25C,27N,55D
model.000.23.pdb,model.000.17.pdb,42L,26E,25C,40K,28D,24K,41V,170C,27N,164I,13F
model.000.23.pdb,model.000.18.pdb,149A,148K,159K,150V,162F,158C,161G,160D
model.000.23.pdb,model.000.19.pdb,82N,53C,43K,151D,153I,157D,41V,170C,84C,24K,161G,155K,164I,160D,30V,149A,26E,159K,152G,83V,42L,81N,156C,40K,28D,150V,163I,79M,85I,158C,13F,148K,25C,27N,98K,55D,162F
model.000.23.pdb,model.000.20.pdb,149A,148K,156C,159K,157D,170C,150V,162F,158C,163I,155K,160D
model.000.23.pdb,model.000.21.pdb,149A,82N,83V,81N,151D,153I,85I,97G,98K,152G,150V,24K,55D,80V,95G
model.000.23.pdb,model.000.22.pdb,156C
model.000.23.pdb,model.000.23.pdb,13F,159K,157D,170C,162F,158C,164I
model.000.23.pdb,model.000.24.pdb,No common_epitopes
model.000.23.pdb,model.000.25.pdb,156C,159K
model.000.23.pdb,model.000.26.pdb,82N,53C,151D,153I,84C,30V,80V,42L,24K,71C,73C,152G,83V,54G,81N,40K,28D,97G,150V,79M,95G,57S,25C,27N,98K,55D
model.000.23.pdb,model.000.27.pdb,79M,73C,80V,85I
model.000.23.pdb,model.000.28.pdb,170C,156C,164I,27N,26E
model.000.23.pdb,model.000.29.pdb,13F,26E,156C,27N,159K,162F
model.000.24.pdb,model.000.00.pdb,104S,10K,35E,6D,21L,100I,34E,9C,33N,3V,7T,20H,36T,8V,4T,103T,2K
model.000.24.pdb,model.000.01.pdb,8V,51K,7T,6D,9C
model.000.24.pdb,model.000.02.pdb,6D,4T,3V,7T,20H,21L,2K
model.000.24.pdb,model.000.03.pdb,104S,50N,51K,100I,86P,35E,102D,10K,9C,77Y,7T,20H,58K,56F,75L,101L,34E,4T,3V,87N,32V,36T,85I,103T,2K,6D,8V,33N,88E,21L,108K,76G,74N
model.000.24.pdb,model.000.04.pdb,8V,9C,7T,6D,4T
model.000.24.pdb,model.000.05.pdb,98K,22E,85I,56F,23C
model.000.24.pdb,model.000.06.pdb,98K,22E,32V,56F,23C
model.000.24.pdb,model.000.07.pdb,104S,35E,100I,106P,3V,102D,10K,22E,77Y,7T,103T,86P,20H,56F,75L,101L,34E,107V,4T,36T,105N,2K,6D,108K,33N,21L,8V,74N
model.000.24.pdb,model.000.08.pdb,104S,106P,3V,102D,77Y,7T,103T,86P,20H,58K,56F,75L,101L,34E,107V,4T,87N,32V,85I,105N,2K,6D,33N,88E,21L,108K,76G,74N
model.000.24.pdb,model.000.09.pdb,10K,35E,6D,21L,9C,3V,7T,20H,36T,8V,4T,2K
model.000.24.pdb,model.000.10.pdb,98K,22E,89C,85I
model.000.24.pdb,model.000.11.pdb,10K,51K,9C
model.000.24.pdb,model.000.12.pdb,104S,50N,35E,100I,86P,72K,102D,51K,10K,9C,77Y,7T,103T,20H,58K,56F,75L,101L,34E,73C,4T,60I,3V,87N,32V,36T,85I,105N,2K,6D,49V,8V,98K,33N,21L,108K,76G,74N
model.000.24.pdb,model.000.13.pdb,100I,107V,87N,98K,89C,88E,108K
model.000.24.pdb,model.000.14.pdb,6D,20H,4T,21L,3V
model.000.24.pdb,model.000.15.pdb,51K,67V,61K,46E,49V,48T,56F
model.000.24.pdb,model.000.16.pdb,73C,72K,23C,59C,60I,85I,56F
model.000.24.pdb,model.000.17.pdb,50N,10K,35E,6D,34E,9C,33N,3V,4T,7T,32V,51K,36T,8V,58K,2K
model.000.24.pdb,model.000.18.pdb,6D,4T,3V,7T,20H,21L
model.000.24.pdb,model.000.19.pdb,20H,22E,85I,56F,98K
model.000.24.pdb,model.000.20.pdb,No common_epitopes
model.000.24.pdb,model.000.21.pdb,98K,89C,85I
model.000.24.pdb,model.000.22.pdb,104S,35E,106P,3V,102D,10K,9C,77Y,7T,103T,58K,56F,75L,101L,34E,107V,4T,87N,32V,36T,105N,2K,6D,108K,33N,88E,21L,8V,76G,74N
model.000.24.pdb,model.000.23.pdb,6D,9C,7T,21L,8V,4T
model.000.24.pdb,model.000.24.pdb,104S,101L,100I,107V,106P,4T,3V,102D,7T,103T,20H,21L,108K,105N,2K
model.000.24.pdb,model.000.25.pdb,104S,6D,4T,3V,7T,20H,21L,105N,2K
model.000.24.pdb,model.000.26.pdb,73C,77Y,72K,98K,59C,89C,62I,60I,58K
model.000.24.pdb,model.000.27.pdb,50N,35E,100I,106P,51K,7T,10K,77Y,61K,89C,86P,58K,56F,75L,101L,34E,73C,107V,4T,60I,72K,3V,32V,36T,85I,103T,2K,87N,108K,33N,88E,49V,8V,76G,74N
model.000.24.pdb,model.000.28.pdb,10K,35E,6D,34E,9C,33N,3V,7T,36T,8V,2K
model.000.24.pdb,model.000.29.pdb,10K,6D,9C,7T,32V,36T,8V,4T
model.000.25.pdb,model.000.00.pdb,138L,147C,141L,136C,140C,134T,154Y,135K,137S,146T,139K,116I
model.000.25.pdb,model.000.01.pdb,145E,141L,159K,162F,144Q,142K
model.000.25.pdb,model.000.02.pdb,138L,147C,141L,136C,145E,140C,134T,159K,135K,148K,137S,132G,144Q,146T,133E,139K,142K
model.000.25.pdb,model.000.03.pdb,No common_epitopes
model.000.25.pdb,model.000.04.pdb,138L,147C,141L,136C,145E,140C,146T,159K,154Y,135K,148K,137S,139K,162F,144Q,158C,161G,142K,160D
model.000.25.pdb,model.000.05.pdb,149A,159K,148K,116I,153I,154Y,131D,146T,118K,152G,158C,161G,160D,162F
model.000.25.pdb,model.000.06.pdb,145E,152G,162F,148K,153I,159K,117G,131D,118K,161G,158C,142K,132G
model.000.25.pdb,model.000.07.pdb,138L,141L,136C,140C,135K,137S,139K
model.000.25.pdb,model.000.08.pdb,137S,139K
model.000.25.pdb,model.000.09.pdb,138L,145E,141L,136C,140C,135K,137S,139K,142K
model.000.25.pdb,model.000.10.pdb,147C,159K,162F,149A,148K,116I,134T,153I,154Y,117G,131D,118K,152G,161G,133E,158C,160D,132G
model.000.25.pdb,model.000.11.pdb,148K,159K,162F,158C,142K,160D
model.000.25.pdb,model.000.12.pdb,No common_epitopes
model.000.25.pdb,model.000.13.pdb,No common_epitopes
model.000.25.pdb,model.000.14.pdb,138L,147C,152G,141L,136C,149A,140C,134T,153I,154Y,135K,148K,137S,117G,118K,133E,139K,131D,116I,132G
model.000.25.pdb,model.000.15.pdb,No common_epitopes
model.000.25.pdb,model.000.16.pdb,158C
model.000.25.pdb,model.000.17.pdb,145E,142K,139K
model.000.25.pdb,model.000.18.pdb,138L,147C,141L,136C,145E,161G,162F,158C,160D,117G,159K,135K,131D,133E,139K,149A,140C,154Y,137S,144Q,146T,142K,148K,134T,132G,116I
model.000.25.pdb,model.000.19.pdb,149A,152G,148K,159K,153I,158C,161G,160D,162F
model.000.25.pdb,model.000.20.pdb,138L,147C,141L,136C,145E,140C,159K,154Y,135K,148K,137S,149A,162F,144Q,146T,139K,142K,160D,158C
model.000.25.pdb,model.000.21.pdb,149A,152G,153I,154Y,117G,131D,118K,116I,132G
model.000.25.pdb,model.000.22.pdb,138L,145E,141L,140C,137S,139K,142K
model.000.25.pdb,model.000.23.pdb,138L,147C,141L,136C,145E,140C,159K,135K,137S,139K,162F,144Q,146T,158C,142K
model.000.25.pdb,model.000.24.pdb,135K,133E,137S,134T
model.000.25.pdb,model.000.25.pdb,138L,147C,141L,136C,145E,140C,134T,159K,135K,137S,132G,144Q,146T,133E,139K,142K,116I
model.000.25.pdb,model.000.26.pdb,152G,116I,153I
model.000.25.pdb,model.000.27.pdb,No common_epitopes
model.000.25.pdb,model.000.28.pdb,138L,145E,141L,140C,144Q,139K,142K
model.000.25.pdb,model.000.29.pdb,145E,139K,140C,159K,162F,144Q,141L,142K
model.000.26.pdb,model.000.00.pdb,104S,138L,141L,136C,100I,5V,3V,135K,20H,16Q,139K,140C,4T,18S,137S,21L,103T,2K,17M,6D,134T,15I,19G
model.000.26.pdb,model.000.01.pdb,6D,5V,141L
model.000.26.pdb,model.000.02.pdb,138L,141L,136C,5V,3V,135K,133E,20H,16Q,139K,140C,4T,119V,18S,137S,19G,2K,17M,6D,134T,132G,21L
model.000.26.pdb,model.000.03.pdb,104S,109T,6D,100I,4T,5V,3V,102D,111V,20H,21L,19G,103T,2K
model.000.26.pdb,model.000.04.pdb,138L,141L,136C,140C,6D,4T,5V,135K,137S,139K,16Q
model.000.26.pdb,model.000.05.pdb,15I,17M,131D
model.000.26.pdb,model.000.06.pdb,17M,131D,132G,15I,121N,16Q,130K
model.000.26.pdb,model.000.07.pdb,138L,104S,141L,136C,100I,5V,3V,102D,109T,135K,103T,20H,16Q,139K,140C,4T,137S,21L,105N,2K,6D,19G
model.000.26.pdb,model.000.08.pdb,104S,109T,139K,6D,4T,5V,3V,102D,137S,105N,20H,21L,16Q,103T,2K
model.000.26.pdb,model.000.09.pdb,138L,17M,141L,136C,140C,6D,4T,5V,3V,135K,137S,139K,15I,20H,21L,19G,16Q,2K
model.000.26.pdb,model.000.10.pdb,17M,134T,15I,131D,132G,133E
model.000.26.pdb,model.000.11.pdb,No common_epitopes
model.000.26.pdb,model.000.12.pdb,104S,6D,100I,4T,3V,102D,105N,20H,21L,103T,2K
model.000.26.pdb,model.000.13.pdb,109T,122V,123Q,100I,120P,126N,111V,112C,121N,130K
model.000.26.pdb,model.000.14.pdb,138L,141L,136C,5V,3V,135K,131D,133E,20H,16Q,126N,139K,140C,4T,119V,18S,137S,19G,122V,17M,6D,134T,120P,132G,21L,130K
model.000.26.pdb,model.000.15.pdb,No common_epitopes
model.000.26.pdb,model.000.16.pdb,No common_epitopes
model.000.26.pdb,model.000.17.pdb,6D,4T,5V,3V,139K,2K
model.000.26.pdb,model.000.18.pdb,138L,141L,136C,5V,3V,135K,131D,133E,20H,16Q,139K,140C,4T,119V,18S,137S,21L,6D,134T,132G,19G,130K
model.000.26.pdb,model.000.19.pdb,15I,20H,17M
model.000.26.pdb,model.000.20.pdb,138L,141L,136C,140C,135K,137S,139K
model.000.26.pdb,model.000.21.pdb,17M,123Q,130K,18S,131D,132G,112C,121N,126N
model.000.26.pdb,model.000.22.pdb,138L,104S,141L,140C,6D,4T,5V,3V,102D,137S,105N,139K,21L,103T,2K
model.000.26.pdb,model.000.23.pdb,138L,141L,136C,140C,6D,4T,5V,135K,137S,139K,21L,16Q
model.000.26.pdb,model.000.24.pdb,104S,100I,3V,102D,109T,123Q,135K,103T,133E,20H,121N,16Q,4T,119V,18S,137S,111V,19G,105N,2K,122V,17M,134T,120P,126N,21L,112C
model.000.26.pdb,model.000.25.pdb,138L,104S,141L,136C,5V,3V,135K,133E,20H,16Q,139K,140C,4T,119V,18S,137S,21L,105N,2K,17M,6D,134T,132G,19G
model.000.26.pdb,model.000.26.pdb,17M
model.000.26.pdb,model.000.27.pdb,4T,103T,3V,100I,2K
model.000.26.pdb,model.000.28.pdb,138L,139K,140C,6D,5V,3V,141L,2K
model.000.26.pdb,model.000.29.pdb,139K,140C,6D,4T,5V,141L
model.000.27.pdb,model.000.00.pdb,104S,10K,35E,139K,34E,9C,5V,33N,3V,7T,6D,36T,8V,4T,103T,2K
model.000.27.pdb,model.000.01.pdb,8V,9C,5V,6D,7T
model.000.27.pdb,model.000.02.pdb,139K,4T,5V,3V,7T,6D,2K
model.000.27.pdb,model.000.03.pdb,104S,109T,35E,6D,34E,10K,108K,9C,5V,101L,3V,102D,7T,33N,36T,8V,4T,103T,2K
model.000.27.pdb,model.000.04.pdb,6D,4T,5V,7T,139K,8V,9C
model.000.27.pdb,model.000.05.pdb,No common_epitopes
model.000.27.pdb,model.000.06.pdb,No common_epitopes
model.000.27.pdb,model.000.07.pdb,104S,35E,106P,5V,3V,102D,109T,10K,7T,103T,101L,34E,139K,107V,4T,36T,105N,2K,6D,8V,33N,108K
model.000.27.pdb,model.000.08.pdb,104S,109T,139K,34E,107V,106P,4T,5V,101L,3V,102D,7T,105N,33N,6D,108K,103T,2K
model.000.27.pdb,model.000.09.pdb,10K,35E,139K,9C,5V,3V,7T,6D,36T,8V,4T,2K
model.000.27.pdb,model.000.10.pdb,No common_epitopes
model.000.27.pdb,model.000.11.pdb,10K,9C
model.000.27.pdb,model.000.12.pdb,104S,10K,35E,6D,34E,108K,9C,33N,101L,3V,102D,7T,105N,36T,8V,4T,103T,2K
model.000.27.pdb,model.000.13.pdb,109T,107V,108K
model.000.27.pdb,model.000.14.pdb,6D,4T,5V,139K,3V
model.000.27.pdb,model.000.15.pdb,No common_epitopes
model.000.27.pdb,model.000.16.pdb,No common_epitopes
model.000.27.pdb,model.000.17.pdb,10K,35E,139K,34E,9C,5V,3V,7T,6D,36T,8V,4T,33N,2K
model.000.27.pdb,model.000.18.pdb,6D,4T,5V,3V,7T,139K
model.000.27.pdb,model.000.19.pdb,No common_epitopes
model.000.27.pdb,model.000.20.pdb,139K
model.000.27.pdb,model.000.21.pdb,No common_epitopes
model.000.27.pdb,model.000.22.pdb,104S,35E,106P,5V,3V,102D,10K,9C,7T,103T,101L,34E,139K,107V,4T,36T,105N,2K,6D,8V,33N,108K
model.000.27.pdb,model.000.23.pdb,6D,4T,5V,7T,139K,8V,9C
model.000.27.pdb,model.000.24.pdb,104S,109T,107V,106P,4T,101L,3V,102D,7T,105N,108K,103T,2K
model.000.27.pdb,model.000.25.pdb,104S,139K,4T,5V,3V,7T,6D,105N,2K
model.000.27.pdb,model.000.26.pdb,No common_epitopes
model.000.27.pdb,model.000.27.pdb,101L,10K,35E,34E,107V,106P,4T,33N,3V,7T,108K,36T,8V,103T,2K
model.000.27.pdb,model.000.28.pdb,10K,35E,139K,34E,9C,5V,3V,7T,6D,36T,8V,33N,2K
model.000.27.pdb,model.000.29.pdb,10K,139K,4T,5V,7T,6D,36T,8V,9C
model.000.28.pdb,model.000.00.pdb,10K,35E,141L,140C,6D,9C,5V,7T,139K,36T,8V,4T,33N
model.000.28.pdb,model.000.01.pdb,145E,51K,141L,39E,26E,12G,9C,5V,40K,169I,41V,7T,143E,11R,6D,14L,8V,142K
model.000.28.pdb,model.000.02.pdb,145E,141L,140C,6D,4T,5V,169I,143E,139K,142K,7T
model.000.28.pdb,model.000.03.pdb,50N,10K,35E,6D,38E,39E,12G,37C,5V,51K,58K,4T,7T,52P,11R,32V,36T,8V,9C,33N
model.000.28.pdb,model.000.04.pdb,145E,141L,140C,6D,9C,5V,169I,7T,143E,139K,142K,8V,4T
model.000.28.pdb,model.000.05.pdb,37C,40K,26E
model.000.28.pdb,model.000.06.pdb,145E,26E,12G,37C,40K,41V,32V,142K
model.000.28.pdb,model.000.07.pdb,10K,35E,141L,140C,6D,4T,5V,7T,139K,36T,8V,33N
model.000.28.pdb,model.000.08.pdb,6D,4T,5V,7T,32V,139K,58K,33N
model.000.28.pdb,model.000.09.pdb,145E,35E,141L,8V,10K,140C,6D,37C,5V,7T,169I,4T,143E,139K,11R,12G,36T,142K,9C,14L
model.000.28.pdb,model.000.10.pdb,40K,26E
model.000.28.pdb,model.000.11.pdb,10K,51K,38E,26E,12G,47K,37C,40K,169I,39E,41V,11R,14L,142K,9C
model.000.28.pdb,model.000.12.pdb,50N,10K,35E,6D,38E,26E,12G,9C,33N,51K,4T,39E,7T,52P,11R,32V,36T,8V,58K,49V
model.000.28.pdb,model.000.13.pdb,No common_epitopes
model.000.28.pdb,model.000.14.pdb,139K,140C,6D,4T,5V,141L
model.000.28.pdb,model.000.15.pdb,51K,38E,39E,47K,40K,41V,52P,11R,46E,49V
model.000.28.pdb,model.000.16.pdb,26E,39E,37C,40K,169I,41V,11R
model.000.28.pdb,model.000.17.pdb,145E,35E,47K,37C,5V,51K,41V,142K,10K,38E,26E,12G,9C,7T,14L,58K,50N,139K,4T,40K,169I,32V,36T,6D,39E,33N,11R,8V
model.000.28.pdb,model.000.18.pdb,145E,141L,140C,6D,4T,5V,7T,139K,142K
model.000.28.pdb,model.000.19.pdb,38E,39E,26E,40K,169I,41V,11R
model.000.28.pdb,model.000.20.pdb,145E,141L,140C,169I,143E,139K,142K
model.000.28.pdb,model.000.21.pdb,No common_epitopes
model.000.28.pdb,model.000.22.pdb,145E,35E,32V,141L,8V,10K,140C,6D,9C,5V,58K,4T,7T,139K,12G,36T,142K,14L,33N
model.000.28.pdb,model.000.23.pdb,145E,141L,8V,12G,140C,6D,9C,5V,169I,4T,143E,139K,14L,142K,7T
model.000.28.pdb,model.000.24.pdb,4T,7T
model.000.28.pdb,model.000.25.pdb,145E,141L,140C,6D,4T,5V,143E,139K,142K,7T
model.000.28.pdb,model.000.26.pdb,40K,58K
model.000.28.pdb,model.000.27.pdb,50N,10K,35E,38E,39E,37C,33N,51K,4T,7T,52P,11R,32V,36T,8V,58K,49V
model.000.28.pdb,model.000.28.pdb,145E,35E,141L,37C,5V,143E,142K,10K,26E,12G,9C,7T,14L,139K,140C,169I,36T,6D,39E,33N,11R,8V
model.000.28.pdb,model.000.29.pdb,145E,141L,37C,5V,143E,142K,10K,38E,26E,12G,9C,7T,14L,139K,140C,4T,169I,32V,36T,6D,39E,11R,8V
model.000.29.pdb,model.000.00.pdb,No common_epitopes
model.000.29.pdb,model.000.01.pdb,28D,27N
model.000.29.pdb,model.000.02.pdb,132G
model.000.29.pdb,model.000.03.pdb,No common_epitopes
model.000.29.pdb,model.000.04.pdb,No common_epitopes
model.000.29.pdb,model.000.05.pdb,82N,83V,81N,151D,28D,24K,97G,115N,131D,150V,118K,152G,96N,27N,80V,95G,93T
model.000.29.pdb,model.000.06.pdb,82N,124D,151D,118K,128C,96N,94C,131D,24K,80V,115N,127K,121N,152G,83V,81N,28D,97G,150V,125Q,129S,95G,93T,27N,132G,130K
model.000.29.pdb,model.000.07.pdb,No common_epitopes
model.000.29.pdb,model.000.08.pdb,No common_epitopes
model.000.29.pdb,model.000.09.pdb,No common_epitopes
model.000.29.pdb,model.000.10.pdb,82N,83V,132G,81N,151D,28D,24K,94C,97G,115N,131D,150V,118K,152G,96N,27N,80V,95G,93T
model.000.29.pdb,model.000.11.pdb,151D,150V,28D,24K,27N
model.000.29.pdb,model.000.12.pdb,No common_epitopes
model.000.29.pdb,model.000.13.pdb,124D,130K,127K,128C,125Q,129S,93T,121N,94C,123Q
model.000.29.pdb,model.000.14.pdb,131D,152G,115N,150V,118K,130K,132G
model.000.29.pdb,model.000.15.pdb,27N,82N,83V,28D,81N
model.000.29.pdb,model.000.16.pdb,82N,83V,81N,151D,28D,24K,27N,80V
model.000.29.pdb,model.000.17.pdb,27N,28D,24K
model.000.29.pdb,model.000.18.pdb,131D,150V,132G,130K
model.000.29.pdb,model.000.19.pdb,82N,83V,81N,151D,28D,24K,115N,152G,150V,27N
model.000.29.pdb,model.000.20.pdb,150V
model.000.29.pdb,model.000.21.pdb,82N,124D,151D,118K,96N,94C,131D,123Q,24K,80V,115N,127K,121N,152G,83V,81N,97G,150V,125Q,129S,95G,93T,132G,130K
model.000.29.pdb,model.000.22.pdb,No common_epitopes
model.000.29.pdb,model.000.23.pdb,No common_epitopes
model.000.29.pdb,model.000.24.pdb,127K,121N,124D,125Q,123Q
model.000.29.pdb,model.000.25.pdb,132G
model.000.29.pdb,model.000.26.pdb,82N,83V,81N,151D,28D,24K,97G,115N,150V,27N,152G,96N,80V,95G,93T
model.000.29.pdb,model.000.27.pdb,80V
model.000.29.pdb,model.000.28.pdb,27N
model.000.29.pdb,model.000.29.pdb,27N
