EE11,JA112,Common_Epitopes
model.000.00.pdb,model.000.00.pdb,217N,205S,207H,174N,215T,224L,204L,209G,222Y,171T,218Y,4L,208E,72E,71K,206N,40K,78N,175H,225N,219R,220N,221P,216E,223K
model.000.00.pdb,model.000.01.pdb,217N,205S,174N,207H,3Q,2Q,178D,215T,224L,177A,5S,6P,204L,209G,222Y,171T,218Y,4L,208E,226D,72E,71K,40K,206N,175H,225N,173I,219R,220N,221P,216E,223K
model.000.00.pdb,model.000.02.pdb,3Q,2Q,225N,226D
model.000.00.pdb,model.000.03.pdb,217N,107K,207H,176S,174N,2Q,205S,178D,210K,104E,41L,177A,38T,5S,6P,204L,68Y,209G,222Y,218Y,4L,208E,72E,66H,71K,40K,206N,78N,175H,173I,219R,220N,221P,216E,223K,108K
model.000.00.pdb,model.000.04.pdb,108K
model.000.00.pdb,model.000.05.pdb,210K
model.000.00.pdb,model.000.06.pdb,No common_epitopes
model.000.00.pdb,model.000.07.pdb,217N,205S,207H,176S,3Q,2Q,174N,107K,178D,177A,5S,204L,209G,222Y,171T,218Y,4L,208E,226D,206N,40K,175H,225N,173I,219R,220N,221P,223K,108K
model.000.00.pdb,model.000.08.pdb,217N,205S,207H,176S,174N,107K,210K,215T,177A,5S,204L,209G,222Y,171T,218Y,4L,208E,72E,71K,206N,40K,175H,173I,219R,220N,221P,216E,223K
model.000.00.pdb,model.000.09.pdb,No common_epitopes
model.000.00.pdb,model.000.10.pdb,71K,222Y,215T,207H,205S,218Y,208E,219R,210K,220N,221P,216E,204L,72E,209G,206N,40K
model.000.00.pdb,model.000.11.pdb,217N,205S,174N,207H,215T,224L,6P,204L,209G,222Y,218Y,4L,208E,226D,72E,71K,40K,206N,175H,225N,173I,219R,220N,221P,216E,223K
model.000.00.pdb,model.000.12.pdb,No common_epitopes
model.000.00.pdb,model.000.13.pdb,217N,205S,207H,176S,174N,210K,215T,224L,204L,209G,222Y,218Y,208E,71K,72E,206N,40K,175H,173I,219R,220N,221P,216E,223K
model.000.00.pdb,model.000.14.pdb,3Q,2Q,225N,178D,226D,108K
model.000.00.pdb,model.000.15.pdb,217N,107K,207H,176S,174N,205S,3Q,2Q,210K,41L,177A,224L,204L,68Y,209G,222Y,171T,218Y,4L,208E,226D,40K,206N,175H,225N,173I,219R,220N,221P,216E,223K
model.000.00.pdb,model.000.16.pdb,71K,217N,222Y,215T,218Y,208E,219R,210K,220N,221P,216E,40K,72E,209G,206N
model.000.00.pdb,model.000.17.pdb,No common_epitopes
model.000.00.pdb,model.000.18.pdb,108K,104E
model.000.00.pdb,model.000.19.pdb,217N,107K,174N,176S,3Q,2Q,207H,205S,178D,210K,215T,177A,224L,5S,6P,209G,222Y,171T,218Y,4L,208E,226D,71K,40K,206N,175H,225N,173I,219R,220N,221P,216E,223K
model.000.00.pdb,model.000.20.pdb,215T,72E,216E,71K,40K
model.000.00.pdb,model.000.21.pdb,No common_epitopes
model.000.00.pdb,model.000.22.pdb,No common_epitopes
model.000.00.pdb,model.000.23.pdb,No common_epitopes
model.000.00.pdb,model.000.24.pdb,225N,224L,223K,226D
model.000.00.pdb,model.000.25.pdb,108K,104E
model.000.00.pdb,model.000.26.pdb,217N,205S,207H,210K,215T,224L,5S,204L,209G,222Y,171T,218Y,4L,208E,226D,72E,71K,206N,40K,225N,175H,173I,219R,220N,221P,216E,223K
model.000.00.pdb,model.000.27.pdb,No common_epitopes
model.000.00.pdb,model.000.28.pdb,207H,215T,224L,204L,209G,222Y,218Y,7I,4L,208E,71K,72E,40K,206N,175H,219R,220N,221P,216E,223K
model.000.00.pdb,model.000.29.pdb,No common_epitopes
model.000.01.pdb,model.000.00.pdb,217N,74D,205S,207H,215T,204L,85K,209G,222Y,218Y,75Y,208E,72E,71K,206N,40K,78N,73D,220N,221P,216E,77S
model.000.01.pdb,model.000.01.pdb,217N,205S,207H,215T,212H,204L,85K,209G,222Y,218Y,208E,72E,71K,206N,40K,214I,220N,221P,216E
model.000.01.pdb,model.000.02.pdb,No common_epitopes
model.000.01.pdb,model.000.03.pdb,217N,205S,207H,210K,212H,204L,85K,209G,222Y,218Y,75Y,208E,203S,213Y,72E,71K,211P,206N,40K,78N,220N,221P,216E
model.000.01.pdb,model.000.04.pdb,No common_epitopes
model.000.01.pdb,model.000.05.pdb,202L,199R,210K,213Y,211P
model.000.01.pdb,model.000.06.pdb,No common_epitopes
model.000.01.pdb,model.000.07.pdb,217N,222Y,205S,207H,218Y,208E,220N,221P,204L,209G,206N,40K
model.000.01.pdb,model.000.08.pdb,217N,205S,207H,210K,215T,212H,204L,209G,222Y,218Y,208E,203S,213Y,72E,71K,211P,206N,40K,214I,220N,221P,216E
model.000.01.pdb,model.000.09.pdb,No common_epitopes
model.000.01.pdb,model.000.10.pdb,74D,205S,207H,210K,215T,212H,204L,85K,209G,222Y,218Y,75Y,208E,199R,203S,213Y,71K,72E,211P,40K,206N,214I,73D,220N,221P,216E
model.000.01.pdb,model.000.11.pdb,217N,74D,205S,207H,215T,204L,85K,209G,222Y,218Y,75Y,208E,203S,213Y,72E,71K,206N,40K,220N,221P,216E
model.000.01.pdb,model.000.12.pdb,No common_epitopes
model.000.01.pdb,model.000.13.pdb,217N,205S,207H,210K,215T,212H,204L,85K,209G,222Y,218Y,75Y,208E,199R,203S,213Y,72E,71K,211P,40K,206N,214I,220N,221P,216E
model.000.01.pdb,model.000.14.pdb,No common_epitopes
model.000.01.pdb,model.000.15.pdb,217N,222Y,205S,207H,218Y,202L,208E,206N,210K,220N,221P,212H,216E,204L,203S,209G,211P,40K
model.000.01.pdb,model.000.16.pdb,217N,74D,210K,215T,212H,85K,209G,222Y,218Y,75Y,208E,199R,203S,213Y,72E,71K,206N,40K,214I,73D,220N,221P,216E
model.000.01.pdb,model.000.17.pdb,213Y,202L
model.000.01.pdb,model.000.18.pdb,No common_epitopes
model.000.01.pdb,model.000.19.pdb,217N,222Y,215T,207H,205S,218Y,208E,210K,220N,221P,212H,216E,203S,213Y,71K,209G,206N,40K
model.000.01.pdb,model.000.20.pdb,71K,74D,73D,215T,75Y,199R,216E,85K,213Y,72E,40K
model.000.01.pdb,model.000.21.pdb,No common_epitopes
model.000.01.pdb,model.000.22.pdb,No common_epitopes
model.000.01.pdb,model.000.23.pdb,No common_epitopes
model.000.01.pdb,model.000.24.pdb,No common_epitopes
model.000.01.pdb,model.000.25.pdb,No common_epitopes
model.000.01.pdb,model.000.26.pdb,217N,74D,205S,207H,210K,215T,212H,204L,85K,209G,222Y,218Y,75Y,208E,203S,213Y,72E,71K,211P,40K,206N,214I,220N,221P,216E
model.000.01.pdb,model.000.27.pdb,No common_epitopes
model.000.01.pdb,model.000.28.pdb,74D,207H,215T,212H,204L,85K,209G,222Y,218Y,75Y,208E,213Y,72E,71K,206N,40K,73D,220N,221P,216E
model.000.01.pdb,model.000.29.pdb,No common_epitopes
model.000.02.pdb,model.000.00.pdb,222Y,171T,4L,225N,224L,223K,8N,13K,10E
model.000.02.pdb,model.000.01.pdb,222Y,171T,3Q,2Q,4L,224L,178D,227D,225N,228T,223K,226D,1P
model.000.02.pdb,model.000.02.pdb,17N,15I,3Q,2Q,225N,227D,229E,19R,228T,18A,226D,1P,230V,231Y
model.000.02.pdb,model.000.03.pdb,222Y,4L,2Q,178D,223K
model.000.02.pdb,model.000.04.pdb,19R,229E
model.000.02.pdb,model.000.05.pdb,No common_epitopes
model.000.02.pdb,model.000.06.pdb,No common_epitopes
model.000.02.pdb,model.000.07.pdb,222Y,171T,3Q,2Q,4L,225N,178D,223K,226D,1P
model.000.02.pdb,model.000.08.pdb,4L,222Y,171T,223K
model.000.02.pdb,model.000.09.pdb,No common_epitopes
model.000.02.pdb,model.000.10.pdb,222Y
model.000.02.pdb,model.000.11.pdb,222Y,4L,225N,224L,223K,226D,8N,12K,13K,10E
model.000.02.pdb,model.000.12.pdb,No common_epitopes
model.000.02.pdb,model.000.13.pdb,222Y,224L,223K
model.000.02.pdb,model.000.14.pdb,17N,3Q,2Q,225N,227D,178D,229E,19R,228T,226D,1P,230V,231Y
model.000.02.pdb,model.000.15.pdb,222Y,171T,3Q,2Q,4L,224L,227D,225N,228T,223K,226D,1P
model.000.02.pdb,model.000.16.pdb,222Y
model.000.02.pdb,model.000.17.pdb,No common_epitopes
model.000.02.pdb,model.000.18.pdb,No common_epitopes
model.000.02.pdb,model.000.19.pdb,222Y,171T,3Q,2Q,4L,224L,178D,227D,225N,228T,223K,226D,1P
model.000.02.pdb,model.000.20.pdb,No common_epitopes
model.000.02.pdb,model.000.21.pdb,17N,19R,18A
model.000.02.pdb,model.000.22.pdb,19R,18A,229E
model.000.02.pdb,model.000.23.pdb,No common_epitopes
model.000.02.pdb,model.000.24.pdb,11T,14A,1P,224L,12K,13K,10E,231Y,17N,227D,19R,226D,15I,225N,229E,18A,228T,223K,230V
model.000.02.pdb,model.000.25.pdb,No common_epitopes
model.000.02.pdb,model.000.26.pdb,222Y,171T,4L,225N,224L,223K,226D,8N,13K,10E
model.000.02.pdb,model.000.27.pdb,No common_epitopes
model.000.02.pdb,model.000.28.pdb,222Y,4L,224L,223K,8N,12K,13K,10E
model.000.02.pdb,model.000.29.pdb,No common_epitopes
model.000.03.pdb,model.000.00.pdb,No common_epitopes
model.000.03.pdb,model.000.01.pdb,No common_epitopes
model.000.03.pdb,model.000.02.pdb,53G,56L,58N,57P,59E,98K
model.000.03.pdb,model.000.03.pdb,No common_epitopes
model.000.03.pdb,model.000.04.pdb,95W,53G,56L,97K,57P,59E,58N,52S,98K
model.000.03.pdb,model.000.05.pdb,152V
model.000.03.pdb,model.000.06.pdb,156D,27Y,26H,152V,31K,25I,28N,24D,154Y,29E
model.000.03.pdb,model.000.07.pdb,No common_epitopes
model.000.03.pdb,model.000.08.pdb,No common_epitopes
model.000.03.pdb,model.000.09.pdb,156D,27Y,26H,152V,52S,31K,25I,50Y,28N,24D,154Y,29E
model.000.03.pdb,model.000.10.pdb,No common_epitopes
model.000.03.pdb,model.000.11.pdb,No common_epitopes
model.000.03.pdb,model.000.12.pdb,152V,154Y,31K
model.000.03.pdb,model.000.13.pdb,No common_epitopes
model.000.03.pdb,model.000.14.pdb,98K,58N,57P
model.000.03.pdb,model.000.15.pdb,No common_epitopes
model.000.03.pdb,model.000.16.pdb,No common_epitopes
model.000.03.pdb,model.000.17.pdb,152V,154Y,31K
model.000.03.pdb,model.000.18.pdb,95W,26H,62L,97K,59E,46F,49G,48G,50Y,61V,98K,29E,47K
model.000.03.pdb,model.000.19.pdb,No common_epitopes
model.000.03.pdb,model.000.20.pdb,No common_epitopes
model.000.03.pdb,model.000.21.pdb,156D,27Y,53G,26H,56L,57P,58N,59E,52S,30S,50Y,28N,24D,98K,25I,29E
model.000.03.pdb,model.000.22.pdb,53G,26H,56L,57P,97K,59E,51I,58N,52S,50Y,24D,98K,25I,29E
model.000.03.pdb,model.000.23.pdb,156D,152V,31K,28N,154Y
model.000.03.pdb,model.000.24.pdb,No common_epitopes
model.000.03.pdb,model.000.25.pdb,95W,62L,57P,97K,59E,46F,58N,49G,50Y,48G,61V,98K,29E,47K
model.000.03.pdb,model.000.26.pdb,No common_epitopes
model.000.03.pdb,model.000.27.pdb,26H,59E,48G,50Y,25I,154Y,47K,53G,97K,30S,28N,156D,49G,29E,27Y,152V,52S,31K,61V
model.000.03.pdb,model.000.28.pdb,No common_epitopes
model.000.03.pdb,model.000.29.pdb,156D,27Y,26H,52S,50Y,28N,24D,25I,29E,47K
model.000.04.pdb,model.000.00.pdb,217N,74D,207H,174N,8N,215T,80L,224L,76G,85K,209G,222Y,171T,218Y,75Y,4L,208E,72E,71K,40K,206N,78N,73D,175H,225N,219R,220N,221P,216E,223K,77S
model.000.04.pdb,model.000.01.pdb,217N,174N,207H,3Q,2Q,215T,224L,5S,6P,85K,209G,222Y,171T,218Y,4L,208E,227D,226D,72E,71K,40K,206N,175H,225N,173I,219R,220N,221P,216E,223K
model.000.04.pdb,model.000.02.pdb,3Q,2Q,225N,227D,226D
model.000.04.pdb,model.000.03.pdb,217N,174N,176S,207H,2Q,5S,6P,85K,209G,69W,222Y,218Y,75Y,4L,208E,71K,72E,206N,40K,78N,175H,173I,219R,220N,221P,216E,223K
model.000.04.pdb,model.000.04.pdb,No common_epitopes
model.000.04.pdb,model.000.05.pdb,No common_epitopes
model.000.04.pdb,model.000.06.pdb,No common_epitopes
model.000.04.pdb,model.000.07.pdb,217N,207H,176S,3Q,2Q,174N,172T,5S,209G,222Y,171T,218Y,4L,208E,226D,40K,206N,175H,225N,173I,219R,220N,221P,223K
model.000.04.pdb,model.000.08.pdb,217N,207H,176S,174N,215T,5S,209G,222Y,171T,218Y,4L,208E,72E,71K,40K,206N,175H,173I,219R,220N,221P,216E,223K
model.000.04.pdb,model.000.09.pdb,No common_epitopes
model.000.04.pdb,model.000.10.pdb,74D,207H,215T,85K,209G,222Y,218Y,75Y,208E,71K,72E,206N,40K,70G,73D,219R,220N,221P,216E
model.000.04.pdb,model.000.11.pdb,217N,74D,174N,207H,8N,215T,80L,224L,6P,85K,209G,222Y,218Y,75Y,4L,208E,226D,72E,71K,206N,40K,175H,225N,173I,219R,220N,221P,216E,223K
model.000.04.pdb,model.000.12.pdb,No common_epitopes
model.000.04.pdb,model.000.13.pdb,217N,207H,176S,174N,172T,215T,224L,85K,209G,222Y,218Y,75Y,208E,71K,72E,206N,40K,175H,173I,219R,220N,221P,216E,223K
model.000.04.pdb,model.000.14.pdb,3Q,2Q,225N,227D,226D
model.000.04.pdb,model.000.15.pdb,217N,207H,176S,3Q,174N,2Q,224L,209G,222Y,171T,218Y,4L,208E,227D,226D,206N,40K,175H,225N,173I,219R,220N,221P,216E,223K
model.000.04.pdb,model.000.16.pdb,71K,217N,222Y,74D,73D,215T,218Y,75Y,208E,219R,220N,221P,216E,40K,85K,72E,209G,206N
model.000.04.pdb,model.000.17.pdb,No common_epitopes
model.000.04.pdb,model.000.18.pdb,No common_epitopes
model.000.04.pdb,model.000.19.pdb,217N,174N,176S,3Q,2Q,207H,215T,224L,5S,6P,209G,222Y,171T,218Y,4L,208E,227D,226D,71K,40K,206N,175H,225N,173I,219R,220N,221P,216E,223K
model.000.04.pdb,model.000.20.pdb,71K,74D,70G,73D,215T,75Y,216E,85K,72E,40K
model.000.04.pdb,model.000.21.pdb,No common_epitopes
model.000.04.pdb,model.000.22.pdb,No common_epitopes
model.000.04.pdb,model.000.23.pdb,No common_epitopes
model.000.04.pdb,model.000.24.pdb,225N,227D,224L,223K,226D
model.000.04.pdb,model.000.25.pdb,No common_epitopes
model.000.04.pdb,model.000.26.pdb,217N,74D,207H,8N,215T,80L,224L,5S,85K,209G,69W,222Y,171T,218Y,75Y,4L,208E,226D,71K,72E,40K,206N,225N,175H,173I,219R,220N,221P,216E,223K
model.000.04.pdb,model.000.27.pdb,No common_epitopes
model.000.04.pdb,model.000.28.pdb,74D,207H,8N,215T,80L,224L,76G,85K,209G,222Y,218Y,75Y,7I,4L,208E,71K,72E,40K,206N,73D,175H,219R,220N,221P,216E,223K
model.000.04.pdb,model.000.29.pdb,No common_epitopes
model.000.05.pdb,model.000.00.pdb,No common_epitopes
model.000.05.pdb,model.000.01.pdb,No common_epitopes
model.000.05.pdb,model.000.02.pdb,53G,98K,59E
model.000.05.pdb,model.000.03.pdb,No common_epitopes
model.000.05.pdb,model.000.04.pdb,95W,53G,97K,52S,59E,98K
model.000.05.pdb,model.000.05.pdb,151S,152V,150D,132K
model.000.05.pdb,model.000.06.pdb,129Y,156D,150D,151S,27Y,26H,152V,154Y,153F,31K,157N,28N,24D,23L,25I,29E,132K
model.000.05.pdb,model.000.07.pdb,No common_epitopes
model.000.05.pdb,model.000.08.pdb,No common_epitopes
model.000.05.pdb,model.000.09.pdb,129Y,156D,151S,27Y,26H,152V,52S,153F,25I,50Y,157N,28N,24D,31K,23L,154Y,29E,132K
model.000.05.pdb,model.000.10.pdb,No common_epitopes
model.000.05.pdb,model.000.11.pdb,No common_epitopes
model.000.05.pdb,model.000.12.pdb,129Y,150D,151S,152V,153F,157N,31K,154Y,132K
model.000.05.pdb,model.000.13.pdb,No common_epitopes
model.000.05.pdb,model.000.14.pdb,98K,60Y
model.000.05.pdb,model.000.15.pdb,No common_epitopes
model.000.05.pdb,model.000.16.pdb,No common_epitopes
model.000.05.pdb,model.000.17.pdb,151S,150D,152V,31K,33T,154Y,132K
model.000.05.pdb,model.000.18.pdb,95W,26H,32P,97K,59E,46F,49G,50Y,48G,61V,33T,98K,29E,47K
model.000.05.pdb,model.000.19.pdb,No common_epitopes
model.000.05.pdb,model.000.20.pdb,No common_epitopes
model.000.05.pdb,model.000.21.pdb,129Y,156D,27Y,53G,26H,98K,59E,52S,30S,157N,50Y,28N,24D,23L,25I,29E
model.000.05.pdb,model.000.22.pdb,60Y,26H,53G,97K,59E,51I,52S,50Y,24D,98K,25I,29E
model.000.05.pdb,model.000.23.pdb,129Y,156D,150D,151S,152V,31K,157N,28N,154Y,132K
model.000.05.pdb,model.000.24.pdb,No common_epitopes
model.000.05.pdb,model.000.25.pdb,95W,97K,59E,46F,49G,48G,50Y,61V,98K,29E,47K
model.000.05.pdb,model.000.26.pdb,No common_epitopes
model.000.05.pdb,model.000.27.pdb,129Y,32P,26H,59E,48G,50Y,25I,154Y,47K,132K,53G,97K,30S,28N,156D,150D,49G,153F,33T,29E,151S,27Y,152V,52S,31K,157N,61V
model.000.05.pdb,model.000.28.pdb,No common_epitopes
model.000.05.pdb,model.000.29.pdb,129Y,156D,27Y,26H,52S,157N,50Y,28N,24D,23L,25I,29E,47K
model.000.06.pdb,model.000.00.pdb,217N,207H,174N,8N,215T,80L,224L,85K,209G,222Y,171T,218Y,4L,208E,72E,71K,206N,40K,175H,225N,219R,220N,221P,216E,223K
model.000.06.pdb,model.000.01.pdb,217N,174N,207H,3Q,2Q,178D,1P,215T,224L,6P,85K,209G,222Y,171T,218Y,4L,208E,227D,226D,72E,71K,40K,206N,175H,225N,173I,219R,220N,221P,216E,228T,223K
model.000.06.pdb,model.000.02.pdb,3Q,2Q,225N,227D,228T,226D,1P
model.000.06.pdb,model.000.03.pdb,217N,174N,176S,207H,2Q,178D,6P,85K,68Y,209G,222Y,218Y,4L,208E,71K,72E,206N,40K,175H,173I,219R,220N,221P,216E,223K
model.000.06.pdb,model.000.04.pdb,No common_epitopes
model.000.06.pdb,model.000.05.pdb,No common_epitopes
model.000.06.pdb,model.000.06.pdb,No common_epitopes
model.000.06.pdb,model.000.07.pdb,217N,207H,176S,3Q,2Q,174N,178D,1P,172T,209G,222Y,171T,218Y,4L,208E,226D,40K,206N,175H,225N,173I,219R,220N,221P,223K
model.000.06.pdb,model.000.08.pdb,217N,207H,176S,174N,215T,209G,222Y,171T,218Y,4L,208E,72E,71K,40K,206N,175H,173I,219R,220N,221P,216E,223K
model.000.06.pdb,model.000.09.pdb,No common_epitopes
model.000.06.pdb,model.000.10.pdb,71K,222Y,215T,207H,218Y,208E,219R,220N,221P,216E,85K,72E,209G,206N,40K
model.000.06.pdb,model.000.11.pdb,217N,174N,207H,8N,215T,80L,224L,6P,85K,209G,222Y,218Y,4L,208E,226D,71K,72E,206N,40K,175H,225N,173I,219R,220N,221P,216E,223K
model.000.06.pdb,model.000.12.pdb,No common_epitopes
model.000.06.pdb,model.000.13.pdb,217N,207H,176S,174N,172T,215T,224L,85K,209G,222Y,218Y,208E,71K,72E,206N,40K,175H,173I,219R,220N,221P,216E,223K
model.000.06.pdb,model.000.14.pdb,3Q,2Q,225N,227D,178D,228T,226D,1P
model.000.06.pdb,model.000.15.pdb,217N,174N,176S,3Q,207H,2Q,1P,224L,68Y,209G,222Y,171T,218Y,4L,208E,227D,226D,206N,40K,175H,225N,173I,219R,220N,221P,216E,228T,223K
model.000.06.pdb,model.000.16.pdb,71K,217N,222Y,215T,218Y,208E,219R,220N,221P,216E,40K,85K,72E,209G,206N
model.000.06.pdb,model.000.17.pdb,No common_epitopes
model.000.06.pdb,model.000.18.pdb,No common_epitopes
model.000.06.pdb,model.000.19.pdb,217N,174N,176S,3Q,207H,2Q,178D,1P,215T,224L,6P,209G,222Y,171T,218Y,4L,208E,227D,226D,71K,40K,206N,175H,225N,173I,219R,220N,221P,216E,228T,223K
model.000.06.pdb,model.000.20.pdb,215T,72E,216E,85K,71K,40K
model.000.06.pdb,model.000.21.pdb,No common_epitopes
model.000.06.pdb,model.000.22.pdb,No common_epitopes
model.000.06.pdb,model.000.23.pdb,No common_epitopes
model.000.06.pdb,model.000.24.pdb,225N,227D,224L,228T,223K,226D,1P
model.000.06.pdb,model.000.25.pdb,No common_epitopes
model.000.06.pdb,model.000.26.pdb,217N,207H,8N,215T,80L,224L,85K,209G,222Y,171T,218Y,4L,208E,226D,71K,72E,206N,40K,175H,225N,173I,219R,220N,221P,216E,223K
model.000.06.pdb,model.000.27.pdb,No common_epitopes
model.000.06.pdb,model.000.28.pdb,207H,8N,215T,80L,224L,85K,209G,222Y,218Y,7I,4L,208E,71K,72E,40K,206N,175H,219R,220N,221P,216E,223K
model.000.06.pdb,model.000.29.pdb,No common_epitopes
model.000.07.pdb,model.000.00.pdb,No common_epitopes
model.000.07.pdb,model.000.01.pdb,2Q,227D,177A,178D,1P
model.000.07.pdb,model.000.02.pdb,169L,2Q,57P,59E,111D,110D,1P,55F,53G,227D,99K,19R,21K,96N,56L,58N,229E,18A,54G,98K
model.000.07.pdb,model.000.03.pdb,108K,2Q,177A,178D
model.000.07.pdb,model.000.04.pdb,108K,57P,59E,111D,110D,55F,53G,97K,109H,99K,19R,21K,96N,56L,58N,229E,52S,54G,98K,100Y
model.000.07.pdb,model.000.05.pdb,No common_epitopes
model.000.07.pdb,model.000.06.pdb,24D
model.000.07.pdb,model.000.07.pdb,108K,2Q,109H,177A,178D,110D,1P
model.000.07.pdb,model.000.08.pdb,177A
model.000.07.pdb,model.000.09.pdb,24D,50Y,52S
model.000.07.pdb,model.000.10.pdb,No common_epitopes
model.000.07.pdb,model.000.11.pdb,No common_epitopes
model.000.07.pdb,model.000.12.pdb,No common_epitopes
model.000.07.pdb,model.000.13.pdb,No common_epitopes
model.000.07.pdb,model.000.14.pdb,108K,60Y,169L,2Q,57P,178D,111D,110D,1P,112G,180V,109H,227D,99K,19R,96N,229E,58N,98K,100Y
model.000.07.pdb,model.000.15.pdb,1P,2Q,227D,177A
model.000.07.pdb,model.000.16.pdb,No common_epitopes
model.000.07.pdb,model.000.17.pdb,No common_epitopes
model.000.07.pdb,model.000.18.pdb,98K,96N,97K,59E,99K,50Y,108K,100Y
model.000.07.pdb,model.000.19.pdb,2Q,227D,177A,178D,1P
model.000.07.pdb,model.000.20.pdb,No common_epitopes
model.000.07.pdb,model.000.21.pdb,55F,53G,56L,57P,58N,59E,52S,19R,54G,18A,50Y,24D,98K,21K
model.000.07.pdb,model.000.22.pdb,60Y,57P,59E,111D,110D,50Y,55F,53G,97K,51I,99K,19R,24D,21K,96N,56L,229E,58N,52S,18A,54G,98K,100Y
model.000.07.pdb,model.000.23.pdb,No common_epitopes
model.000.07.pdb,model.000.24.pdb,55F,227D,229E,19R,18A,54G,1P,21K
model.000.07.pdb,model.000.25.pdb,98K,96N,109H,97K,57P,59E,58N,99K,50Y,108K,100Y
model.000.07.pdb,model.000.26.pdb,No common_epitopes
model.000.07.pdb,model.000.27.pdb,53G,97K,52S,59E,50Y
model.000.07.pdb,model.000.28.pdb,No common_epitopes
model.000.07.pdb,model.000.29.pdb,52S,54G,50Y,24D,21K
model.000.08.pdb,model.000.00.pdb,217N,205S,207H,174N,224L,204L,209G,222Y,171T,218Y,4L,208E,206N,40K,78N,175H,225N,219R,220N,221P,223K
model.000.08.pdb,model.000.01.pdb,217N,205S,174N,207H,3Q,2Q,178D,1P,224L,177A,5S,6P,204L,209G,222Y,171T,218Y,4L,208E,227D,226D,40K,206N,175H,225N,173I,219R,220N,221P,228T,223K
model.000.08.pdb,model.000.02.pdb,3Q,2Q,225N,227D,110D,228T,226D,1P
model.000.08.pdb,model.000.03.pdb,217N,205S,207H,176S,174N,107K,2Q,178D,210K,104E,41L,177A,38T,5S,6P,204L,68Y,209G,222Y,218Y,4L,208E,206N,40K,78N,175H,173I,219R,220N,221P,223K,108K
model.000.08.pdb,model.000.04.pdb,108K,109H,110D
model.000.08.pdb,model.000.05.pdb,210K
model.000.08.pdb,model.000.06.pdb,No common_epitopes
model.000.08.pdb,model.000.07.pdb,217N,205S,207H,176S,3Q,2Q,174N,107K,178D,110D,1P,172T,177A,5S,204L,209G,222Y,171T,218Y,4L,208E,109H,226D,206N,40K,175H,225N,173I,219R,220N,221P,223K,108K
model.000.08.pdb,model.000.08.pdb,217N,205S,207H,176S,174N,107K,210K,177A,5S,204L,209G,222Y,171T,218Y,4L,208E,40K,206N,175H,173I,219R,220N,221P,223K
model.000.08.pdb,model.000.09.pdb,No common_epitopes
model.000.08.pdb,model.000.10.pdb,222Y,205S,207H,218Y,208E,219R,210K,220N,221P,204L,209G,206N,40K
model.000.08.pdb,model.000.11.pdb,217N,205S,174N,207H,224L,6P,204L,209G,222Y,218Y,4L,208E,226D,40K,206N,175H,225N,173I,219R,220N,221P,223K
model.000.08.pdb,model.000.12.pdb,No common_epitopes
model.000.08.pdb,model.000.13.pdb,217N,205S,207H,176S,174N,210K,172T,224L,204L,209G,222Y,218Y,208E,206N,40K,175H,173I,219R,220N,221P,223K
model.000.08.pdb,model.000.14.pdb,3Q,2Q,109H,227D,178D,225N,110D,228T,226D,108K,1P
model.000.08.pdb,model.000.15.pdb,217N,107K,207H,176S,174N,205S,3Q,2Q,210K,1P,41L,177A,224L,204L,68Y,209G,222Y,171T,218Y,4L,208E,227D,226D,40K,206N,175H,225N,173I,219R,220N,221P,228T,223K
model.000.08.pdb,model.000.16.pdb,217N,222Y,218Y,208E,219R,210K,220N,221P,40K,209G,206N
model.000.08.pdb,model.000.17.pdb,No common_epitopes
model.000.08.pdb,model.000.18.pdb,108K,104E
model.000.08.pdb,model.000.19.pdb,217N,107K,174N,176S,3Q,2Q,207H,205S,178D,210K,1P,177A,224L,5S,6P,209G,222Y,171T,218Y,4L,208E,227D,226D,40K,206N,175H,225N,173I,219R,220N,221P,228T,223K
model.000.08.pdb,model.000.20.pdb,40K
model.000.08.pdb,model.000.21.pdb,No common_epitopes
model.000.08.pdb,model.000.22.pdb,110D
model.000.08.pdb,model.000.23.pdb,No common_epitopes
model.000.08.pdb,model.000.24.pdb,225N,227D,224L,228T,223K,226D,1P
model.000.08.pdb,model.000.25.pdb,108K,104E,109H
model.000.08.pdb,model.000.26.pdb,217N,205S,207H,210K,224L,5S,204L,209G,222Y,171T,218Y,4L,208E,226D,206N,40K,225N,175H,173I,219R,220N,221P,223K
model.000.08.pdb,model.000.27.pdb,No common_epitopes
model.000.08.pdb,model.000.28.pdb,222Y,218Y,207H,7I,4L,208E,175H,224L,219R,220N,221P,204L,40K,223K,209G,206N
model.000.08.pdb,model.000.29.pdb,No common_epitopes
model.000.09.pdb,model.000.00.pdb,171T,4L,175H,225N,224L,223K
model.000.09.pdb,model.000.01.pdb,171T,3Q,2Q,4L,224L,178D,177A,170G,227D,175H,225N,228T,223K,226D,1P
model.000.09.pdb,model.000.02.pdb,169L,2Q,3Q,57P,111D,110D,1P,55F,231Y,227D,99K,19R,226D,225N,96N,56L,229E,58N,228T,98K,230V
model.000.09.pdb,model.000.03.pdb,107K,4L,2Q,175H,102S,178D,177A,105E,223K,108K
model.000.09.pdb,model.000.04.pdb,55F,101S,98K,96N,109H,57P,102S,56L,111D,99K,110D,19R,105E,58N,229E,108K,100Y
model.000.09.pdb,model.000.05.pdb,No common_epitopes
model.000.09.pdb,model.000.06.pdb,No common_epitopes
model.000.09.pdb,model.000.07.pdb,171T,108K,107K,3Q,2Q,4L,177A,178D,109H,175H,225N,110D,223K,226D,1P
model.000.09.pdb,model.000.08.pdb,171T,107K,4L,175H,177A,223K
model.000.09.pdb,model.000.09.pdb,No common_epitopes
model.000.09.pdb,model.000.10.pdb,No common_epitopes
model.000.09.pdb,model.000.11.pdb,4L,175H,225N,224L,223K,226D
model.000.09.pdb,model.000.12.pdb,No common_epitopes
model.000.09.pdb,model.000.13.pdb,175H,224L,223K
model.000.09.pdb,model.000.14.pdb,60Y,3Q,2Q,169L,57P,178D,111D,110D,1P,100Y,112G,231Y,180V,101S,170G,109H,227D,99K,105E,19R,226D,225N,96N,98K,229E,58N,228T,108K,230V
model.000.09.pdb,model.000.15.pdb,171T,107K,3Q,2Q,4L,177A,224L,227D,175H,225N,228T,223K,226D,1P
model.000.09.pdb,model.000.16.pdb,No common_epitopes
model.000.09.pdb,model.000.17.pdb,No common_epitopes
model.000.09.pdb,model.000.18.pdb,101S,98K,96N,102S,99K,105E,108K,100Y
model.000.09.pdb,model.000.19.pdb,171T,107K,3Q,2Q,4L,177A,178D,224L,227D,175H,225N,228T,223K,226D,1P
model.000.09.pdb,model.000.20.pdb,No common_epitopes
model.000.09.pdb,model.000.21.pdb,55F,20L,56L,57P,58N,19R,98K
model.000.09.pdb,model.000.22.pdb,55F,60Y,96N,56L,57P,58N,229E,111D,99K,110D,19R,98K,100Y
model.000.09.pdb,model.000.23.pdb,No common_epitopes
model.000.09.pdb,model.000.24.pdb,55F,225N,227D,224L,229E,19R,228T,223K,226D,1P,230V,231Y
model.000.09.pdb,model.000.25.pdb,101S,98K,96N,109H,102S,57P,58N,99K,105E,108K,100Y
model.000.09.pdb,model.000.26.pdb,171T,4L,225N,175H,224L,223K,226D
model.000.09.pdb,model.000.27.pdb,No common_epitopes
model.000.09.pdb,model.000.28.pdb,4L,175H,224L,223K
model.000.09.pdb,model.000.29.pdb,No common_epitopes
model.000.10.pdb,model.000.00.pdb,No common_epitopes
model.000.10.pdb,model.000.01.pdb,No common_epitopes
model.000.10.pdb,model.000.02.pdb,17N,18A,21K
model.000.10.pdb,model.000.03.pdb,No common_epitopes
model.000.10.pdb,model.000.04.pdb,21K
model.000.10.pdb,model.000.05.pdb,No common_epitopes
model.000.10.pdb,model.000.06.pdb,129Y,156D,188I,128V,26H,160P,127N,125H,159L,157N,161S,158L,24D,23L,25I,163L,124D
model.000.10.pdb,model.000.07.pdb,No common_epitopes
model.000.10.pdb,model.000.08.pdb,No common_epitopes
model.000.10.pdb,model.000.09.pdb,129Y,188I,26H,162K,25I,163L,164D,161S,23L,160P,156D,22P,128V,125H,189N,24D,127N,159L,157N
model.000.10.pdb,model.000.10.pdb,No common_epitopes
model.000.10.pdb,model.000.11.pdb,No common_epitopes
model.000.10.pdb,model.000.12.pdb,127N,129Y,128V,157N
model.000.10.pdb,model.000.13.pdb,No common_epitopes
model.000.10.pdb,model.000.14.pdb,17N
model.000.10.pdb,model.000.15.pdb,No common_epitopes
model.000.10.pdb,model.000.16.pdb,123L,121Q,124D
model.000.10.pdb,model.000.17.pdb,No common_epitopes
model.000.10.pdb,model.000.18.pdb,26H
model.000.10.pdb,model.000.19.pdb,No common_epitopes
model.000.10.pdb,model.000.20.pdb,121Q,187P,123L,86Y,124D
model.000.10.pdb,model.000.21.pdb,129Y,26H,162K,233S,232Y,25I,163L,164D,20L,161S,23L,160P,17N,22P,156D,24D,21K,159L,16S,157N,18A
model.000.10.pdb,model.000.22.pdb,26H,18A,24D,25I,21K
model.000.10.pdb,model.000.23.pdb,129Y,156D,188I,128V,187P,127N,162K,125H,159L,186T,157N,189N,161S,158L,123L,160P,163L,124D
model.000.10.pdb,model.000.24.pdb,17N,11T,233S,16S,18A,21K
model.000.10.pdb,model.000.25.pdb,No common_epitopes
model.000.10.pdb,model.000.26.pdb,No common_epitopes
model.000.10.pdb,model.000.27.pdb,129Y,156D,26H,157N,25I
model.000.10.pdb,model.000.28.pdb,No common_epitopes
model.000.10.pdb,model.000.29.pdb,129Y,188I,187P,26H,162K,232Y,123L,25I,163L,164D,161S,23L,160P,124D,156D,128V,22P,125H,189N,24D,21K,127N,159L,186T,157N,158L
model.000.11.pdb,model.000.00.pdb,171T,205S,174N,175H,219R,204L
model.000.11.pdb,model.000.01.pdb,171T,205S,174N,175H,2Q,177A,178D,219R,204L
model.000.11.pdb,model.000.02.pdb,110D,2Q
model.000.11.pdb,model.000.03.pdb,107K,174N,176S,205S,2Q,178D,36Q,104E,144N,102S,177A,38T,204L,143A,105E,103Y,66H,211P,175H,43R,219R,108K
model.000.11.pdb,model.000.04.pdb,101S,109H,102S,110D,105E,108K,100Y
model.000.11.pdb,model.000.05.pdb,146S,211P,35I,147A
model.000.11.pdb,model.000.06.pdb,No common_epitopes
model.000.11.pdb,model.000.07.pdb,172T,171T,107K,176S,174N,205S,2Q,109H,177A,178D,175H,219R,110D,204L,108K
model.000.11.pdb,model.000.08.pdb,171T,107K,174N,176S,205S,175H,177A,219R,204L,211P
model.000.11.pdb,model.000.09.pdb,No common_epitopes
model.000.11.pdb,model.000.10.pdb,219R,211P,204L,205S
model.000.11.pdb,model.000.11.pdb,205S,174N,175H,219R,204L
model.000.11.pdb,model.000.12.pdb,146S,35I,147A
model.000.11.pdb,model.000.13.pdb,172T,205S,174N,176S,175H,219R,204L,211P
model.000.11.pdb,model.000.14.pdb,101S,2Q,109H,178D,110D,105E,108K,100Y
model.000.11.pdb,model.000.15.pdb,171T,205S,174N,176S,107K,2Q,175H,177A,219R,204L,211P
model.000.11.pdb,model.000.16.pdb,219R
model.000.11.pdb,model.000.17.pdb,34T,147A,146S,35I,33T,145T
model.000.11.pdb,model.000.18.pdb,101S,147A,34T,63S,43R,102S,35I,46F,64S,105E,45N,103Y,33T,108K,104E,100Y
model.000.11.pdb,model.000.19.pdb,171T,205S,174N,176S,107K,2Q,175H,177A,178D,219R
model.000.11.pdb,model.000.20.pdb,No common_epitopes
model.000.11.pdb,model.000.21.pdb,No common_epitopes
model.000.11.pdb,model.000.22.pdb,110D,100Y
model.000.11.pdb,model.000.23.pdb,No common_epitopes
model.000.11.pdb,model.000.24.pdb,No common_epitopes
model.000.11.pdb,model.000.25.pdb,101S,63S,109H,102S,46F,105E,103Y,108K,104E,100Y
model.000.11.pdb,model.000.26.pdb,171T,205S,175H,219R,204L,211P
model.000.11.pdb,model.000.27.pdb,33T
model.000.11.pdb,model.000.28.pdb,175H,219R,204L
model.000.11.pdb,model.000.29.pdb,No common_epitopes
model.000.12.pdb,model.000.00.pdb,175H
model.000.12.pdb,model.000.01.pdb,3Q,2Q,175H,177A,178D,227D,228T,226D,1P
model.000.12.pdb,model.000.02.pdb,169L,2Q,3Q,57P,111D,110D,1P,55F,231Y,17N,227D,99K,19R,226D,21K,96N,56L,58N,229E,18A,228T,54G,98K,230V
model.000.12.pdb,model.000.03.pdb,107K,176S,175H,2Q,102S,178D,177A,105E,108K
model.000.12.pdb,model.000.04.pdb,108K,57P,111D,110D,55F,97K,102S,101S,109H,99K,19R,105E,21K,96N,56L,229E,58N,54G,98K,100Y
model.000.12.pdb,model.000.05.pdb,No common_epitopes
model.000.12.pdb,model.000.06.pdb,No common_epitopes
model.000.12.pdb,model.000.07.pdb,108K,107K,176S,3Q,2Q,109H,177A,178D,175H,110D,226D,1P
model.000.12.pdb,model.000.08.pdb,176S,175H,177A,107K
model.000.12.pdb,model.000.09.pdb,No common_epitopes
model.000.12.pdb,model.000.10.pdb,No common_epitopes
model.000.12.pdb,model.000.11.pdb,175H,226D
model.000.12.pdb,model.000.12.pdb,No common_epitopes
model.000.12.pdb,model.000.13.pdb,176S,175H
model.000.12.pdb,model.000.14.pdb,60Y,3Q,2Q,169L,57P,178D,111D,110D,1P,100Y,112G,231Y,17N,180V,101S,109H,227D,99K,105E,19R,226D,98K,96N,229E,58N,228T,108K,230V
model.000.12.pdb,model.000.15.pdb,107K,176S,3Q,2Q,175H,177A,227D,228T,226D,1P
model.000.12.pdb,model.000.16.pdb,No common_epitopes
model.000.12.pdb,model.000.17.pdb,No common_epitopes
model.000.12.pdb,model.000.18.pdb,101S,98K,96N,102S,97K,99K,105E,108K,100Y
model.000.12.pdb,model.000.19.pdb,107K,176S,3Q,2Q,175H,177A,178D,227D,228T,226D,1P
model.000.12.pdb,model.000.20.pdb,No common_epitopes
model.000.12.pdb,model.000.21.pdb,17N,55F,20L,56L,57P,58N,19R,18A,54G,98K,21K
model.000.12.pdb,model.000.22.pdb,55F,60Y,96N,56L,57P,97K,58N,111D,99K,110D,19R,229E,18A,54G,98K,21K,100Y
model.000.12.pdb,model.000.23.pdb,No common_epitopes
model.000.12.pdb,model.000.24.pdb,17N,55F,227D,229E,19R,18A,228T,226D,54G,1P,21K,230V,231Y
model.000.12.pdb,model.000.25.pdb,101S,98K,96N,109H,102S,57P,97K,58N,99K,105E,108K,100Y
model.000.12.pdb,model.000.26.pdb,175H,226D
model.000.12.pdb,model.000.27.pdb,97K
model.000.12.pdb,model.000.28.pdb,175H
model.000.12.pdb,model.000.29.pdb,54G,21K
model.000.13.pdb,model.000.00.pdb,83V,10E,85K
model.000.13.pdb,model.000.01.pdb,85K
model.000.13.pdb,model.000.02.pdb,No common_epitopes
model.000.13.pdb,model.000.03.pdb,85K
model.000.13.pdb,model.000.04.pdb,No common_epitopes
model.000.13.pdb,model.000.05.pdb,193D,126K,192S,191H
model.000.13.pdb,model.000.06.pdb,129Y,126K,188I,156D,128V,127N,125H,159L,157N,161S,158L,160P,124D
model.000.13.pdb,model.000.07.pdb,No common_epitopes
model.000.13.pdb,model.000.08.pdb,No common_epitopes
model.000.13.pdb,model.000.09.pdb,164D,129Y,156D,188I,128V,127N,162K,125H,159L,157N,189N,161S,160P
model.000.13.pdb,model.000.10.pdb,83V,85K
model.000.13.pdb,model.000.11.pdb,82D,83V,84Y,85K,12K,10E
model.000.13.pdb,model.000.12.pdb,129Y,126K,128V,127N,193D,157N
model.000.13.pdb,model.000.13.pdb,85K
model.000.13.pdb,model.000.14.pdb,No common_epitopes
model.000.13.pdb,model.000.15.pdb,No common_epitopes
model.000.13.pdb,model.000.16.pdb,121Q,122V,192S,191H,193D,84Y,85K,123L,124D
model.000.13.pdb,model.000.17.pdb,193D,126K
model.000.13.pdb,model.000.18.pdb,No common_epitopes
model.000.13.pdb,model.000.19.pdb,No common_epitopes
model.000.13.pdb,model.000.20.pdb,82D,190I,121Q,187P,83V,122V,192S,191H,193D,84Y,85K,123L,86Y,124D
model.000.13.pdb,model.000.21.pdb,164D,129Y,156D,162K,159L,157N,161S,232Y,160P
model.000.13.pdb,model.000.22.pdb,No common_epitopes
model.000.13.pdb,model.000.23.pdb,129Y,126K,188I,187P,162K,123L,190I,161S,160P,124D,156D,128V,125H,189N,127N,159L,186T,157N,158L
model.000.13.pdb,model.000.24.pdb,11T,12K,10E
model.000.13.pdb,model.000.25.pdb,No common_epitopes
model.000.13.pdb,model.000.26.pdb,83V,10E,85K
model.000.13.pdb,model.000.27.pdb,129Y,157N,156D
model.000.13.pdb,model.000.28.pdb,83V,12K,10E,85K
model.000.13.pdb,model.000.29.pdb,129Y,126K,188I,187P,162K,130F,232Y,123L,164D,161S,160P,124D,156D,128V,125H,189N,127N,159L,186T,157N,158L
model.000.14.pdb,model.000.00.pdb,205S,207H,174N,175H,208E,204L,206N
model.000.14.pdb,model.000.01.pdb,205S,174N,207H,175H,208E,173I,212H,204L,206N
model.000.14.pdb,model.000.02.pdb,No common_epitopes
model.000.14.pdb,model.000.03.pdb,107K,174N,207H,176S,205S,36Q,104E,41L,144N,102S,38T,212H,204L,68Y,143A,208E,105E,203S,103Y,66H,211P,206N,175H,43R,173I,108K
model.000.14.pdb,model.000.04.pdb,95W,101S,109H,102S,105E,108K
model.000.14.pdb,model.000.05.pdb,147A,202L,146S,35I,142S,211P
model.000.14.pdb,model.000.06.pdb,31K
model.000.14.pdb,model.000.07.pdb,172T,107K,207H,174N,176S,205S,208E,109H,175H,173I,204L,108K,206N
model.000.14.pdb,model.000.08.pdb,107K,207H,174N,176S,205S,208E,175H,173I,212H,204L,203S,211P,206N
model.000.14.pdb,model.000.09.pdb,31K
model.000.14.pdb,model.000.10.pdb,205S,207H,208E,212H,204L,203S,211P,206N
model.000.14.pdb,model.000.11.pdb,205S,174N,207H,175H,208E,173I,204L,203S,206N
model.000.14.pdb,model.000.12.pdb,31K,146S,35I,147A
model.000.14.pdb,model.000.13.pdb,172T,205S,207H,174N,176S,208E,175H,173I,212H,204L,203S,211P,206N
model.000.14.pdb,model.000.14.pdb,105E,108K,109H,101S
model.000.14.pdb,model.000.15.pdb,41L,205S,207H,174N,176S,107K,208E,202L,175H,173I,212H,204L,203S,68Y,211P,206N
model.000.14.pdb,model.000.16.pdb,208E,212H,206N,203S
model.000.14.pdb,model.000.17.pdb,34T,147A,202L,146S,35I,31K,142S,33T,145T
model.000.14.pdb,model.000.18.pdb,95W,101S,147A,34T,63S,43R,102S,35I,46F,64S,105E,45N,48G,103Y,33T,108K,104E,47K
model.000.14.pdb,model.000.19.pdb,205S,174N,207H,176S,107K,208E,175H,173I,212H,203S,206N
model.000.14.pdb,model.000.20.pdb,No common_epitopes
model.000.14.pdb,model.000.21.pdb,No common_epitopes
model.000.14.pdb,model.000.22.pdb,No common_epitopes
model.000.14.pdb,model.000.23.pdb,31K
model.000.14.pdb,model.000.24.pdb,No common_epitopes
model.000.14.pdb,model.000.25.pdb,95W,101S,63S,109H,102S,46F,105E,48G,103Y,108K,104E,47K
model.000.14.pdb,model.000.26.pdb,205S,207H,175H,208E,173I,212H,204L,203S,211P,206N
model.000.14.pdb,model.000.27.pdb,33T,31K,48G,47K
model.000.14.pdb,model.000.28.pdb,207H,175H,208E,212H,204L,206N
model.000.14.pdb,model.000.29.pdb,47K
model.000.15.pdb,model.000.00.pdb,No common_epitopes
model.000.15.pdb,model.000.01.pdb,No common_epitopes
model.000.15.pdb,model.000.02.pdb,55F,53G,56L,57P,58N,59E,19R,18A,54G,98K,21K
model.000.15.pdb,model.000.03.pdb,No common_epitopes
model.000.15.pdb,model.000.04.pdb,55F,53G,56L,97K,57P,59E,58N,19R,52S,54G,98K,21K
model.000.15.pdb,model.000.05.pdb,No common_epitopes
model.000.15.pdb,model.000.06.pdb,129Y,156D,27Y,155L,26H,159L,29E,25I,31K,157N,28N,24D,23L,154Y,163L
model.000.15.pdb,model.000.07.pdb,No common_epitopes
model.000.15.pdb,model.000.08.pdb,No common_epitopes
model.000.15.pdb,model.000.09.pdb,129Y,26H,162K,50Y,154Y,25I,163L,164D,28N,23L,156D,22P,24D,29E,27Y,159L,52S,157N,31K
model.000.15.pdb,model.000.10.pdb,No common_epitopes
model.000.15.pdb,model.000.11.pdb,No common_epitopes
model.000.15.pdb,model.000.12.pdb,129Y,154Y,157N,31K
model.000.15.pdb,model.000.13.pdb,No common_epitopes
model.000.15.pdb,model.000.14.pdb,19R,98K,58N,57P
model.000.15.pdb,model.000.15.pdb,No common_epitopes
model.000.15.pdb,model.000.16.pdb,No common_epitopes
model.000.15.pdb,model.000.17.pdb,154Y,31K
model.000.15.pdb,model.000.18.pdb,26H,97K,59E,49G,50Y,48G,98K,29E,47K
model.000.15.pdb,model.000.19.pdb,No common_epitopes
model.000.15.pdb,model.000.20.pdb,No common_epitopes
model.000.15.pdb,model.000.21.pdb,129Y,26H,162K,57P,59E,50Y,25I,163L,164D,55F,53G,30S,28N,23L,22P,156D,19R,24D,29E,21K,27Y,56L,58N,159L,52S,157N,18A,54G,98K
model.000.15.pdb,model.000.22.pdb,55F,53G,26H,56L,57P,97K,59E,58N,19R,52S,54G,18A,50Y,24D,98K,25I,29E,21K
model.000.15.pdb,model.000.23.pdb,129Y,156D,155L,162K,159L,31K,157N,28N,154Y,163L
model.000.15.pdb,model.000.24.pdb,55F,19R,18A,54G,21K
model.000.15.pdb,model.000.25.pdb,57P,97K,59E,58N,49G,50Y,48G,98K,29E,47K
model.000.15.pdb,model.000.26.pdb,No common_epitopes
model.000.15.pdb,model.000.27.pdb,129Y,155L,26H,59E,48G,50Y,25I,154Y,47K,53G,97K,30S,28N,156D,49G,29E,27Y,52S,31K,157N
model.000.15.pdb,model.000.28.pdb,No common_epitopes
model.000.15.pdb,model.000.29.pdb,129Y,26H,162K,50Y,25I,163L,47K,164D,28N,23L,156D,22P,24D,29E,21K,27Y,159L,52S,157N,54G
model.000.16.pdb,model.000.00.pdb,No common_epitopes
model.000.16.pdb,model.000.01.pdb,No common_epitopes
model.000.16.pdb,model.000.02.pdb,No common_epitopes
model.000.16.pdb,model.000.03.pdb,No common_epitopes
model.000.16.pdb,model.000.04.pdb,No common_epitopes
model.000.16.pdb,model.000.05.pdb,152V,151S,132K
model.000.16.pdb,model.000.06.pdb,129Y,188I,155L,26H,25I,154Y,163L,132K,161S,28N,23L,160P,156D,128V,125H,153F,24D,29E,151S,27Y,152V,127N,159L,31K,157N,158L
model.000.16.pdb,model.000.07.pdb,No common_epitopes
model.000.16.pdb,model.000.08.pdb,No common_epitopes
model.000.16.pdb,model.000.09.pdb,129Y,188I,26H,162K,154Y,25I,163L,132K,164D,161S,28N,23L,160P,156D,22P,128V,125H,153F,189N,24D,29E,151S,27Y,152V,127N,159L,157N,31K
model.000.16.pdb,model.000.10.pdb,No common_epitopes
model.000.16.pdb,model.000.11.pdb,No common_epitopes
model.000.16.pdb,model.000.12.pdb,129Y,128V,151S,127N,152V,153F,157N,31K,154Y,132K
model.000.16.pdb,model.000.13.pdb,No common_epitopes
model.000.16.pdb,model.000.14.pdb,No common_epitopes
model.000.16.pdb,model.000.15.pdb,No common_epitopes
model.000.16.pdb,model.000.16.pdb,121Q
model.000.16.pdb,model.000.17.pdb,151S,152V,31K,154Y,132K
model.000.16.pdb,model.000.18.pdb,26H,29E
model.000.16.pdb,model.000.19.pdb,No common_epitopes
model.000.16.pdb,model.000.20.pdb,190I,121Q,187P
model.000.16.pdb,model.000.21.pdb,164D,129Y,22P,156D,27Y,26H,162K,160P,159L,30S,29E,157N,161S,28N,24D,23L,25I,163L
model.000.16.pdb,model.000.22.pdb,26H,25I,29E,24D
model.000.16.pdb,model.000.23.pdb,129Y,188I,187P,155L,162K,154Y,163L,132K,190I,161S,28N,160P,156D,128V,125H,189N,151S,152V,127N,159L,186T,31K,157N,158L
model.000.16.pdb,model.000.24.pdb,No common_epitopes
model.000.16.pdb,model.000.25.pdb,29E
model.000.16.pdb,model.000.26.pdb,No common_epitopes
model.000.16.pdb,model.000.27.pdb,129Y,156D,151S,27Y,155L,26H,152V,154Y,30S,153F,31K,157N,28N,25I,29E,132K
model.000.16.pdb,model.000.28.pdb,No common_epitopes
model.000.16.pdb,model.000.29.pdb,129Y,188I,187P,26H,162K,130F,25I,163L,164D,161S,28N,23L,160P,156D,128V,22P,125H,189N,24D,29E,27Y,127N,159L,186T,157N,158L
model.000.17.pdb,model.000.00.pdb,No common_epitopes
model.000.17.pdb,model.000.01.pdb,No common_epitopes
model.000.17.pdb,model.000.02.pdb,54G,55F,21K,53G
model.000.17.pdb,model.000.03.pdb,No common_epitopes
model.000.17.pdb,model.000.04.pdb,54G,55F,21K,53G
model.000.17.pdb,model.000.05.pdb,131Q,126K
model.000.17.pdb,model.000.06.pdb,129Y,126K,188I,26H,25I,163L,161S,28N,23L,160P,124D,156D,128V,125H,24D,29E,131Q,27Y,127N,159L,157N,158L
model.000.17.pdb,model.000.07.pdb,No common_epitopes
model.000.17.pdb,model.000.08.pdb,No common_epitopes
model.000.17.pdb,model.000.09.pdb,129Y,188I,26H,162K,25I,163L,164D,161S,28N,23L,160P,156D,22P,128V,125H,189N,24D,29E,27Y,127N,159L,157N
model.000.17.pdb,model.000.10.pdb,No common_epitopes
model.000.17.pdb,model.000.11.pdb,No common_epitopes
model.000.17.pdb,model.000.12.pdb,131Q,129Y,126K,128V,127N,157N
model.000.17.pdb,model.000.13.pdb,No common_epitopes
model.000.17.pdb,model.000.14.pdb,No common_epitopes
model.000.17.pdb,model.000.15.pdb,No common_epitopes
model.000.17.pdb,model.000.16.pdb,123L,124D
model.000.17.pdb,model.000.17.pdb,131Q,126K
model.000.17.pdb,model.000.18.pdb,26H,29E
model.000.17.pdb,model.000.19.pdb,No common_epitopes
model.000.17.pdb,model.000.20.pdb,190I,187P,123L,86Y,124D
model.000.17.pdb,model.000.21.pdb,129Y,26H,162K,233S,232Y,25I,163L,164D,55F,53G,161S,28N,23L,160P,22P,156D,24D,29E,21K,27Y,159L,157N,54G
model.000.17.pdb,model.000.22.pdb,55F,53G,26H,54G,24D,25I,29E,21K
model.000.17.pdb,model.000.23.pdb,129Y,126K,188I,187P,162K,123L,163L,190I,161S,28N,160P,124D,156D,128V,125H,189N,127N,159L,186T,157N,158L
model.000.17.pdb,model.000.24.pdb,54G,55F,21K,233S
model.000.17.pdb,model.000.25.pdb,29E
model.000.17.pdb,model.000.26.pdb,No common_epitopes
model.000.17.pdb,model.000.27.pdb,129Y,156D,27Y,53G,26H,157N,28N,25I,29E
model.000.17.pdb,model.000.28.pdb,No common_epitopes
model.000.17.pdb,model.000.29.pdb,129Y,126K,188I,187P,26H,162K,130F,232Y,123L,25I,163L,164D,161S,28N,23L,160P,124D,156D,128V,22P,125H,189N,24D,29E,21K,27Y,127N,159L,186T,157N,158L,54G
model.000.18.pdb,model.000.00.pdb,No common_epitopes
model.000.18.pdb,model.000.01.pdb,No common_epitopes
model.000.18.pdb,model.000.02.pdb,21K
model.000.18.pdb,model.000.03.pdb,No common_epitopes
model.000.18.pdb,model.000.04.pdb,21K
model.000.18.pdb,model.000.05.pdb,126K,132K
model.000.18.pdb,model.000.06.pdb,129Y,126K,188I,155L,26H,25I,154Y,163L,132K,161S,28N,23L,160P,124D,156D,128V,125H,153F,24D,27Y,127N,159L,157N,158L
model.000.18.pdb,model.000.07.pdb,No common_epitopes
model.000.18.pdb,model.000.08.pdb,No common_epitopes
model.000.18.pdb,model.000.09.pdb,129Y,188I,26H,162K,154Y,25I,163L,132K,164D,161S,28N,23L,160P,156D,22P,128V,125H,153F,189N,24D,27Y,127N,159L,157N
model.000.18.pdb,model.000.10.pdb,No common_epitopes
model.000.18.pdb,model.000.11.pdb,No common_epitopes
model.000.18.pdb,model.000.12.pdb,129Y,126K,128V,127N,153F,157N,154Y,132K
model.000.18.pdb,model.000.13.pdb,No common_epitopes
model.000.18.pdb,model.000.14.pdb,No common_epitopes
model.000.18.pdb,model.000.15.pdb,No common_epitopes
model.000.18.pdb,model.000.16.pdb,123L,124D
model.000.18.pdb,model.000.17.pdb,126K,154Y,132K
model.000.18.pdb,model.000.18.pdb,26H
model.000.18.pdb,model.000.19.pdb,No common_epitopes
model.000.18.pdb,model.000.20.pdb,123L,124D,187P
model.000.18.pdb,model.000.21.pdb,129Y,26H,162K,233S,232Y,25I,163L,164D,20L,161S,28N,23L,160P,22P,156D,24D,21K,27Y,159L,16S,157N
model.000.18.pdb,model.000.22.pdb,26H,25I,21K,24D
model.000.18.pdb,model.000.23.pdb,129Y,126K,188I,187P,155L,162K,123L,154Y,163L,132K,161S,28N,160P,124D,156D,128V,125H,189N,127N,159L,186T,157N,158L
model.000.18.pdb,model.000.24.pdb,16S,21K,233S
model.000.18.pdb,model.000.25.pdb,No common_epitopes
model.000.18.pdb,model.000.26.pdb,No common_epitopes
model.000.18.pdb,model.000.27.pdb,129Y,156D,27Y,155L,26H,154Y,153F,157N,28N,25I,132K
model.000.18.pdb,model.000.28.pdb,No common_epitopes
model.000.18.pdb,model.000.29.pdb,129Y,126K,188I,187P,26H,162K,232Y,123L,25I,163L,164D,161S,28N,23L,160P,124D,156D,128V,22P,125H,189N,24D,21K,27Y,127N,159L,186T,157N,158L
model.000.19.pdb,model.000.00.pdb,171T,4L,175H,225N,223K,13K
model.000.19.pdb,model.000.01.pdb,171T,3Q,2Q,4L,177A,178D,170G,227D,175H,225N,228T,223K,226D,1P
model.000.19.pdb,model.000.02.pdb,169L,2Q,3Q,57P,111D,110D,1P,231Y,17N,227D,99K,19R,226D,15I,225N,96N,58N,229E,18A,228T,230V
model.000.19.pdb,model.000.03.pdb,107K,4L,2Q,175H,177A,178D,223K,108K
model.000.19.pdb,model.000.04.pdb,96N,109H,57P,58N,229E,111D,99K,110D,19R,108K,100Y
model.000.19.pdb,model.000.05.pdb,No common_epitopes
model.000.19.pdb,model.000.06.pdb,No common_epitopes
model.000.19.pdb,model.000.07.pdb,171T,108K,107K,3Q,2Q,4L,177A,178D,109H,175H,225N,110D,223K,226D,1P
model.000.19.pdb,model.000.08.pdb,171T,107K,4L,175H,177A,223K
model.000.19.pdb,model.000.09.pdb,No common_epitopes
model.000.19.pdb,model.000.10.pdb,No common_epitopes
model.000.19.pdb,model.000.11.pdb,4L,175H,225N,223K,226D,13K
model.000.19.pdb,model.000.12.pdb,No common_epitopes
model.000.19.pdb,model.000.13.pdb,175H,223K
model.000.19.pdb,model.000.14.pdb,3Q,2Q,169L,57P,178D,111D,110D,1P,100Y,112G,231Y,17N,180V,170G,109H,227D,99K,19R,226D,225N,96N,229E,58N,228T,108K,230V
model.000.19.pdb,model.000.15.pdb,171T,107K,3Q,2Q,4L,177A,227D,175H,225N,228T,223K,226D,1P
model.000.19.pdb,model.000.16.pdb,No common_epitopes
model.000.19.pdb,model.000.17.pdb,No common_epitopes
model.000.19.pdb,model.000.18.pdb,99K,108K,96N,100Y
model.000.19.pdb,model.000.19.pdb,171T,107K,3Q,2Q,4L,177A,178D,227D,175H,225N,228T,223K,226D,1P
model.000.19.pdb,model.000.20.pdb,No common_epitopes
model.000.19.pdb,model.000.21.pdb,17N,58N,57P,19R,16S,18A
model.000.19.pdb,model.000.22.pdb,96N,57P,58N,229E,111D,99K,110D,19R,18A,100Y
model.000.19.pdb,model.000.23.pdb,No common_epitopes
model.000.19.pdb,model.000.24.pdb,17N,15I,225N,227D,229E,19R,16S,18A,228T,223K,226D,1P,13K,230V,231Y
model.000.19.pdb,model.000.25.pdb,96N,109H,57P,58N,99K,108K,100Y
model.000.19.pdb,model.000.26.pdb,171T,4L,175H,225N,223K,226D,13K
model.000.19.pdb,model.000.27.pdb,No common_epitopes
model.000.19.pdb,model.000.28.pdb,4L,13K,175H,223K
model.000.19.pdb,model.000.29.pdb,No common_epitopes
model.000.20.pdb,model.000.00.pdb,No common_epitopes
model.000.20.pdb,model.000.01.pdb,No common_epitopes
model.000.20.pdb,model.000.02.pdb,No common_epitopes
model.000.20.pdb,model.000.03.pdb,No common_epitopes
model.000.20.pdb,model.000.04.pdb,No common_epitopes
model.000.20.pdb,model.000.05.pdb,151S,150D,149F,152V,136Q,148P
model.000.20.pdb,model.000.06.pdb,129Y,156D,150D,149F,155L,26H,27Y,151S,152V,136Q,153F,157N,31K,28N,154Y,29E
model.000.20.pdb,model.000.07.pdb,No common_epitopes
model.000.20.pdb,model.000.08.pdb,No common_epitopes
model.000.20.pdb,model.000.09.pdb,129Y,156D,27Y,151S,26H,152V,153F,157N,50Y,31K,28N,154Y,29E
model.000.20.pdb,model.000.10.pdb,No common_epitopes
model.000.20.pdb,model.000.11.pdb,No common_epitopes
model.000.20.pdb,model.000.12.pdb,129Y,150D,149F,151S,152V,136Q,153F,157N,31K,148P,154Y
model.000.20.pdb,model.000.13.pdb,No common_epitopes
model.000.20.pdb,model.000.14.pdb,No common_epitopes
model.000.20.pdb,model.000.15.pdb,No common_epitopes
model.000.20.pdb,model.000.16.pdb,No common_epitopes
model.000.20.pdb,model.000.17.pdb,150D,149F,151S,34T,152V,136Q,31K,148P,33T,154Y
model.000.20.pdb,model.000.18.pdb,149F,34T,26H,32P,46F,49G,45N,50Y,48G,148P,33T,29E,47K
model.000.20.pdb,model.000.19.pdb,No common_epitopes
model.000.20.pdb,model.000.20.pdb,No common_epitopes
model.000.20.pdb,model.000.21.pdb,129Y,156D,27Y,26H,30S,157N,50Y,28N,29E
model.000.20.pdb,model.000.22.pdb,26H,29E,50Y
model.000.20.pdb,model.000.23.pdb,129Y,156D,150D,151S,155L,152V,157N,31K,28N,154Y
model.000.20.pdb,model.000.24.pdb,No common_epitopes
model.000.20.pdb,model.000.25.pdb,46F,49G,48G,50Y,29E,47K
model.000.20.pdb,model.000.26.pdb,No common_epitopes
model.000.20.pdb,model.000.27.pdb,129Y,155L,26H,32P,50Y,48G,154Y,47K,30S,28N,156D,150D,49G,153F,33T,29E,151S,27Y,152V,157N,31K
model.000.20.pdb,model.000.28.pdb,No common_epitopes
model.000.20.pdb,model.000.29.pdb,129Y,156D,27Y,26H,157N,50Y,28N,29E,47K
model.000.21.pdb,model.000.00.pdb,No common_epitopes
model.000.21.pdb,model.000.01.pdb,No common_epitopes
model.000.21.pdb,model.000.02.pdb,21K
model.000.21.pdb,model.000.03.pdb,No common_epitopes
model.000.21.pdb,model.000.04.pdb,21K,52S
model.000.21.pdb,model.000.05.pdb,131Q,151S,150D,152V,135N,132K
model.000.21.pdb,model.000.06.pdb,129Y,188I,155L,26H,25I,154Y,163L,132K,161S,28N,23L,160P,135N,156D,150D,128V,125H,153F,24D,29E,131Q,151S,27Y,152V,127N,159L,31K,157N,158L
model.000.21.pdb,model.000.07.pdb,No common_epitopes
model.000.21.pdb,model.000.08.pdb,No common_epitopes
model.000.21.pdb,model.000.09.pdb,129Y,188I,26H,162K,50Y,154Y,25I,163L,132K,161S,28N,23L,160P,156D,22P,128V,125H,153F,24D,29E,151S,27Y,152V,127N,159L,52S,157N,31K
model.000.21.pdb,model.000.10.pdb,No common_epitopes
model.000.21.pdb,model.000.11.pdb,No common_epitopes
model.000.21.pdb,model.000.12.pdb,131Q,129Y,128V,150D,151S,127N,152V,153F,157N,31K,154Y,135N,132K
model.000.21.pdb,model.000.13.pdb,No common_epitopes
model.000.21.pdb,model.000.14.pdb,No common_epitopes
model.000.21.pdb,model.000.15.pdb,No common_epitopes
model.000.21.pdb,model.000.16.pdb,No common_epitopes
model.000.21.pdb,model.000.17.pdb,131Q,150D,151S,152V,31K,154Y,135N,132K
model.000.21.pdb,model.000.18.pdb,26H,29E,50Y,47K
model.000.21.pdb,model.000.19.pdb,No common_epitopes
model.000.21.pdb,model.000.20.pdb,No common_epitopes
model.000.21.pdb,model.000.21.pdb,129Y,26H,162K,50Y,25I,163L,30S,161S,28N,23L,160P,22P,156D,24D,29E,21K,27Y,159L,52S,157N
model.000.21.pdb,model.000.22.pdb,26H,52S,50Y,24D,25I,29E,21K
model.000.21.pdb,model.000.23.pdb,129Y,188I,155L,162K,154Y,163L,132K,161S,28N,160P,135N,156D,128V,150D,125H,151S,152V,127N,159L,31K,157N,158L
model.000.21.pdb,model.000.24.pdb,21K
model.000.21.pdb,model.000.25.pdb,29E,50Y,47K
model.000.21.pdb,model.000.26.pdb,No common_epitopes
model.000.21.pdb,model.000.27.pdb,129Y,155L,26H,50Y,25I,154Y,47K,132K,30S,28N,156D,150D,153F,29E,151S,27Y,152V,52S,31K,157N
model.000.21.pdb,model.000.28.pdb,No common_epitopes
model.000.21.pdb,model.000.29.pdb,129Y,188I,26H,162K,130F,50Y,25I,163L,47K,161S,28N,23L,160P,156D,128V,22P,125H,24D,29E,21K,27Y,127N,159L,52S,157N,158L
model.000.22.pdb,model.000.00.pdb,217N,74D,205S,207H,8N,215T,80L,224L,76G,204L,85K,209G,222Y,218Y,75Y,83V,208E,72E,71K,40K,206N,73D,175H,219R,220N,221P,216E,223K,77S
model.000.22.pdb,model.000.01.pdb,217N,205S,207H,215T,224L,5S,6P,212H,204L,85K,209G,222Y,218Y,208E,72E,71K,206N,40K,214I,175H,219R,220N,221P,216E,223K
model.000.22.pdb,model.000.02.pdb,No common_epitopes
model.000.22.pdb,model.000.03.pdb,217N,205S,207H,39G,5S,6P,212H,204L,85K,209G,222Y,218Y,75Y,208E,203S,213Y,72E,71K,40K,206N,175H,219R,220N,221P,216E,223K
model.000.22.pdb,model.000.04.pdb,No common_epitopes
model.000.22.pdb,model.000.05.pdb,213Y,202L
model.000.22.pdb,model.000.06.pdb,No common_epitopes
model.000.22.pdb,model.000.07.pdb,217N,222Y,205S,207H,218Y,175H,208E,219R,5S,220N,221P,204L,40K,223K,209G,206N
model.000.22.pdb,model.000.08.pdb,217N,205S,207H,39G,215T,5S,212H,204L,209G,222Y,218Y,208E,203S,213Y,72E,71K,40K,206N,214I,175H,219R,220N,221P,216E,223K
model.000.22.pdb,model.000.09.pdb,No common_epitopes
model.000.22.pdb,model.000.10.pdb,74D,205S,207H,39G,215T,212H,204L,85K,209G,222Y,218Y,75Y,83V,208E,203S,213Y,71K,72E,40K,206N,214I,70G,73D,219R,220N,221P,216E
model.000.22.pdb,model.000.11.pdb,217N,74D,205S,207H,8N,215T,80L,224L,6P,204L,85K,209G,222Y,218Y,75Y,83V,208E,203S,213Y,71K,72E,40K,206N,175H,219R,220N,221P,216E,223K
model.000.22.pdb,model.000.12.pdb,No common_epitopes
model.000.22.pdb,model.000.13.pdb,217N,205S,207H,39G,215T,224L,212H,204L,85K,209G,222Y,218Y,75Y,208E,203S,213Y,71K,72E,40K,206N,214I,175H,219R,220N,221P,216E,223K
model.000.22.pdb,model.000.14.pdb,No common_epitopes
model.000.22.pdb,model.000.15.pdb,217N,205S,207H,39G,224L,212H,204L,209G,222Y,218Y,202L,208E,203S,206N,40K,175H,219R,220N,221P,216E,223K
model.000.22.pdb,model.000.16.pdb,217N,74D,215T,212H,85K,209G,222Y,218Y,75Y,208E,203S,213Y,71K,72E,40K,206N,214I,73D,219R,220N,221P,216E
model.000.22.pdb,model.000.17.pdb,213Y,202L
model.000.22.pdb,model.000.18.pdb,No common_epitopes
model.000.22.pdb,model.000.19.pdb,217N,205S,207H,215T,224L,5S,6P,212H,209G,222Y,218Y,208E,203S,213Y,71K,206N,40K,175H,219R,220N,221P,216E,223K
model.000.22.pdb,model.000.20.pdb,71K,74D,70G,73D,215T,75Y,83V,216E,85K,213Y,72E,40K
model.000.22.pdb,model.000.21.pdb,No common_epitopes
model.000.22.pdb,model.000.22.pdb,No common_epitopes
model.000.22.pdb,model.000.23.pdb,No common_epitopes
model.000.22.pdb,model.000.24.pdb,224L,223K
model.000.22.pdb,model.000.25.pdb,No common_epitopes
model.000.22.pdb,model.000.26.pdb,217N,74D,205S,207H,39G,8N,215T,80L,224L,5S,212H,204L,85K,209G,222Y,218Y,75Y,83V,208E,203S,213Y,71K,72E,40K,206N,214I,175H,219R,220N,221P,216E,223K
model.000.22.pdb,model.000.27.pdb,No common_epitopes
model.000.22.pdb,model.000.28.pdb,74D,207H,8N,215T,80L,224L,76G,212H,204L,85K,209G,222Y,218Y,75Y,83V,208E,213Y,71K,72E,206N,40K,73D,175H,219R,220N,221P,216E,223K
model.000.22.pdb,model.000.29.pdb,No common_epitopes
model.000.23.pdb,model.000.00.pdb,217N,74D,207H,8N,215T,80L,224L,204L,85K,13K,10E,209G,222Y,218Y,75Y,4L,208E,83V,71K,72E,40K,206N,225N,219R,220N,221P,216E,223K
model.000.23.pdb,model.000.01.pdb,217N,207H,3Q,215T,224L,5S,6P,212H,204L,85K,209G,222Y,218Y,4L,208E,226D,71K,72E,40K,206N,225N,219R,220N,221P,216E,223K
model.000.23.pdb,model.000.02.pdb,3Q,225N,226D
model.000.23.pdb,model.000.03.pdb,217N,207H,210K,41L,5S,6P,212H,204L,85K,68Y,209G,222Y,218Y,75Y,4L,208E,203S,71K,72E,40K,206N,219R,220N,221P,216E,223K
model.000.23.pdb,model.000.04.pdb,No common_epitopes
model.000.23.pdb,model.000.05.pdb,210K
model.000.23.pdb,model.000.06.pdb,No common_epitopes
model.000.23.pdb,model.000.07.pdb,217N,222Y,218Y,207H,3Q,4L,208E,225N,219R,5S,220N,221P,204L,226D,40K,223K,209G,206N
model.000.23.pdb,model.000.08.pdb,217N,207H,210K,215T,5S,212H,204L,209G,222Y,218Y,4L,208E,203S,72E,71K,40K,206N,219R,220N,221P,216E,223K
model.000.23.pdb,model.000.09.pdb,No common_epitopes
model.000.23.pdb,model.000.10.pdb,74D,207H,210K,215T,212H,204L,85K,209G,222Y,218Y,75Y,83V,208E,203S,71K,72E,206N,40K,219R,220N,221P,216E
model.000.23.pdb,model.000.11.pdb,217N,74D,207H,8N,215T,80L,224L,6P,204L,85K,12K,13K,10E,209G,82D,222Y,218Y,75Y,4L,208E,83V,84Y,203S,226D,71K,72E,206N,40K,225N,219R,220N,221P,216E,223K
model.000.23.pdb,model.000.12.pdb,No common_epitopes
model.000.23.pdb,model.000.13.pdb,217N,207H,210K,215T,224L,212H,204L,85K,209G,222Y,218Y,75Y,208E,203S,71K,72E,206N,40K,219R,220N,221P,216E,223K
model.000.23.pdb,model.000.14.pdb,3Q,225N,226D
model.000.23.pdb,model.000.15.pdb,217N,207H,3Q,210K,41L,224L,212H,204L,68Y,209G,222Y,218Y,4L,208E,226D,203S,206N,40K,225N,219R,220N,221P,216E,223K
model.000.23.pdb,model.000.16.pdb,217N,74D,210K,215T,212H,85K,209G,222Y,218Y,75Y,208E,84Y,203S,71K,72E,40K,206N,219R,220N,221P,216E
model.000.23.pdb,model.000.17.pdb,No common_epitopes
model.000.23.pdb,model.000.18.pdb,No common_epitopes
model.000.23.pdb,model.000.19.pdb,217N,207H,3Q,210K,215T,224L,5S,6P,212H,209G,222Y,218Y,4L,208E,226D,203S,71K,206N,40K,225N,219R,220N,221P,216E,223K
model.000.23.pdb,model.000.20.pdb,82D,71K,74D,215T,75Y,83V,84Y,216E,85K,72E,40K
model.000.23.pdb,model.000.21.pdb,No common_epitopes
model.000.23.pdb,model.000.22.pdb,No common_epitopes
model.000.23.pdb,model.000.23.pdb,No common_epitopes
model.000.23.pdb,model.000.24.pdb,225N,224L,223K,226D,12K,13K,10E
model.000.23.pdb,model.000.25.pdb,No common_epitopes
model.000.23.pdb,model.000.26.pdb,217N,74D,207H,210K,8N,215T,80L,224L,5S,212H,204L,85K,13K,10E,209G,222Y,218Y,75Y,83V,208E,4L,203S,226D,72E,71K,40K,206N,225N,219R,220N,221P,216E,223K
model.000.23.pdb,model.000.27.pdb,No common_epitopes
model.000.23.pdb,model.000.28.pdb,74D,207H,8N,215T,80L,224L,212H,204L,85K,12K,13K,10E,209G,222Y,218Y,75Y,7I,4L,208E,83V,72E,71K,206N,40K,219R,220N,221P,216E,223K
model.000.23.pdb,model.000.29.pdb,No common_epitopes
model.000.24.pdb,model.000.00.pdb,217N,222Y,171T,205S,207H,174N,218Y,4L,208E,175H,219R,220N,216E,204L,209G,206N,40K
model.000.24.pdb,model.000.01.pdb,217N,205S,207H,174N,5S,212H,204L,209G,222Y,171T,218Y,4L,208E,206N,40K,175H,173I,219R,220N,216E
model.000.24.pdb,model.000.02.pdb,No common_epitopes
model.000.24.pdb,model.000.03.pdb,217N,205S,207H,174N,39G,176S,107K,36Q,210K,104E,41L,144N,38T,5S,212H,204L,68Y,209G,222Y,218Y,143A,4L,208E,66H,40K,206N,175H,43R,173I,219R,220N,216E,108K
model.000.24.pdb,model.000.04.pdb,108K
model.000.24.pdb,model.000.05.pdb,210K,146S
model.000.24.pdb,model.000.06.pdb,No common_epitopes
model.000.24.pdb,model.000.07.pdb,217N,205S,207H,176S,174N,107K,5S,204L,209G,222Y,171T,218Y,4L,208E,40K,206N,175H,173I,219R,220N,108K
model.000.24.pdb,model.000.08.pdb,217N,205S,207H,176S,174N,107K,39G,210K,5S,212H,204L,209G,222Y,171T,218Y,4L,208E,40K,206N,175H,173I,219R,220N,216E
model.000.24.pdb,model.000.09.pdb,No common_epitopes
model.000.24.pdb,model.000.10.pdb,222Y,205S,207H,218Y,39G,208E,219R,210K,220N,216E,212H,204L,209G,206N,40K
model.000.24.pdb,model.000.11.pdb,217N,222Y,205S,207H,174N,218Y,4L,208E,175H,173I,219R,220N,216E,204L,209G,206N,40K
model.000.24.pdb,model.000.12.pdb,146S
model.000.24.pdb,model.000.13.pdb,217N,205S,207H,174N,39G,176S,210K,212H,204L,209G,222Y,218Y,208E,206N,40K,175H,173I,219R,220N,216E
model.000.24.pdb,model.000.14.pdb,108K
model.000.24.pdb,model.000.15.pdb,217N,205S,207H,174N,39G,176S,107K,210K,41L,212H,204L,68Y,209G,222Y,171T,218Y,4L,208E,40K,206N,175H,173I,219R,220N,216E
model.000.24.pdb,model.000.16.pdb,217N,222Y,218Y,208E,219R,210K,220N,216E,212H,40K,209G,206N
model.000.24.pdb,model.000.17.pdb,146S,145T
model.000.24.pdb,model.000.18.pdb,108K,43R,104E
model.000.24.pdb,model.000.19.pdb,217N,205S,207H,176S,174N,107K,210K,5S,212H,209G,222Y,171T,218Y,4L,208E,206N,40K,175H,173I,219R,220N,216E
model.000.24.pdb,model.000.20.pdb,216E,40K
model.000.24.pdb,model.000.21.pdb,No common_epitopes
model.000.24.pdb,model.000.22.pdb,No common_epitopes
model.000.24.pdb,model.000.23.pdb,No common_epitopes
model.000.24.pdb,model.000.24.pdb,No common_epitopes
model.000.24.pdb,model.000.25.pdb,108K,104E
model.000.24.pdb,model.000.26.pdb,217N,205S,207H,39G,210K,5S,212H,204L,209G,222Y,171T,218Y,4L,208E,206N,40K,175H,173I,219R,220N,216E
model.000.24.pdb,model.000.27.pdb,No common_epitopes
model.000.24.pdb,model.000.28.pdb,222Y,218Y,207H,4L,208E,175H,219R,220N,216E,212H,204L,40K,209G,206N
model.000.24.pdb,model.000.29.pdb,No common_epitopes
model.000.25.pdb,model.000.00.pdb,217N,74D,205S,207H,215T,204L,209G,222Y,218Y,75Y,208E,72E,71K,40K,206N,175H,219R,220N,221P,216E
model.000.25.pdb,model.000.01.pdb,217N,205S,207H,215T,212H,204L,209G,222Y,218Y,208E,72E,71K,40K,206N,214I,175H,219R,220N,221P,216E
model.000.25.pdb,model.000.02.pdb,No common_epitopes
model.000.25.pdb,model.000.03.pdb,217N,205S,207H,39G,210K,41L,212H,204L,209G,222Y,218Y,75Y,208E,203S,213Y,72E,71K,211P,206N,40K,175H,219R,220N,221P,216E
model.000.25.pdb,model.000.04.pdb,No common_epitopes
model.000.25.pdb,model.000.05.pdb,199R,200T,210K,213Y,211P
model.000.25.pdb,model.000.06.pdb,No common_epitopes
model.000.25.pdb,model.000.07.pdb,217N,222Y,205S,207H,218Y,175H,208E,219R,220N,221P,204L,40K,209G,206N
model.000.25.pdb,model.000.08.pdb,217N,205S,207H,39G,210K,215T,212H,204L,209G,222Y,218Y,208E,203S,213Y,72E,71K,211P,40K,206N,214I,175H,219R,220N,221P,216E
model.000.25.pdb,model.000.09.pdb,No common_epitopes
model.000.25.pdb,model.000.10.pdb,74D,205S,207H,39G,210K,215T,212H,204L,209G,222Y,218Y,75Y,208E,199R,203S,213Y,71K,72E,211P,40K,206N,214I,219R,220N,221P,216E
model.000.25.pdb,model.000.11.pdb,217N,74D,205S,207H,215T,204L,209G,222Y,218Y,75Y,208E,203S,213Y,72E,71K,40K,206N,175H,219R,220N,221P,216E
model.000.25.pdb,model.000.12.pdb,No common_epitopes
model.000.25.pdb,model.000.13.pdb,217N,205S,207H,39G,200T,210K,215T,212H,204L,209G,222Y,218Y,75Y,208E,199R,203S,213Y,72E,71K,211P,206N,40K,214I,175H,219R,220N,221P,216E
model.000.25.pdb,model.000.14.pdb,No common_epitopes
model.000.25.pdb,model.000.15.pdb,217N,205S,207H,39G,210K,41L,212H,204L,209G,222Y,218Y,208E,203S,211P,40K,206N,175H,219R,220N,221P,216E
model.000.25.pdb,model.000.16.pdb,217N,74D,210K,215T,212H,209G,222Y,218Y,75Y,208E,199R,203S,213Y,72E,71K,40K,206N,214I,219R,220N,221P,216E
model.000.25.pdb,model.000.17.pdb,213Y,200T
model.000.25.pdb,model.000.18.pdb,No common_epitopes
model.000.25.pdb,model.000.19.pdb,217N,205S,207H,210K,215T,212H,209G,222Y,218Y,208E,203S,213Y,71K,40K,206N,175H,219R,220N,221P,216E
model.000.25.pdb,model.000.20.pdb,71K,74D,215T,75Y,199R,200T,216E,213Y,72E,40K
model.000.25.pdb,model.000.21.pdb,No common_epitopes
model.000.25.pdb,model.000.22.pdb,No common_epitopes
model.000.25.pdb,model.000.23.pdb,No common_epitopes
model.000.25.pdb,model.000.24.pdb,No common_epitopes
model.000.25.pdb,model.000.25.pdb,No common_epitopes
model.000.25.pdb,model.000.26.pdb,217N,74D,205S,207H,39G,210K,215T,212H,204L,209G,222Y,218Y,75Y,208E,203S,213Y,72E,71K,211P,206N,40K,214I,175H,219R,220N,221P,216E
model.000.25.pdb,model.000.27.pdb,No common_epitopes
model.000.25.pdb,model.000.28.pdb,74D,207H,215T,212H,204L,209G,222Y,218Y,75Y,208E,213Y,72E,71K,40K,206N,175H,219R,220N,221P,216E
model.000.25.pdb,model.000.29.pdb,No common_epitopes
model.000.26.pdb,model.000.00.pdb,No common_epitopes
model.000.26.pdb,model.000.01.pdb,No common_epitopes
model.000.26.pdb,model.000.02.pdb,59E
model.000.26.pdb,model.000.03.pdb,No common_epitopes
model.000.26.pdb,model.000.04.pdb,97K,100Y,59E
model.000.26.pdb,model.000.05.pdb,150D,151S,149F,152V,136Q,148P,132K
model.000.26.pdb,model.000.06.pdb,156D,150D,151S,27Y,155L,26H,149F,152V,136Q,153F,31K,157N,28N,154Y,29E,132K
model.000.26.pdb,model.000.07.pdb,No common_epitopes
model.000.26.pdb,model.000.08.pdb,No common_epitopes
model.000.26.pdb,model.000.09.pdb,156D,151S,27Y,26H,152V,153F,31K,50Y,157N,28N,154Y,29E,132K
model.000.26.pdb,model.000.10.pdb,No common_epitopes
model.000.26.pdb,model.000.11.pdb,No common_epitopes
model.000.26.pdb,model.000.12.pdb,150D,151S,149F,152V,136Q,153F,157N,31K,148P,154Y,132K
model.000.26.pdb,model.000.13.pdb,No common_epitopes
model.000.26.pdb,model.000.14.pdb,100Y
model.000.26.pdb,model.000.15.pdb,No common_epitopes
model.000.26.pdb,model.000.16.pdb,No common_epitopes
model.000.26.pdb,model.000.17.pdb,150D,151S,149F,34T,152V,136Q,31K,148P,33T,154Y,132K
model.000.26.pdb,model.000.18.pdb,149F,34T,26H,32P,97K,59E,49G,48G,50Y,61V,148P,33T,29E,100Y,47K
model.000.26.pdb,model.000.19.pdb,No common_epitopes
model.000.26.pdb,model.000.20.pdb,No common_epitopes
model.000.26.pdb,model.000.21.pdb,156D,27Y,26H,59E,30S,157N,50Y,28N,29E
model.000.26.pdb,model.000.22.pdb,26H,97K,59E,50Y,29E,100Y
model.000.26.pdb,model.000.23.pdb,156D,150D,151S,155L,152V,31K,157N,28N,154Y,132K
model.000.26.pdb,model.000.24.pdb,No common_epitopes
model.000.26.pdb,model.000.25.pdb,97K,59E,49G,48G,50Y,61V,29E,100Y,47K
model.000.26.pdb,model.000.26.pdb,No common_epitopes
model.000.26.pdb,model.000.27.pdb,155L,32P,26H,59E,48G,50Y,154Y,47K,132K,97K,30S,28N,156D,150D,49G,153F,33T,29E,151S,27Y,152V,31K,157N,61V
model.000.26.pdb,model.000.28.pdb,No common_epitopes
model.000.26.pdb,model.000.29.pdb,156D,27Y,26H,157N,50Y,28N,29E,47K
model.000.27.pdb,model.000.00.pdb,217N,74D,207H,215T,209G,222Y,218Y,75Y,208E,71K,72E,206N,40K,73D,175H,219R,220N,221P,216E
model.000.27.pdb,model.000.01.pdb,217N,207H,215T,5S,212H,209G,222Y,218Y,208E,71K,72E,206N,40K,214I,175H,219R,220N,221P,216E
model.000.27.pdb,model.000.02.pdb,No common_epitopes
model.000.27.pdb,model.000.03.pdb,217N,207H,210K,5S,212H,209G,69W,222Y,218Y,75Y,208E,203S,213Y,71K,72E,211P,206N,40K,175H,219R,220N,221P,216E
model.000.27.pdb,model.000.04.pdb,No common_epitopes
model.000.27.pdb,model.000.05.pdb,213Y,210K,199R,211P
model.000.27.pdb,model.000.06.pdb,No common_epitopes
model.000.27.pdb,model.000.07.pdb,217N,222Y,218Y,207H,175H,208E,219R,5S,220N,221P,209G,206N,40K
model.000.27.pdb,model.000.08.pdb,217N,207H,210K,215T,5S,212H,209G,222Y,218Y,208E,203S,213Y,71K,72E,211P,206N,40K,214I,175H,219R,220N,221P,216E
model.000.27.pdb,model.000.09.pdb,No common_epitopes
model.000.27.pdb,model.000.10.pdb,74D,207H,210K,215T,212H,209G,222Y,218Y,75Y,208E,199R,203S,213Y,71K,72E,211P,206N,40K,214I,70G,73D,219R,220N,221P,216E
model.000.27.pdb,model.000.11.pdb,217N,74D,207H,215T,209G,222Y,218Y,75Y,208E,203S,213Y,71K,72E,206N,40K,175H,219R,220N,221P,216E
model.000.27.pdb,model.000.12.pdb,No common_epitopes
model.000.27.pdb,model.000.13.pdb,217N,207H,210K,215T,212H,209G,222Y,218Y,75Y,208E,199R,203S,213Y,71K,72E,211P,206N,40K,214I,175H,219R,220N,221P,216E
model.000.27.pdb,model.000.14.pdb,No common_epitopes
model.000.27.pdb,model.000.15.pdb,217N,222Y,218Y,207H,175H,208E,206N,219R,210K,220N,221P,212H,216E,203S,209G,211P,40K
model.000.27.pdb,model.000.16.pdb,217N,74D,210K,215T,212H,209G,222Y,218Y,75Y,208E,199R,203S,213Y,71K,72E,206N,40K,214I,73D,219R,220N,221P,216E
model.000.27.pdb,model.000.17.pdb,213Y
model.000.27.pdb,model.000.18.pdb,No common_epitopes
model.000.27.pdb,model.000.19.pdb,217N,207H,210K,215T,5S,212H,209G,222Y,218Y,208E,203S,213Y,71K,206N,40K,175H,219R,220N,221P,216E
model.000.27.pdb,model.000.20.pdb,71K,74D,70G,73D,215T,75Y,199R,216E,213Y,72E,40K
model.000.27.pdb,model.000.21.pdb,No common_epitopes
model.000.27.pdb,model.000.22.pdb,No common_epitopes
model.000.27.pdb,model.000.23.pdb,No common_epitopes
model.000.27.pdb,model.000.24.pdb,No common_epitopes
model.000.27.pdb,model.000.25.pdb,No common_epitopes
model.000.27.pdb,model.000.26.pdb,217N,74D,207H,210K,215T,5S,212H,209G,69W,222Y,218Y,75Y,208E,203S,213Y,71K,72E,211P,40K,206N,214I,175H,219R,220N,221P,216E
model.000.27.pdb,model.000.27.pdb,No common_epitopes
model.000.27.pdb,model.000.28.pdb,74D,207H,215T,212H,209G,222Y,218Y,75Y,208E,213Y,71K,72E,206N,40K,73D,175H,219R,220N,221P,216E
model.000.27.pdb,model.000.29.pdb,No common_epitopes
